[     317ms] [LOG] [Fast Refresh] rebuilding @ http://localhost:3000/_next/static/chunks/node_modules_next_dist_115brz8._.js:2431
[    1229ms] [LOG] [Fast Refresh] done in 1016ms @ http://localhost:3000/_next/static/chunks/node_modules_next_dist_115brz8._.js:2431
[    1780ms] [INFO] %cDownload the React DevTools for a better development experience: https://react.dev/link/react-devtools font-weight:bold @ http://localhost:3000/_next/static/chunks/node_modules_next_dist_115brz8._.js:2431
[    1848ms] [LOG] [HMR] connected @ http://localhost:3000/_next/static/chunks/node_modules_next_dist_115brz8._.js:2431
[    2871ms] [WARNING] The width(-1) and height(-1) of chart should be greater than 0,
       please check the style of container, or the props width(100%) and height(100%),
       or add a minWidth(0) or minHeight(undefined) or use aspect(undefined) to control the
       height and width. @ http://localhost:3000/_next/static/chunks/node_modules_next_dist_115brz8._.js:2431
[    2872ms] [WARNING] The width(-1) and height(-1) of chart should be greater than 0,
       please check the style of container, or the props width(100%) and height(100%),
       or add a minWidth(0) or minHeight(undefined) or use aspect(undefined) to control the
       height and width. @ http://localhost:3000/_next/static/chunks/node_modules_next_dist_115brz8._.js:2431
[    2874ms] [WARNING] The width(-1) and height(-1) of chart should be greater than 0,
       please check the style of container, or the props width(100%) and height(100%),
       or add a minWidth(0) or minHeight(undefined) or use aspect(undefined) to control the
       height and width. @ http://localhost:3000/_next/static/chunks/node_modules_next_dist_115brz8._.js:2431
[    2874ms] [WARNING] The width(-1) and height(-1) of chart should be greater than 0,
       please check the style of container, or the props width(100%) and height(100%),
       or add a minWidth(0) or minHeight(undefined) or use aspect(undefined) to control the
       height and width. @ http://localhost:3000/_next/static/chunks/node_modules_next_dist_115brz8._.js:2431
[    2878ms] [WARNING] The width(-1) and height(-1) of chart should be greater than 0,
       please check the style of container, or the props width(100%) and height(100%),
       or add a minWidth(0) or minHeight(undefined) or use aspect(undefined) to control the
       height and width. @ http://localhost:3000/_next/static/chunks/node_modules_next_dist_115brz8._.js:2431
[    2879ms] [WARNING] The width(-1) and height(-1) of chart should be greater than 0,
       please check the style of container, or the props width(100%) and height(100%),
       or add a minWidth(0) or minHeight(undefined) or use aspect(undefined) to control the
       height and width. @ http://localhost:3000/_next/static/chunks/node_modules_next_dist_115brz8._.js:2431
[    2881ms] [WARNING] The width(-1) and height(-1) of chart should be greater than 0,
       please check the style of container, or the props width(100%) and height(100%),
       or add a minWidth(0) or minHeight(undefined) or use aspect(undefined) to control the
       height and width. @ http://localhost:3000/_next/static/chunks/node_modules_next_dist_115brz8._.js:2431
[    2881ms] [WARNING] The width(-1) and height(-1) of chart should be greater than 0,
       please check the style of container, or the props width(100%) and height(100%),
       or add a minWidth(0) or minHeight(undefined) or use aspect(undefined) to control the
       height and width. @ http://localhost:3000/_next/static/chunks/node_modules_next_dist_115brz8._.js:2431
[    2884ms] [WARNING] The width(-1) and height(-1) of chart should be greater than 0,
       please check the style of container, or the props width(100%) and height(100%),
       or add a minWidth(0) or minHeight(undefined) or use aspect(undefined) to control the
       height and width. @ http://localhost:3000/_next/static/chunks/node_modules_next_dist_115brz8._.js:2431
[    2884ms] [WARNING] The width(-1) and height(-1) of chart should be greater than 0,
       please check the style of container, or the props width(100%) and height(100%),
       or add a minWidth(0) or minHeight(undefined) or use aspect(undefined) to control the
       height and width. @ http://localhost:3000/_next/static/chunks/node_modules_next_dist_115brz8._.js:2431
[    2887ms] [WARNING] The width(-1) and height(-1) of chart should be greater than 0,
       please check the style of container, or the props width(100%) and height(100%),
       or add a minWidth(0) or minHeight(undefined) or use aspect(undefined) to control the
       height and width. @ http://localhost:3000/_next/static/chunks/node_modules_next_dist_115brz8._.js:2431
[    2887ms] [WARNING] The width(-1) and height(-1) of chart should be greater than 0,
       please check the style of container, or the props width(100%) and height(100%),
       or add a minWidth(0) or minHeight(undefined) or use aspect(undefined) to control the
       height and width. @ http://localhost:3000/_next/static/chunks/node_modules_next_dist_115brz8._.js:2431
[    3700ms] [INFO] Loading the script 'https://va.vercel-scripts.com/v1/script.debug.js' violates the following Content Security Policy directive: "script-src 'self' 'unsafe-inline' 'unsafe-eval'". Note that 'script-src-elem' was not explicitly set, so 'script-src' is used as a fallback. The policy is report-only, so the violation has been logged but no further action has been taken. @ http://localhost:3000/_next/static/chunks/node_modules_04laho7._.js:174
[    3755ms] [LOG] %c[Vercel Web Analytics]%c Debug mode is enabled by default in development. No requests will be sent to the server. color: rgb(120, 120, 120) color: inherit @ http://localhost:3000/_next/static/chunks/node_modules_next_dist_115brz8._.js:2431
[    3755ms] [LOG] %c[Vercel Web Analytics]%c Running queued event color: rgb(120, 120, 120) color: inherit pageview {route: /app/inventory/analytics, path: /app/inventory/analytics} @ http://localhost:3000/_next/static/chunks/node_modules_next_dist_115brz8._.js:2431
[    3756ms] [LOG] %c[Vercel Web Analytics]%c [view] http://localhost:3000/app/inventory/analytics color: rgb(120, 120, 120) color: inherit {o: http://localhost:3000/app/inventory/analytics, sv: 0.1.3, sdkn: @vercel/analytics/next, sdkv: 2.0.1, ts: 1787205607188} /_vercel/insights/view @ http://localhost:3000/_next/static/chunks/node_modules_next_dist_115brz8._.js:2431
[   87890ms] [LOG] [Fast Refresh] rebuilding @ http://localhost:3000/_next/static/chunks/node_modules_next_dist_115brz8._.js:2431
[   88000ms] [LOG] [Fast Refresh] done in 217ms @ http://localhost:3000/_next/static/chunks/node_modules_next_dist_115brz8._.js:2431
[   92061ms] [LOG] [Fast Refresh] rebuilding @ http://localhost:3000/_next/static/chunks/node_modules_next_dist_115brz8._.js:2431
[   92218ms] [LOG] [Fast Refresh] done in 261ms @ http://localhost:3000/_next/static/chunks/node_modules_next_dist_115brz8._.js:2431
[  383589ms] [LOG] [Fast Refresh] rebuilding @ http://localhost:3000/_next/static/chunks/node_modules_next_dist_115brz8._.js:2431
[  383792ms] [LOG] [Fast Refresh] done in 315ms @ http://localhost:3000/_next/static/chunks/node_modules_next_dist_115brz8._.js:2431
[  408624ms] [LOG] [Fast Refresh] rebuilding @ http://localhost:3000/_next/static/chunks/node_modules_next_dist_115brz8._.js:2431
[  408687ms] [LOG] [Fast Refresh] done in 175ms @ http://localhost:3000/_next/static/chunks/node_modules_next_dist_115brz8._.js:2431
[  435484ms] [LOG] [Fast Refresh] rebuilding @ http://localhost:3000/_next/static/chunks/node_modules_next_dist_115brz8._.js:2431
[  435802ms] [LOG] [Fast Refresh] done in 425ms @ http://localhost:3000/_next/static/chunks/node_modules_next_dist_115brz8._.js:2431
[  436850ms] [LOG] [Fast Refresh] rebuilding @ http://localhost:3000/_next/static/chunks/node_modules_next_dist_115brz8._.js:2431
[  438699ms] [LOG] [Fast Refresh] done in 1952ms @ http://localhost:3000/_next/static/chunks/node_modules_next_dist_115brz8._.js:2431
[  438912ms] [LOG] [Fast Refresh] rebuilding @ http://localhost:3000/_next/static/chunks/node_modules_next_dist_115brz8._.js:2431
[  439137ms] [LOG] [Fast Refresh] done in 330ms @ http://localhost:3000/_next/static/chunks/node_modules_next_dist_115brz8._.js:2431
[  439989ms] [LOG] [Fast Refresh] rebuilding @ http://localhost:3000/_next/static/chunks/node_modules_next_dist_115brz8._.js:2431
[  440082ms] [LOG] [Fast Refresh] done in 222ms @ http://localhost:3000/_next/static/chunks/node_modules_next_dist_115brz8._.js:2431
[  440325ms] [LOG] [Fast Refresh] rebuilding @ http://localhost:3000/_next/static/chunks/node_modules_next_dist_115brz8._.js:2431
[  440407ms] [LOG] [Fast Refresh] done in 187ms @ http://localhost:3000/_next/static/chunks/node_modules_next_dist_115brz8._.js:2431
[  442170ms] [LOG] [Fast Refresh] rebuilding @ http://localhost:3000/_next/static/chunks/node_modules_next_dist_115brz8._.js:2431
[  442393ms] [LOG] [Fast Refresh] done in 151ms @ http://localhost:3000/_next/static/chunks/node_modules_next_dist_115brz8._.js:2431
[  442500ms] [LOG] [Fast Refresh] rebuilding @ http://localhost:3000/_next/static/chunks/node_modules_next_dist_115brz8._.js:2431
[  442690ms] [LOG] [Fast Refresh] done in 292ms @ http://localhost:3000/_next/static/chunks/node_modules_next_dist_115brz8._.js:2431
[  442818ms] [LOG] [Fast Refresh] rebuilding @ http://localhost:3000/_next/static/chunks/node_modules_next_dist_115brz8._.js:2431
[  443446ms] [LOG] [Fast Refresh] done in 731ms @ http://localhost:3000/_next/static/chunks/node_modules_next_dist_115brz8._.js:2431
[  456659ms] [LOG] [Fast Refresh] rebuilding @ http://localhost:3000/_next/static/chunks/node_modules_next_dist_115brz8._.js:2431
[  460295ms] [LOG] [Fast Refresh] done in 3745ms @ http://localhost:3000/_next/static/chunks/node_modules_next_dist_115brz8._.js:2431
[  464895ms] [LOG] [Fast Refresh] rebuilding @ http://localhost:3000/_next/static/chunks/node_modules_next_dist_115brz8._.js:2431
[  465168ms] [LOG] [Fast Refresh] done in 379ms @ http://localhost:3000/_next/static/chunks/node_modules_next_dist_115brz8._.js:2431
[  467237ms] [LOG] [Fast Refresh] rebuilding @ http://localhost:3000/_next/static/chunks/node_modules_next_dist_115brz8._.js:2431
[  467529ms] [LOG] [Fast Refresh] done in 299ms @ http://localhost:3000/_next/static/chunks/node_modules_next_dist_115brz8._.js:2431
[  487042ms] [LOG] [Fast Refresh] rebuilding @ http://localhost:3000/_next/static/chunks/node_modules_next_dist_115brz8._.js:2431
[  487625ms] [LOG] [Fast Refresh] done in 690ms @ http://localhost:3000/_next/static/chunks/node_modules_next_dist_115brz8._.js:2431
[  488127ms] [LOG] [Fast Refresh] rebuilding @ http://localhost:3000/_next/static/chunks/node_modules_next_dist_115brz8._.js:2431
[  488435ms] [LOG] [Fast Refresh] done in 411ms @ http://localhost:3000/_next/static/chunks/node_modules_next_dist_115brz8._.js:2431
[  488569ms] [LOG] [Fast Refresh] rebuilding @ http://localhost:3000/_next/static/chunks/node_modules_next_dist_115brz8._.js:2431
[  488990ms] [LOG] [Fast Refresh] done in 525ms @ http://localhost:3000/_next/static/chunks/node_modules_next_dist_115brz8._.js:2431
[  489316ms] [LOG] [Fast Refresh] rebuilding @ http://localhost:3000/_next/static/chunks/node_modules_next_dist_115brz8._.js:2431
[  489348ms] [LOG] [Fast Refresh] done in 133ms @ http://localhost:3000/_next/static/chunks/node_modules_next_dist_115brz8._.js:2431
[  489452ms] [LOG] [Fast Refresh] rebuilding @ http://localhost:3000/_next/static/chunks/node_modules_next_dist_115brz8._.js:2431
[  489452ms] [LOG] [Fast Refresh] done in 103ms @ http://localhost:3000/_next/static/chunks/node_modules_next_dist_115brz8._.js:2431
[  489592ms] [LOG] [Fast Refresh] rebuilding @ http://localhost:3000/_next/static/chunks/node_modules_next_dist_115brz8._.js:2431
[  489793ms] [LOG] [Fast Refresh] done in 302ms @ http://localhost:3000/_next/static/chunks/node_modules_next_dist_115brz8._.js:2431
[  489942ms] [LOG] [Fast Refresh] rebuilding @ http://localhost:3000/_next/static/chunks/node_modules_next_dist_115brz8._.js:2431
[  490194ms] [LOG] [Fast Refresh] done in 355ms @ http://localhost:3000/_next/static/chunks/node_modules_next_dist_115brz8._.js:2431
[  490599ms] [LOG] [Fast Refresh] rebuilding @ http://localhost:3000/_next/static/chunks/node_modules_next_dist_115brz8._.js:2431
[  490796ms] [LOG] [Fast Refresh] done in 297ms @ http://localhost:3000/_next/static/chunks/node_modules_next_dist_115brz8._.js:2431
[  491681ms] [LOG] [Fast Refresh] rebuilding @ http://localhost:3000/_next/static/chunks/node_modules_next_dist_115brz8._.js:2431
[  491741ms] [LOG] [Fast Refresh] done in 404ms @ http://localhost:3000/_next/static/chunks/node_modules_next_dist_115brz8._.js:2431
[  492405ms] [LOG] [Fast Refresh] rebuilding @ http://localhost:3000/_next/static/chunks/node_modules_next_dist_115brz8._.js:2431
[  492665ms] [LOG] [Fast Refresh] done in 366ms @ http://localhost:3000/_next/static/chunks/node_modules_next_dist_115brz8._.js:2431
[  495128ms] [LOG] [Fast Refresh] rebuilding @ http://localhost:3000/_next/static/chunks/node_modules_next_dist_115brz8._.js:2431
[  495369ms] [LOG] [Fast Refresh] done in 355ms @ http://localhost:3000/_next/static/chunks/node_modules_next_dist_115brz8._.js:2431
[  512767ms] [LOG] [Fast Refresh] rebuilding @ http://localhost:3000/_next/static/chunks/node_modules_next_dist_115brz8._.js:2431
[  512893ms] [LOG] [Fast Refresh] done in 236ms @ http://localhost:3000/_next/static/chunks/node_modules_next_dist_115brz8._.js:2431
[  525038ms] [LOG] [Fast Refresh] rebuilding @ http://localhost:3000/_next/static/chunks/node_modules_next_dist_115brz8._.js:2431
[  525268ms] [LOG] [Fast Refresh] done in 331ms @ http://localhost:3000/_next/static/chunks/node_modules_next_dist_115brz8._.js:2431
[  595570ms] [LOG] [Fast Refresh] rebuilding @ http://localhost:3000/_next/static/chunks/node_modules_next_dist_115brz8._.js:2431
[  595721ms] [LOG] [Fast Refresh] done in 249ms @ http://localhost:3000/_next/static/chunks/node_modules_next_dist_115brz8._.js:2431
[  596160ms] [LOG] [Fast Refresh] rebuilding @ http://localhost:3000/_next/static/chunks/node_modules_next_dist_115brz8._.js:2431
[  596416ms] [LOG] [Fast Refresh] done in 357ms @ http://localhost:3000/_next/static/chunks/node_modules_next_dist_115brz8._.js:2431
[  596555ms] [LOG] [Fast Refresh] rebuilding @ http://localhost:3000/_next/static/chunks/node_modules_next_dist_115brz8._.js:2431
[  596758ms] [LOG] [Fast Refresh] done in 308ms @ http://localhost:3000/_next/static/chunks/node_modules_next_dist_115brz8._.js:2431
[  597181ms] [LOG] [Fast Refresh] rebuilding @ http://localhost:3000/_next/static/chunks/node_modules_next_dist_115brz8._.js:2431
[  597285ms] [LOG] [Fast Refresh] done in 211ms @ http://localhost:3000/_next/static/chunks/node_modules_next_dist_115brz8._.js:2431
[  788014ms] [LOG] [Fast Refresh] rebuilding @ http://localhost:3000/_next/static/chunks/node_modules_next_dist_115brz8._.js:2431
[  788217ms] [LOG] [Fast Refresh] done in 317ms @ http://localhost:3000/_next/static/chunks/node_modules_next_dist_115brz8._.js:2431
[  789085ms] [LOG] [Fast Refresh] rebuilding @ http://localhost:3000/_next/static/chunks/node_modules_next_dist_115brz8._.js:2431
[  789226ms] [LOG] [Fast Refresh] done in 247ms @ http://localhost:3000/_next/static/chunks/node_modules_next_dist_115brz8._.js:2431
[  799849ms] [LOG] [Fast Refresh] rebuilding @ http://localhost:3000/_next/static/chunks/node_modules_next_dist_115brz8._.js:2431
[  800325ms] [LOG] [Fast Refresh] done in 573ms @ http://localhost:3000/_next/static/chunks/node_modules_next_dist_115brz8._.js:2431
[  800352ms] [LOG] [Fast Refresh] rebuilding @ http://localhost:3000/_next/static/chunks/node_modules_next_dist_115brz8._.js:2431
[  800643ms] [LOG] [Fast Refresh] done in 313ms @ http://localhost:3000/_next/static/chunks/node_modules_next_dist_115brz8._.js:2431
[  800888ms] [LOG] [Fast Refresh] rebuilding @ http://localhost:3000/_next/static/chunks/node_modules_next_dist_115brz8._.js:2431
[  801298ms] [LOG] [Fast Refresh] done in 511ms @ http://localhost:3000/_next/static/chunks/node_modules_next_dist_115brz8._.js:2431
[  801431ms] [LOG] [Fast Refresh] rebuilding @ http://localhost:3000/_next/static/chunks/node_modules_next_dist_115brz8._.js:2431
[  801808ms] [LOG] [Fast Refresh] done in 485ms @ http://localhost:3000/_next/static/chunks/node_modules_next_dist_115brz8._.js:2431
[  801989ms] [LOG] [Fast Refresh] rebuilding @ http://localhost:3000/_next/static/chunks/node_modules_next_dist_115brz8._.js:2431
[  801993ms] [LOG] [Fast Refresh] done in 114ms @ http://localhost:3000/_next/static/chunks/node_modules_next_dist_115brz8._.js:2431
[  802197ms] [LOG] [Fast Refresh] rebuilding @ http://localhost:3000/_next/static/chunks/node_modules_next_dist_115brz8._.js:2431
[  802255ms] [LOG] [Fast Refresh] done in 162ms @ http://localhost:3000/_next/static/chunks/node_modules_next_dist_115brz8._.js:2431
[  802401ms] [LOG] [Fast Refresh] rebuilding @ http://localhost:3000/_next/static/chunks/node_modules_next_dist_115brz8._.js:2431
[  802424ms] [LOG] [Fast Refresh] done in 123ms @ http://localhost:3000/_next/static/chunks/node_modules_next_dist_115brz8._.js:2431
[  802533ms] [LOG] [Fast Refresh] rebuilding @ http://localhost:3000/_next/static/chunks/node_modules_next_dist_115brz8._.js:2431
[  802729ms] [LOG] [Fast Refresh] done in 304ms @ http://localhost:3000/_next/static/chunks/node_modules_next_dist_115brz8._.js:2431
[  802891ms] [LOG] [Fast Refresh] rebuilding @ http://localhost:3000/_next/static/chunks/node_modules_next_dist_115brz8._.js:2431
[  802930ms] [LOG] [Fast Refresh] done in 144ms @ http://localhost:3000/_next/static/chunks/node_modules_next_dist_115brz8._.js:2431
[  803032ms] [LOG] [Fast Refresh] rebuilding @ http://localhost:3000/_next/static/chunks/node_modules_next_dist_115brz8._.js:2431
[  803315ms] [LOG] [Fast Refresh] done in 384ms @ http://localhost:3000/_next/static/chunks/node_modules_next_dist_115brz8._.js:2431
[  803713ms] [LOG] [Fast Refresh] rebuilding @ http://localhost:3000/_next/static/chunks/node_modules_next_dist_115brz8._.js:2431
[  804114ms] [LOG] [Fast Refresh] done in 502ms @ http://localhost:3000/_next/static/chunks/node_modules_next_dist_115brz8._.js:2431
[  804473ms] [LOG] [Fast Refresh] rebuilding @ http://localhost:3000/_next/static/chunks/node_modules_next_dist_115brz8._.js:2431
[  804533ms] [LOG] [Fast Refresh] done in 169ms @ http://localhost:3000/_next/static/chunks/node_modules_next_dist_115brz8._.js:2431
[  804721ms] [LOG] [Fast Refresh] rebuilding @ http://localhost:3000/_next/static/chunks/node_modules_next_dist_115brz8._.js:2431
[  805577ms] [LOG] [Fast Refresh] done in 968ms @ http://localhost:3000/_next/static/chunks/node_modules_next_dist_115brz8._.js:2431
[  807181ms] [LOG] [Fast Refresh] rebuilding @ http://localhost:3000/_next/static/chunks/node_modules_next_dist_115brz8._.js:2431
[  807354ms] [LOG] [Fast Refresh] done in 282ms @ http://localhost:3000/_next/static/chunks/node_modules_next_dist_115brz8._.js:2431
[  807560ms] [LOG] [Fast Refresh] rebuilding @ http://localhost:3000/_next/static/chunks/node_modules_next_dist_115brz8._.js:2431
[  808261ms] [LOG] [Fast Refresh] done in 817ms @ http://localhost:3000/_next/static/chunks/node_modules_next_dist_115brz8._.js:2431
[  809468ms] [LOG] [Fast Refresh] rebuilding @ http://localhost:3000/_next/static/chunks/node_modules_next_dist_115brz8._.js:2431
[  810145ms] [LOG] [Fast Refresh] done in 788ms @ http://localhost:3000/_next/static/chunks/node_modules_next_dist_115brz8._.js:2431
[  810978ms] [ERROR] ./app/(app)/app/inventory/analytics/page.tsx:10:1
Module not found: Can't resolve './_components/setup-gaps-panel'
   8 | import { getDealsAnalytics } from './deals-actions';
   9 | import { DealsPanel } from './_components/deals-panel';
> 10 | import { SetupGapsPanel } from './_components/setup-gaps-panel';
     | ^^^^^^^^^^^^^^^^^^^^^^^^^^^^^^^^^^^^^^^^^^^^^^^^^^^^^^^^^^^^^^^^
  11 | import type { AlertItem } from './actions';
  12 | import { InventoryNav } from '../_components/inventory-nav';
  13 |

https://nextjs.org/docs/messages/module-not-found @ http://localhost:3000/_next/static/chunks/node_modules_next_dist_115brz8._.js:3272
[  811091ms] [LOG] [Fast Refresh] rebuilding @ http://localhost:3000/_next/static/chunks/node_modules_next_dist_115brz8._.js:2431
[  811096ms] [ERROR] ./app/(app)/app/inventory/analytics/page.tsx:10:1
Module not found: Can't resolve './_components/setup-gaps-panel'
   8 | import { getDealsAnalytics } from './deals-actions';
   9 | import { DealsPanel } from './_components/deals-panel';
> 10 | import { SetupGapsPanel } from './_components/setup-gaps-panel';
     | ^^^^^^^^^^^^^^^^^^^^^^^^^^^^^^^^^^^^^^^^^^^^^^^^^^^^^^^^^^^^^^^^
  11 | import type { AlertItem } from './actions';
  12 | import { InventoryNav } from '../_components/inventory-nav';
  13 |

https://nextjs.org/docs/messages/module-not-found @ http://localhost:3000/_next/static/chunks/node_modules_next_dist_115brz8._.js:3272
[  811098ms] [ERROR] ./app/(app)/app/inventory/analytics/page.tsx:10:1
Module not found: Can't resolve './_components/setup-gaps-panel'
   8 | import { getDealsAnalytics } from './deals-actions';
   9 | import { DealsPanel } from './_components/deals-panel';
> 10 | import { SetupGapsPanel } from './_components/setup-gaps-panel';
     | ^^^^^^^^^^^^^^^^^^^^^^^^^^^^^^^^^^^^^^^^^^^^^^^^^^^^^^^^^^^^^^^^
  11 | import type { AlertItem } from './actions';
  12 | import { InventoryNav } from '../_components/inventory-nav';
  13 |

https://nextjs.org/docs/messages/module-not-found @ http://localhost:3000/_next/static/chunks/node_modules_next_dist_115brz8._.js:3272
[  811206ms] [LOG] [Fast Refresh] rebuilding @ http://localhost:3000/_next/static/chunks/node_modules_next_dist_115brz8._.js:2431
[  811209ms] [ERROR] Failed to load resource: the server responded with a status of 500 (Internal Server Error) @ http://localhost:3000/app/inventory/analytics?_rsc=g67cq:0
[  811226ms] [ERROR] ./app/(app)/app/inventory/analytics/page.tsx:10:1
Module not found: Can't resolve './_components/setup-gaps-panel'
   8 | import { getDealsAnalytics } from './deals-actions';
   9 | import { DealsPanel } from './_components/deals-panel';
> 10 | import { SetupGapsPanel } from './_components/setup-gaps-panel';
     | ^^^^^^^^^^^^^^^^^^^^^^^^^^^^^^^^^^^^^^^^^^^^^^^^^^^^^^^^^^^^^^^^
  11 | import type { AlertItem } from './actions';
  12 | import { InventoryNav } from '../_components/inventory-nav';
  13 |

https://nextjs.org/docs/messages/module-not-found @ http://localhost:3000/_next/static/chunks/node_modules_next_dist_115brz8._.js:3272
[  811330ms] [LOG] [Fast Refresh] rebuilding @ http://localhost:3000/_next/static/chunks/node_modules_next_dist_115brz8._.js:2431
[  811363ms] [ERROR] ./app/(app)/app/inventory/analytics/page.tsx:10:1
Module not found: Can't resolve './_components/setup-gaps-panel'
   8 | import { getDealsAnalytics } from './deals-actions';
   9 | import { DealsPanel } from './_components/deals-panel';
> 10 | import { SetupGapsPanel } from './_components/setup-gaps-panel';
     | ^^^^^^^^^^^^^^^^^^^^^^^^^^^^^^^^^^^^^^^^^^^^^^^^^^^^^^^^^^^^^^^^
  11 | import type { AlertItem } from './actions';
  12 | import { InventoryNav } from '../_components/inventory-nav';
  13 |

https://nextjs.org/docs/messages/module-not-found @ http://localhost:3000/_next/static/chunks/node_modules_next_dist_115brz8._.js:3272
[  811406ms] [ERROR] ./app/(app)/app/inventory/analytics/page.tsx:10:1
Module not found: Can't resolve './_components/setup-gaps-panel'
   8 | import { getDealsAnalytics } from './deals-actions';
   9 | import { DealsPanel } from './_components/deals-panel';
> 10 | import { SetupGapsPanel } from './_components/setup-gaps-panel';
     | ^^^^^^^^^^^^^^^^^^^^^^^^^^^^^^^^^^^^^^^^^^^^^^^^^^^^^^^^^^^^^^^^
  11 | import type { AlertItem } from './actions';
  12 | import { InventoryNav } from '../_components/inventory-nav';
  13 |

https://nextjs.org/docs/messages/module-not-found @ http://localhost:3000/_next/static/chunks/node_modules_next_dist_115brz8._.js:3272
[  811449ms] [ERROR] ./app/(app)/app/inventory/analytics/page.tsx:10:1
Module not found: Can't resolve './_components/setup-gaps-panel'
   8 | import { getDealsAnalytics } from './deals-actions';
   9 | import { DealsPanel } from './_components/deals-panel';
> 10 | import { SetupGapsPanel } from './_components/setup-gaps-panel';
     | ^^^^^^^^^^^^^^^^^^^^^^^^^^^^^^^^^^^^^^^^^^^^^^^^^^^^^^^^^^^^^^^^
  11 | import type { AlertItem } from './actions';
  12 | import { InventoryNav } from '../_components/inventory-nav';
  13 |

https://nextjs.org/docs/messages/module-not-found @ http://localhost:3000/_next/static/chunks/node_modules_next_dist_115brz8._.js:3272
[  811451ms] [ERROR] Failed to load resource: the server responded with a status of 500 (Internal Server Error) @ http://localhost:3000/app/inventory/analytics?_rsc=g67cq:0
[  811453ms] [ERROR] Failed to load resource: the server responded with a status of 500 (Internal Server Error) @ http://localhost:3000/app/inventory/analytics?_rsc=g67cq:0
[  811563ms] [LOG] [Fast Refresh] rebuilding @ http://localhost:3000/_next/static/chunks/node_modules_next_dist_115brz8._.js:2431
[  811618ms] [ERROR] ./app/(app)/app/inventory/analytics/page.tsx:10:1
Module not found: Can't resolve './_components/setup-gaps-panel'
   8 | import { getDealsAnalytics } from './deals-actions';
   9 | import { DealsPanel } from './_components/deals-panel';
> 10 | import { SetupGapsPanel } from './_components/setup-gaps-panel';
     | ^^^^^^^^^^^^^^^^^^^^^^^^^^^^^^^^^^^^^^^^^^^^^^^^^^^^^^^^^^^^^^^^
  11 | import type { AlertItem } from './actions';
  12 | import { InventoryNav } from '../_components/inventory-nav';
  13 |

https://nextjs.org/docs/messages/module-not-found @ http://localhost:3000/_next/static/chunks/node_modules_next_dist_115brz8._.js:3272
[  811619ms] [ERROR] ./app/(app)/app/inventory/analytics/page.tsx:10:1
Module not found: Can't resolve './_components/setup-gaps-panel'
   8 | import { getDealsAnalytics } from './deals-actions';
   9 | import { DealsPanel } from './_components/deals-panel';
> 10 | import { SetupGapsPanel } from './_components/setup-gaps-panel';
     | ^^^^^^^^^^^^^^^^^^^^^^^^^^^^^^^^^^^^^^^^^^^^^^^^^^^^^^^^^^^^^^^^
  11 | import type { AlertItem } from './actions';
  12 | import { InventoryNav } from '../_components/inventory-nav';
  13 |

https://nextjs.org/docs/messages/module-not-found @ http://localhost:3000/_next/static/chunks/node_modules_next_dist_115brz8._.js:3272
[  811642ms] [ERROR] ./app/(app)/app/inventory/analytics/page.tsx:10:1
Module not found: Can't resolve './_components/setup-gaps-panel'
   8 | import { getDealsAnalytics } from './deals-actions';
   9 | import { DealsPanel } from './_components/deals-panel';
> 10 | import { SetupGapsPanel } from './_components/setup-gaps-panel';
     | ^^^^^^^^^^^^^^^^^^^^^^^^^^^^^^^^^^^^^^^^^^^^^^^^^^^^^^^^^^^^^^^^
  11 | import type { AlertItem } from './actions';
  12 | import { InventoryNav } from '../_components/inventory-nav';
  13 |

https://nextjs.org/docs/messages/module-not-found @ http://localhost:3000/_next/static/chunks/node_modules_next_dist_115brz8._.js:3272
[  811723ms] [ERROR] ./app/(app)/app/inventory/analytics/page.tsx:10:1
Module not found: Can't resolve './_components/setup-gaps-panel'
   8 | import { getDealsAnalytics } from './deals-actions';
   9 | import { DealsPanel } from './_components/deals-panel';
> 10 | import { SetupGapsPanel } from './_components/setup-gaps-panel';
     | ^^^^^^^^^^^^^^^^^^^^^^^^^^^^^^^^^^^^^^^^^^^^^^^^^^^^^^^^^^^^^^^^
  11 | import type { AlertItem } from './actions';
  12 | import { InventoryNav } from '../_components/inventory-nav';
  13 |

https://nextjs.org/docs/messages/module-not-found @ http://localhost:3000/_next/static/chunks/node_modules_next_dist_115brz8._.js:3272
[  811812ms] [ERROR] Failed to load resource: the server responded with a status of 500 (Internal Server Error) @ http://localhost:3000/app/inventory/analytics:0
[  812161ms] [ERROR] Refused to execute script from 'http://localhost:3000/_next/static/development/_clientMiddlewareManifest.js' because its MIME type ('application/json') is not executable, and strict MIME type checking is enabled. @ http://localhost:3000/app/inventory/analytics:0
[  812199ms] [INFO] %cDownload the React DevTools for a better development experience: https://react.dev/link/react-devtools font-weight:bold @ http://localhost:3000/_next/static/chunks/node_modules_react-dom_0bruynb._.js:15305
[  812265ms] Error: ./app/(app)/app/inventory/analytics/page.tsx:10:1
Module not found: Can't resolve './_components/setup-gaps-panel'
   8 | import { getDealsAnalytics } from './deals-actions';
   9 | import { DealsPanel } from './_components/deals-panel';
> 10 | import { SetupGapsPanel } from './_components/setup-gaps-panel';
     | ^^^^^^^^^^^^^^^^^^^^^^^^^^^^^^^^^^^^^^^^^^^^^^^^^^^^^^^^^^^^^^^^
  11 | import type { AlertItem } from './actions';
  12 | import { InventoryNav } from '../_components/inventory-nav';
  13 |



https://nextjs.org/docs/messages/module-not-found


    at <unknown> (Error: ./app/(app)/app/inventory/analytics/page.tsx:10:1)
    at <unknown> (https://nextjs.org/docs/messages/module-not-found)
    at Object.getCompilationErrors (file://C:\Users\notug\bar-app\node_modules\next\dist\server\dev\hot-reloader-turbopack.js:1186:59)
    at DevBundlerService.getCompilationError (file://C:\Users\notug\bar-app\node_modules\next\dist\server\lib\dev-bundler-service.js:44:55)
    at DevServer.getCompilationError (file://C:\Users\notug\bar-app\node_modules\next\dist\server\dev\next-dev-server.js:719:42)
    at DevServer.findPageComponents (file://C:\Users\notug\bar-app\node_modules\next\dist\server\dev\next-dev-server.js:689:43)
    at async DevServer.renderErrorToResponseImpl (file://C:\Users\notug\bar-app\node_modules\next\dist\server\base-server.js:1745:26)
[  812269ms] [LOG] [HMR] connected @ http://localhost:3000/_next/static/chunks/node_modules_next_dist_0u_w_5s._.js:1226
[  812273ms] [ERROR] ./app/(app)/app/inventory/analytics/page.tsx:10:1
Module not found: Can't resolve './_components/setup-gaps-panel'
   8 | import { getDealsAnalytics } from './deals-actions';
   9 | import { DealsPanel } from './_components/deals-panel';
> 10 | import { SetupGapsPanel } from './_components/setup-gaps-panel';
     | ^^^^^^^^^^^^^^^^^^^^^^^^^^^^^^^^^^^^^^^^^^^^^^^^^^^^^^^^^^^^^^^^
  11 | import type { AlertItem } from './actions';
  12 | import { InventoryNav } from '../_components/inventory-nav';
  13 |

https://nextjs.org/docs/messages/module-not-found @ http://localhost:3000/_next/static/chunks/node_modules_next_dist_0u_w_5s._.js:1945
[  812299ms] [ERROR] ./app/(app)/app/inventory/analytics/page.tsx:10:1
Module not found: Can't resolve './_components/setup-gaps-panel'
   8 | import { getDealsAnalytics } from './deals-actions';
   9 | import { DealsPanel } from './_components/deals-panel';
> 10 | import { SetupGapsPanel } from './_components/setup-gaps-panel';
     | ^^^^^^^^^^^^^^^^^^^^^^^^^^^^^^^^^^^^^^^^^^^^^^^^^^^^^^^^^^^^^^^^
  11 | import type { AlertItem } from './actions';
  12 | import { InventoryNav } from '../_components/inventory-nav';
  13 |

https://nextjs.org/docs/messages/module-not-found @ http://localhost:3000/_next/static/chunks/node_modules_next_dist_0u_w_5s._.js:1945
[  812400ms] [LOG] [Fast Refresh] rebuilding @ http://localhost:3000/_next/static/chunks/node_modules_next_dist_0u_w_5s._.js:1226
[  812408ms] [ERROR] ./app/(app)/app/inventory/analytics/page.tsx:10:1
Module not found: Can't resolve './_components/setup-gaps-panel'
   8 | import { getDealsAnalytics } from './deals-actions';
   9 | import { DealsPanel } from './_components/deals-panel';
> 10 | import { SetupGapsPanel } from './_components/setup-gaps-panel';
     | ^^^^^^^^^^^^^^^^^^^^^^^^^^^^^^^^^^^^^^^^^^^^^^^^^^^^^^^^^^^^^^^^
  11 | import type { AlertItem } from './actions';
  12 | import { InventoryNav } from '../_components/inventory-nav';
  13 |

https://nextjs.org/docs/messages/module-not-found @ http://localhost:3000/_next/static/chunks/node_modules_next_dist_0u_w_5s._.js:1945
[  812525ms] [LOG] [Fast Refresh] rebuilding @ http://localhost:3000/_next/static/chunks/node_modules_next_dist_0u_w_5s._.js:1226
[  812532ms] [ERROR] ./app/(app)/app/inventory/analytics/page.tsx:10:1
Module not found: Can't resolve './_components/setup-gaps-panel'
   8 | import { getDealsAnalytics } from './deals-actions';
   9 | import { DealsPanel } from './_components/deals-panel';
> 10 | import { SetupGapsPanel } from './_components/setup-gaps-panel';
     | ^^^^^^^^^^^^^^^^^^^^^^^^^^^^^^^^^^^^^^^^^^^^^^^^^^^^^^^^^^^^^^^^
  11 | import type { AlertItem } from './actions';
  12 | import { InventoryNav } from '../_components/inventory-nav';
  13 |

https://nextjs.org/docs/messages/module-not-found @ http://localhost:3000/_next/static/chunks/node_modules_next_dist_0u_w_5s._.js:1945
[  812604ms] [ERROR] ./app/(app)/app/inventory/analytics/page.tsx:10:1
Module not found: Can't resolve './_components/setup-gaps-panel'
   8 | import { getDealsAnalytics } from './deals-actions';
   9 | import { DealsPanel } from './_components/deals-panel';
> 10 | import { SetupGapsPanel } from './_components/setup-gaps-panel';
     | ^^^^^^^^^^^^^^^^^^^^^^^^^^^^^^^^^^^^^^^^^^^^^^^^^^^^^^^^^^^^^^^^
  11 | import type { AlertItem } from './actions';
  12 | import { InventoryNav } from '../_components/inventory-nav';
  13 |

https://nextjs.org/docs/messages/module-not-found @ http://localhost:3000/_next/static/chunks/node_modules_next_dist_0u_w_5s._.js:1945
[  812726ms] [LOG] [Fast Refresh] rebuilding @ http://localhost:3000/_next/static/chunks/node_modules_next_dist_0u_w_5s._.js:1226
[  812858ms] [ERROR] ./app/(app)/app/inventory/analytics/page.tsx:10:1
Module not found: Can't resolve './_components/setup-gaps-panel'
   8 | import { getDealsAnalytics } from './deals-actions';
   9 | import { DealsPanel } from './_components/deals-panel';
> 10 | import { SetupGapsPanel } from './_components/setup-gaps-panel';
     | ^^^^^^^^^^^^^^^^^^^^^^^^^^^^^^^^^^^^^^^^^^^^^^^^^^^^^^^^^^^^^^^^
  11 | import type { AlertItem } from './actions';
  12 | import { InventoryNav } from '../_components/inventory-nav';
  13 |

https://nextjs.org/docs/messages/module-not-found @ http://localhost:3000/_next/static/chunks/node_modules_next_dist_0u_w_5s._.js:1945
[  812931ms] [ERROR] ./app/(app)/app/inventory/analytics/page.tsx:10:1
Module not found: Can't resolve './_components/setup-gaps-panel'
   8 | import { getDealsAnalytics } from './deals-actions';
   9 | import { DealsPanel } from './_components/deals-panel';
> 10 | import { SetupGapsPanel } from './_components/setup-gaps-panel';
     | ^^^^^^^^^^^^^^^^^^^^^^^^^^^^^^^^^^^^^^^^^^^^^^^^^^^^^^^^^^^^^^^^
  11 | import type { AlertItem } from './actions';
  12 | import { InventoryNav } from '../_components/inventory-nav';
  13 |

https://nextjs.org/docs/messages/module-not-found @ http://localhost:3000/_next/static/chunks/node_modules_next_dist_0u_w_5s._.js:1945
[  813037ms] [LOG] [Fast Refresh] rebuilding @ http://localhost:3000/_next/static/chunks/node_modules_next_dist_0u_w_5s._.js:1226
[  813227ms] [ERROR] ./app/(app)/app/inventory/analytics/page.tsx:10:1
Module not found: Can't resolve './_components/setup-gaps-panel'
   8 | import { getDealsAnalytics } from './deals-actions';
   9 | import { DealsPanel } from './_components/deals-panel';
> 10 | import { SetupGapsPanel } from './_components/setup-gaps-panel';
     | ^^^^^^^^^^^^^^^^^^^^^^^^^^^^^^^^^^^^^^^^^^^^^^^^^^^^^^^^^^^^^^^^
  11 | import type { AlertItem } from './actions';
  12 | import { InventoryNav } from '../_components/inventory-nav';
  13 |

https://nextjs.org/docs/messages/module-not-found @ http://localhost:3000/_next/static/chunks/node_modules_next_dist_0u_w_5s._.js:1945
[  813359ms] [LOG] [Fast Refresh] rebuilding @ http://localhost:3000/_next/static/chunks/node_modules_next_dist_0u_w_5s._.js:1226
[  813379ms] [ERROR] ./app/(app)/app/inventory/analytics/page.tsx:10:1
Module not found: Can't resolve './_components/setup-gaps-panel'
   8 | import { getDealsAnalytics } from './deals-actions';
   9 | import { DealsPanel } from './_components/deals-panel';
> 10 | import { SetupGapsPanel } from './_components/setup-gaps-panel';
     | ^^^^^^^^^^^^^^^^^^^^^^^^^^^^^^^^^^^^^^^^^^^^^^^^^^^^^^^^^^^^^^^^
  11 | import type { AlertItem } from './actions';
  12 | import { InventoryNav } from '../_components/inventory-nav';
  13 |

https://nextjs.org/docs/messages/module-not-found @ http://localhost:3000/_next/static/chunks/node_modules_next_dist_0u_w_5s._.js:1945
[  813472ms] [ERROR] ./app/(app)/app/inventory/analytics/page.tsx:10:1
Module not found: Can't resolve './_components/setup-gaps-panel'
   8 | import { getDealsAnalytics } from './deals-actions';
   9 | import { DealsPanel } from './_components/deals-panel';
> 10 | import { SetupGapsPanel } from './_components/setup-gaps-panel';
     | ^^^^^^^^^^^^^^^^^^^^^^^^^^^^^^^^^^^^^^^^^^^^^^^^^^^^^^^^^^^^^^^^
  11 | import type { AlertItem } from './actions';
  12 | import { InventoryNav } from '../_components/inventory-nav';
  13 |

https://nextjs.org/docs/messages/module-not-found @ http://localhost:3000/_next/static/chunks/node_modules_next_dist_0u_w_5s._.js:1945
[  813486ms] [LOG] [Fast Refresh] rebuilding @ http://localhost:3000/_next/static/chunks/node_modules_next_dist_0u_w_5s._.js:1226
[  813595ms] [LOG] [Fast Refresh] rebuilding @ http://localhost:3000/_next/static/chunks/node_modules_next_dist_0u_w_5s._.js:1226
[  813694ms] [ERROR] ./app/(app)/app/inventory/analytics/page.tsx:10:1
Module not found: Can't resolve './_components/setup-gaps-panel'
   8 | import { getDealsAnalytics } from './deals-actions';
   9 | import { DealsPanel } from './_components/deals-panel';
> 10 | import { SetupGapsPanel } from './_components/setup-gaps-panel';
     | ^^^^^^^^^^^^^^^^^^^^^^^^^^^^^^^^^^^^^^^^^^^^^^^^^^^^^^^^^^^^^^^^
  11 | import type { AlertItem } from './actions';
  12 | import { InventoryNav } from '../_components/inventory-nav';
  13 |

https://nextjs.org/docs/messages/module-not-found @ http://localhost:3000/_next/static/chunks/node_modules_next_dist_0u_w_5s._.js:1945
[  813780ms] [ERROR] ./app/(app)/app/inventory/analytics/page.tsx:10:1
Module not found: Can't resolve './_components/setup-gaps-panel'
   8 | import { getDealsAnalytics } from './deals-actions';
   9 | import { DealsPanel } from './_components/deals-panel';
> 10 | import { SetupGapsPanel } from './_components/setup-gaps-panel';
     | ^^^^^^^^^^^^^^^^^^^^^^^^^^^^^^^^^^^^^^^^^^^^^^^^^^^^^^^^^^^^^^^^
  11 | import type { AlertItem } from './actions';
  12 | import { InventoryNav } from '../_components/inventory-nav';
  13 |

https://nextjs.org/docs/messages/module-not-found @ http://localhost:3000/_next/static/chunks/node_modules_next_dist_0u_w_5s._.js:1945
[  813890ms] [LOG] [Fast Refresh] rebuilding @ http://localhost:3000/_next/static/chunks/node_modules_next_dist_0u_w_5s._.js:1226
[  814208ms] [ERROR] ./app/(app)/app/inventory/analytics/page.tsx:10:1
Module not found: Can't resolve './_components/setup-gaps-panel'
   8 | import { getDealsAnalytics } from './deals-actions';
   9 | import { DealsPanel } from './_components/deals-panel';
> 10 | import { SetupGapsPanel } from './_components/setup-gaps-panel';
     | ^^^^^^^^^^^^^^^^^^^^^^^^^^^^^^^^^^^^^^^^^^^^^^^^^^^^^^^^^^^^^^^^
  11 | import type { AlertItem } from './actions';
  12 | import { InventoryNav } from '../_components/inventory-nav';
  13 |

https://nextjs.org/docs/messages/module-not-found @ http://localhost:3000/_next/static/chunks/node_modules_next_dist_0u_w_5s._.js:1945
[  814324ms] [LOG] [Fast Refresh] rebuilding @ http://localhost:3000/_next/static/chunks/node_modules_next_dist_0u_w_5s._.js:1226
[  814333ms] [ERROR] ./app/(app)/app/inventory/analytics/page.tsx:10:1
Module not found: Can't resolve './_components/setup-gaps-panel'
   8 | import { getDealsAnalytics } from './deals-actions';
   9 | import { DealsPanel } from './_components/deals-panel';
> 10 | import { SetupGapsPanel } from './_components/setup-gaps-panel';
     | ^^^^^^^^^^^^^^^^^^^^^^^^^^^^^^^^^^^^^^^^^^^^^^^^^^^^^^^^^^^^^^^^
  11 | import type { AlertItem } from './actions';
  12 | import { InventoryNav } from '../_components/inventory-nav';
  13 |

https://nextjs.org/docs/messages/module-not-found @ http://localhost:3000/_next/static/chunks/node_modules_next_dist_0u_w_5s._.js:1945
[  814404ms] [ERROR] ./app/(app)/app/inventory/analytics/page.tsx:10:1
Module not found: Can't resolve './_components/setup-gaps-panel'
   8 | import { getDealsAnalytics } from './deals-actions';
   9 | import { DealsPanel } from './_components/deals-panel';
> 10 | import { SetupGapsPanel } from './_components/setup-gaps-panel';
     | ^^^^^^^^^^^^^^^^^^^^^^^^^^^^^^^^^^^^^^^^^^^^^^^^^^^^^^^^^^^^^^^^
  11 | import type { AlertItem } from './actions';
  12 | import { InventoryNav } from '../_components/inventory-nav';
  13 |

https://nextjs.org/docs/messages/module-not-found @ http://localhost:3000/_next/static/chunks/node_modules_next_dist_0u_w_5s._.js:1945
[  814526ms] [LOG] [Fast Refresh] rebuilding @ http://localhost:3000/_next/static/chunks/node_modules_next_dist_0u_w_5s._.js:1226
[  814598ms] [ERROR] ./app/(app)/app/inventory/analytics/page.tsx:10:1
Module not found: Can't resolve './_components/setup-gaps-panel'
   8 | import { getDealsAnalytics } from './deals-actions';
   9 | import { DealsPanel } from './_components/deals-panel';
> 10 | import { SetupGapsPanel } from './_components/setup-gaps-panel';
     | ^^^^^^^^^^^^^^^^^^^^^^^^^^^^^^^^^^^^^^^^^^^^^^^^^^^^^^^^^^^^^^^^
  11 | import type { AlertItem } from './actions';
  12 | import { InventoryNav } from '../_components/inventory-nav';
  13 |

https://nextjs.org/docs/messages/module-not-found @ http://localhost:3000/_next/static/chunks/node_modules_next_dist_0u_w_5s._.js:1945
[  814713ms] [LOG] [Fast Refresh] rebuilding @ http://localhost:3000/_next/static/chunks/node_modules_next_dist_0u_w_5s._.js:1226
[  814736ms] [ERROR] ./app/(app)/app/inventory/analytics/page.tsx:10:1
Module not found: Can't resolve './_components/setup-gaps-panel'
   8 | import { getDealsAnalytics } from './deals-actions';
   9 | import { DealsPanel } from './_components/deals-panel';
> 10 | import { SetupGapsPanel } from './_components/setup-gaps-panel';
     | ^^^^^^^^^^^^^^^^^^^^^^^^^^^^^^^^^^^^^^^^^^^^^^^^^^^^^^^^^^^^^^^^
  11 | import type { AlertItem } from './actions';
  12 | import { InventoryNav } from '../_components/inventory-nav';
  13 |

https://nextjs.org/docs/messages/module-not-found @ http://localhost:3000/_next/static/chunks/node_modules_next_dist_0u_w_5s._.js:1945
[  814847ms] [LOG] [Fast Refresh] rebuilding @ http://localhost:3000/_next/static/chunks/node_modules_next_dist_0u_w_5s._.js:1226
[  815047ms] [ERROR] ./app/(app)/app/inventory/analytics/page.tsx:10:1
Module not found: Can't resolve './_components/setup-gaps-panel'
   8 | import { getDealsAnalytics } from './deals-actions';
   9 | import { DealsPanel } from './_components/deals-panel';
> 10 | import { SetupGapsPanel } from './_components/setup-gaps-panel';
     | ^^^^^^^^^^^^^^^^^^^^^^^^^^^^^^^^^^^^^^^^^^^^^^^^^^^^^^^^^^^^^^^^
  11 | import type { AlertItem } from './actions';
  12 | import { InventoryNav } from '../_components/inventory-nav';
  13 |

https://nextjs.org/docs/messages/module-not-found @ http://localhost:3000/_next/static/chunks/node_modules_next_dist_0u_w_5s._.js:1945
[  815138ms] [ERROR] ./app/(app)/app/inventory/analytics/page.tsx:10:1
Module not found: Can't resolve './_components/setup-gaps-panel'
   8 | import { getDealsAnalytics } from './deals-actions';
   9 | import { DealsPanel } from './_components/deals-panel';
> 10 | import { SetupGapsPanel } from './_components/setup-gaps-panel';
     | ^^^^^^^^^^^^^^^^^^^^^^^^^^^^^^^^^^^^^^^^^^^^^^^^^^^^^^^^^^^^^^^^
  11 | import type { AlertItem } from './actions';
  12 | import { InventoryNav } from '../_components/inventory-nav';
  13 |

https://nextjs.org/docs/messages/module-not-found @ http://localhost:3000/_next/static/chunks/node_modules_next_dist_0u_w_5s._.js:1945
[  815253ms] [LOG] [Fast Refresh] rebuilding @ http://localhost:3000/_next/static/chunks/node_modules_next_dist_0u_w_5s._.js:1226
[  815350ms] [ERROR] ./app/(app)/app/inventory/analytics/page.tsx:10:1
Module not found: Can't resolve './_components/setup-gaps-panel'
   8 | import { getDealsAnalytics } from './deals-actions';
   9 | import { DealsPanel } from './_components/deals-panel';
> 10 | import { SetupGapsPanel } from './_components/setup-gaps-panel';
     | ^^^^^^^^^^^^^^^^^^^^^^^^^^^^^^^^^^^^^^^^^^^^^^^^^^^^^^^^^^^^^^^^
  11 | import type { AlertItem } from './actions';
  12 | import { InventoryNav } from '../_components/inventory-nav';
  13 |

https://nextjs.org/docs/messages/module-not-found @ http://localhost:3000/_next/static/chunks/node_modules_next_dist_0u_w_5s._.js:1945
[  815427ms] [ERROR] ./app/(app)/app/inventory/analytics/page.tsx:10:1
Module not found: Can't resolve './_components/setup-gaps-panel'
   8 | import { getDealsAnalytics } from './deals-actions';
   9 | import { DealsPanel } from './_components/deals-panel';
> 10 | import { SetupGapsPanel } from './_components/setup-gaps-panel';
     | ^^^^^^^^^^^^^^^^^^^^^^^^^^^^^^^^^^^^^^^^^^^^^^^^^^^^^^^^^^^^^^^^
  11 | import type { AlertItem } from './actions';
  12 | import { InventoryNav } from '../_components/inventory-nav';
  13 |

https://nextjs.org/docs/messages/module-not-found @ http://localhost:3000/_next/static/chunks/node_modules_next_dist_0u_w_5s._.js:1945
[  815505ms] [ERROR] ./app/(app)/app/inventory/analytics/page.tsx:10:1
Module not found: Can't resolve './_components/setup-gaps-panel'
   8 | import { getDealsAnalytics } from './deals-actions';
   9 | import { DealsPanel } from './_components/deals-panel';
> 10 | import { SetupGapsPanel } from './_components/setup-gaps-panel';
     | ^^^^^^^^^^^^^^^^^^^^^^^^^^^^^^^^^^^^^^^^^^^^^^^^^^^^^^^^^^^^^^^^
  11 | import type { AlertItem } from './actions';
  12 | import { InventoryNav } from '../_components/inventory-nav';
  13 |

https://nextjs.org/docs/messages/module-not-found @ http://localhost:3000/_next/static/chunks/node_modules_next_dist_0u_w_5s._.js:1945
[  815615ms] [ERROR] ./app/(app)/app/inventory/analytics/page.tsx:10:1
Module not found: Can't resolve './_components/setup-gaps-panel'
   8 | import { getDealsAnalytics } from './deals-actions';
   9 | import { DealsPanel } from './_components/deals-panel';
> 10 | import { SetupGapsPanel } from './_components/setup-gaps-panel';
     | ^^^^^^^^^^^^^^^^^^^^^^^^^^^^^^^^^^^^^^^^^^^^^^^^^^^^^^^^^^^^^^^^
  11 | import type { AlertItem } from './actions';
  12 | import { InventoryNav } from '../_components/inventory-nav';
  13 |

https://nextjs.org/docs/messages/module-not-found @ http://localhost:3000/_next/static/chunks/node_modules_next_dist_0u_w_5s._.js:1945
[  815690ms] [ERROR] ./app/(app)/app/inventory/analytics/page.tsx:10:1
Module not found: Can't resolve './_components/setup-gaps-panel'
   8 | import { getDealsAnalytics } from './deals-actions';
   9 | import { DealsPanel } from './_components/deals-panel';
> 10 | import { SetupGapsPanel } from './_components/setup-gaps-panel';
     | ^^^^^^^^^^^^^^^^^^^^^^^^^^^^^^^^^^^^^^^^^^^^^^^^^^^^^^^^^^^^^^^^
  11 | import type { AlertItem } from './actions';
  12 | import { InventoryNav } from '../_components/inventory-nav';
  13 |

https://nextjs.org/docs/messages/module-not-found @ http://localhost:3000/_next/static/chunks/node_modules_next_dist_0u_w_5s._.js:1945
[  815753ms] [ERROR] ./app/(app)/app/inventory/analytics/page.tsx:10:1
Module not found: Can't resolve './_components/setup-gaps-panel'
   8 | import { getDealsAnalytics } from './deals-actions';
   9 | import { DealsPanel } from './_components/deals-panel';
> 10 | import { SetupGapsPanel } from './_components/setup-gaps-panel';
     | ^^^^^^^^^^^^^^^^^^^^^^^^^^^^^^^^^^^^^^^^^^^^^^^^^^^^^^^^^^^^^^^^
  11 | import type { AlertItem } from './actions';
  12 | import { InventoryNav } from '../_components/inventory-nav';
  13 |

https://nextjs.org/docs/messages/module-not-found @ http://localhost:3000/_next/static/chunks/node_modules_next_dist_0u_w_5s._.js:1945
[  815876ms] [LOG] [Fast Refresh] rebuilding @ http://localhost:3000/_next/static/chunks/node_modules_next_dist_0u_w_5s._.js:1226
[  815897ms] [ERROR] ./app/(app)/app/inventory/analytics/page.tsx:10:1
Module not found: Can't resolve './_components/setup-gaps-panel'
   8 | import { getDealsAnalytics } from './deals-actions';
   9 | import { DealsPanel } from './_components/deals-panel';
> 10 | import { SetupGapsPanel } from './_components/setup-gaps-panel';
     | ^^^^^^^^^^^^^^^^^^^^^^^^^^^^^^^^^^^^^^^^^^^^^^^^^^^^^^^^^^^^^^^^
  11 | import type { AlertItem } from './actions';
  12 | import { InventoryNav } from '../_components/inventory-nav';
  13 |

https://nextjs.org/docs/messages/module-not-found @ http://localhost:3000/_next/static/chunks/node_modules_next_dist_0u_w_5s._.js:1945
[  815987ms] [ERROR] ./app/(app)/app/inventory/analytics/page.tsx:10:1
Module not found: Can't resolve './_components/setup-gaps-panel'
   8 | import { getDealsAnalytics } from './deals-actions';
   9 | import { DealsPanel } from './_components/deals-panel';
> 10 | import { SetupGapsPanel } from './_components/setup-gaps-panel';
     | ^^^^^^^^^^^^^^^^^^^^^^^^^^^^^^^^^^^^^^^^^^^^^^^^^^^^^^^^^^^^^^^^
  11 | import type { AlertItem } from './actions';
  12 | import { InventoryNav } from '../_components/inventory-nav';
  13 |

https://nextjs.org/docs/messages/module-not-found @ http://localhost:3000/_next/static/chunks/node_modules_next_dist_0u_w_5s._.js:1945
[  816079ms] [ERROR] ./app/(app)/app/inventory/analytics/page.tsx:10:1
Module not found: Can't resolve './_components/setup-gaps-panel'
   8 | import { getDealsAnalytics } from './deals-actions';
   9 | import { DealsPanel } from './_components/deals-panel';
> 10 | import { SetupGapsPanel } from './_components/setup-gaps-panel';
     | ^^^^^^^^^^^^^^^^^^^^^^^^^^^^^^^^^^^^^^^^^^^^^^^^^^^^^^^^^^^^^^^^
  11 | import type { AlertItem } from './actions';
  12 | import { InventoryNav } from '../_components/inventory-nav';
  13 |

https://nextjs.org/docs/messages/module-not-found @ http://localhost:3000/_next/static/chunks/node_modules_next_dist_0u_w_5s._.js:1945
[  816143ms] [ERROR] ./app/(app)/app/inventory/analytics/page.tsx:10:1
Module not found: Can't resolve './_components/setup-gaps-panel'
   8 | import { getDealsAnalytics } from './deals-actions';
   9 | import { DealsPanel } from './_components/deals-panel';
> 10 | import { SetupGapsPanel } from './_components/setup-gaps-panel';
     | ^^^^^^^^^^^^^^^^^^^^^^^^^^^^^^^^^^^^^^^^^^^^^^^^^^^^^^^^^^^^^^^^
  11 | import type { AlertItem } from './actions';
  12 | import { InventoryNav } from '../_components/inventory-nav';
  13 |

https://nextjs.org/docs/messages/module-not-found @ http://localhost:3000/_next/static/chunks/node_modules_next_dist_0u_w_5s._.js:1945
[  816218ms] [ERROR] ./app/(app)/app/inventory/analytics/page.tsx:10:1
Module not found: Can't resolve './_components/setup-gaps-panel'
   8 | import { getDealsAnalytics } from './deals-actions';
   9 | import { DealsPanel } from './_components/deals-panel';
> 10 | import { SetupGapsPanel } from './_components/setup-gaps-panel';
     | ^^^^^^^^^^^^^^^^^^^^^^^^^^^^^^^^^^^^^^^^^^^^^^^^^^^^^^^^^^^^^^^^
  11 | import type { AlertItem } from './actions';
  12 | import { InventoryNav } from '../_components/inventory-nav';
  13 |

https://nextjs.org/docs/messages/module-not-found @ http://localhost:3000/_next/static/chunks/node_modules_next_dist_0u_w_5s._.js:1945
[  816281ms] [ERROR] ./app/(app)/app/inventory/analytics/page.tsx:10:1
Module not found: Can't resolve './_components/setup-gaps-panel'
   8 | import { getDealsAnalytics } from './deals-actions';
   9 | import { DealsPanel } from './_components/deals-panel';
> 10 | import { SetupGapsPanel } from './_components/setup-gaps-panel';
     | ^^^^^^^^^^^^^^^^^^^^^^^^^^^^^^^^^^^^^^^^^^^^^^^^^^^^^^^^^^^^^^^^
  11 | import type { AlertItem } from './actions';
  12 | import { InventoryNav } from '../_components/inventory-nav';
  13 |

https://nextjs.org/docs/messages/module-not-found @ http://localhost:3000/_next/static/chunks/node_modules_next_dist_0u_w_5s._.js:1945
[  816342ms] [ERROR] ./app/(app)/app/inventory/analytics/page.tsx:10:1
Module not found: Can't resolve './_components/setup-gaps-panel'
   8 | import { getDealsAnalytics } from './deals-actions';
   9 | import { DealsPanel } from './_components/deals-panel';
> 10 | import { SetupGapsPanel } from './_components/setup-gaps-panel';
     | ^^^^^^^^^^^^^^^^^^^^^^^^^^^^^^^^^^^^^^^^^^^^^^^^^^^^^^^^^^^^^^^^
  11 | import type { AlertItem } from './actions';
  12 | import { InventoryNav } from '../_components/inventory-nav';
  13 |

https://nextjs.org/docs/messages/module-not-found @ http://localhost:3000/_next/static/chunks/node_modules_next_dist_0u_w_5s._.js:1945
[  816405ms] [ERROR] ./app/(app)/app/inventory/analytics/page.tsx:10:1
Module not found: Can't resolve './_components/setup-gaps-panel'
   8 | import { getDealsAnalytics } from './deals-actions';
   9 | import { DealsPanel } from './_components/deals-panel';
> 10 | import { SetupGapsPanel } from './_components/setup-gaps-panel';
     | ^^^^^^^^^^^^^^^^^^^^^^^^^^^^^^^^^^^^^^^^^^^^^^^^^^^^^^^^^^^^^^^^
  11 | import type { AlertItem } from './actions';
  12 | import { InventoryNav } from '../_components/inventory-nav';
  13 |

https://nextjs.org/docs/messages/module-not-found @ http://localhost:3000/_next/static/chunks/node_modules_next_dist_0u_w_5s._.js:1945
[  816468ms] [ERROR] ./app/(app)/app/inventory/analytics/page.tsx:10:1
Module not found: Can't resolve './_components/setup-gaps-panel'
   8 | import { getDealsAnalytics } from './deals-actions';
   9 | import { DealsPanel } from './_components/deals-panel';
> 10 | import { SetupGapsPanel } from './_components/setup-gaps-panel';
     | ^^^^^^^^^^^^^^^^^^^^^^^^^^^^^^^^^^^^^^^^^^^^^^^^^^^^^^^^^^^^^^^^
  11 | import type { AlertItem } from './actions';
  12 | import { InventoryNav } from '../_components/inventory-nav';
  13 |

https://nextjs.org/docs/messages/module-not-found @ http://localhost:3000/_next/static/chunks/node_modules_next_dist_0u_w_5s._.js:1945
[  816544ms] [ERROR] ./app/(app)/app/inventory/analytics/page.tsx:10:1
Module not found: Can't resolve './_components/setup-gaps-panel'
   8 | import { getDealsAnalytics } from './deals-actions';
   9 | import { DealsPanel } from './_components/deals-panel';
> 10 | import { SetupGapsPanel } from './_components/setup-gaps-panel';
     | ^^^^^^^^^^^^^^^^^^^^^^^^^^^^^^^^^^^^^^^^^^^^^^^^^^^^^^^^^^^^^^^^
  11 | import type { AlertItem } from './actions';
  12 | import { InventoryNav } from '../_components/inventory-nav';
  13 |

https://nextjs.org/docs/messages/module-not-found @ http://localhost:3000/_next/static/chunks/node_modules_next_dist_0u_w_5s._.js:1945
[  816606ms] [ERROR] ./app/(app)/app/inventory/analytics/page.tsx:10:1
Module not found: Can't resolve './_components/setup-gaps-panel'
   8 | import { getDealsAnalytics } from './deals-actions';
   9 | import { DealsPanel } from './_components/deals-panel';
> 10 | import { SetupGapsPanel } from './_components/setup-gaps-panel';
     | ^^^^^^^^^^^^^^^^^^^^^^^^^^^^^^^^^^^^^^^^^^^^^^^^^^^^^^^^^^^^^^^^
  11 | import type { AlertItem } from './actions';
  12 | import { InventoryNav } from '../_components/inventory-nav';
  13 |

https://nextjs.org/docs/messages/module-not-found @ http://localhost:3000/_next/static/chunks/node_modules_next_dist_0u_w_5s._.js:1945
[  816668ms] [ERROR] ./app/(app)/app/inventory/analytics/page.tsx:10:1
Module not found: Can't resolve './_components/setup-gaps-panel'
   8 | import { getDealsAnalytics } from './deals-actions';
   9 | import { DealsPanel } from './_components/deals-panel';
> 10 | import { SetupGapsPanel } from './_components/setup-gaps-panel';
     | ^^^^^^^^^^^^^^^^^^^^^^^^^^^^^^^^^^^^^^^^^^^^^^^^^^^^^^^^^^^^^^^^
  11 | import type { AlertItem } from './actions';
  12 | import { InventoryNav } from '../_components/inventory-nav';
  13 |

https://nextjs.org/docs/messages/module-not-found @ http://localhost:3000/_next/static/chunks/node_modules_next_dist_0u_w_5s._.js:1945
[  816734ms] [ERROR] ./app/(app)/app/inventory/analytics/page.tsx:10:1
Module not found: Can't resolve './_components/setup-gaps-panel'
   8 | import { getDealsAnalytics } from './deals-actions';
   9 | import { DealsPanel } from './_components/deals-panel';
> 10 | import { SetupGapsPanel } from './_components/setup-gaps-panel';
     | ^^^^^^^^^^^^^^^^^^^^^^^^^^^^^^^^^^^^^^^^^^^^^^^^^^^^^^^^^^^^^^^^
  11 | import type { AlertItem } from './actions';
  12 | import { InventoryNav } from '../_components/inventory-nav';
  13 |

https://nextjs.org/docs/messages/module-not-found @ http://localhost:3000/_next/static/chunks/node_modules_next_dist_0u_w_5s._.js:1945
[  816792ms] [ERROR] ./app/(app)/app/inventory/analytics/page.tsx:10:1
Module not found: Can't resolve './_components/setup-gaps-panel'
   8 | import { getDealsAnalytics } from './deals-actions';
   9 | import { DealsPanel } from './_components/deals-panel';
> 10 | import { SetupGapsPanel } from './_components/setup-gaps-panel';
     | ^^^^^^^^^^^^^^^^^^^^^^^^^^^^^^^^^^^^^^^^^^^^^^^^^^^^^^^^^^^^^^^^
  11 | import type { AlertItem } from './actions';
  12 | import { InventoryNav } from '../_components/inventory-nav';
  13 |

https://nextjs.org/docs/messages/module-not-found @ http://localhost:3000/_next/static/chunks/node_modules_next_dist_0u_w_5s._.js:1945
[  816854ms] [ERROR] ./app/(app)/app/inventory/analytics/page.tsx:10:1
Module not found: Can't resolve './_components/setup-gaps-panel'
   8 | import { getDealsAnalytics } from './deals-actions';
   9 | import { DealsPanel } from './_components/deals-panel';
> 10 | import { SetupGapsPanel } from './_components/setup-gaps-panel';
     | ^^^^^^^^^^^^^^^^^^^^^^^^^^^^^^^^^^^^^^^^^^^^^^^^^^^^^^^^^^^^^^^^
  11 | import type { AlertItem } from './actions';
  12 | import { InventoryNav } from '../_components/inventory-nav';
  13 |

https://nextjs.org/docs/messages/module-not-found @ http://localhost:3000/_next/static/chunks/node_modules_next_dist_0u_w_5s._.js:1945
[  816916ms] [ERROR] ./app/(app)/app/inventory/analytics/page.tsx:10:1
Module not found: Can't resolve './_components/setup-gaps-panel'
   8 | import { getDealsAnalytics } from './deals-actions';
   9 | import { DealsPanel } from './_components/deals-panel';
> 10 | import { SetupGapsPanel } from './_components/setup-gaps-panel';
     | ^^^^^^^^^^^^^^^^^^^^^^^^^^^^^^^^^^^^^^^^^^^^^^^^^^^^^^^^^^^^^^^^
  11 | import type { AlertItem } from './actions';
  12 | import { InventoryNav } from '../_components/inventory-nav';
  13 |

https://nextjs.org/docs/messages/module-not-found @ http://localhost:3000/_next/static/chunks/node_modules_next_dist_0u_w_5s._.js:1945
[  816979ms] [ERROR] ./app/(app)/app/inventory/analytics/page.tsx:10:1
Module not found: Can't resolve './_components/setup-gaps-panel'
   8 | import { getDealsAnalytics } from './deals-actions';
   9 | import { DealsPanel } from './_components/deals-panel';
> 10 | import { SetupGapsPanel } from './_components/setup-gaps-panel';
     | ^^^^^^^^^^^^^^^^^^^^^^^^^^^^^^^^^^^^^^^^^^^^^^^^^^^^^^^^^^^^^^^^
  11 | import type { AlertItem } from './actions';
  12 | import { InventoryNav } from '../_components/inventory-nav';
  13 |

https://nextjs.org/docs/messages/module-not-found @ http://localhost:3000/_next/static/chunks/node_modules_next_dist_0u_w_5s._.js:1945
[  817040ms] [ERROR] ./app/(app)/app/inventory/analytics/page.tsx:10:1
Module not found: Can't resolve './_components/setup-gaps-panel'
   8 | import { getDealsAnalytics } from './deals-actions';
   9 | import { DealsPanel } from './_components/deals-panel';
> 10 | import { SetupGapsPanel } from './_components/setup-gaps-panel';
     | ^^^^^^^^^^^^^^^^^^^^^^^^^^^^^^^^^^^^^^^^^^^^^^^^^^^^^^^^^^^^^^^^
  11 | import type { AlertItem } from './actions';
  12 | import { InventoryNav } from '../_components/inventory-nav';
  13 |

https://nextjs.org/docs/messages/module-not-found @ http://localhost:3000/_next/static/chunks/node_modules_next_dist_0u_w_5s._.js:1945
[  817102ms] [ERROR] ./app/(app)/app/inventory/analytics/page.tsx:10:1
Module not found: Can't resolve './_components/setup-gaps-panel'
   8 | import { getDealsAnalytics } from './deals-actions';
   9 | import { DealsPanel } from './_components/deals-panel';
> 10 | import { SetupGapsPanel } from './_components/setup-gaps-panel';
     | ^^^^^^^^^^^^^^^^^^^^^^^^^^^^^^^^^^^^^^^^^^^^^^^^^^^^^^^^^^^^^^^^
  11 | import type { AlertItem } from './actions';
  12 | import { InventoryNav } from '../_components/inventory-nav';
  13 |

https://nextjs.org/docs/messages/module-not-found @ http://localhost:3000/_next/static/chunks/node_modules_next_dist_0u_w_5s._.js:1945
[  817164ms] [ERROR] ./app/(app)/app/inventory/analytics/page.tsx:10:1
Module not found: Can't resolve './_components/setup-gaps-panel'
   8 | import { getDealsAnalytics } from './deals-actions';
   9 | import { DealsPanel } from './_components/deals-panel';
> 10 | import { SetupGapsPanel } from './_components/setup-gaps-panel';
     | ^^^^^^^^^^^^^^^^^^^^^^^^^^^^^^^^^^^^^^^^^^^^^^^^^^^^^^^^^^^^^^^^
  11 | import type { AlertItem } from './actions';
  12 | import { InventoryNav } from '../_components/inventory-nav';
  13 |

https://nextjs.org/docs/messages/module-not-found @ http://localhost:3000/_next/static/chunks/node_modules_next_dist_0u_w_5s._.js:1945
[  817226ms] [ERROR] ./app/(app)/app/inventory/analytics/page.tsx:10:1
Module not found: Can't resolve './_components/setup-gaps-panel'
   8 | import { getDealsAnalytics } from './deals-actions';
   9 | import { DealsPanel } from './_components/deals-panel';
> 10 | import { SetupGapsPanel } from './_components/setup-gaps-panel';
     | ^^^^^^^^^^^^^^^^^^^^^^^^^^^^^^^^^^^^^^^^^^^^^^^^^^^^^^^^^^^^^^^^
  11 | import type { AlertItem } from './actions';
  12 | import { InventoryNav } from '../_components/inventory-nav';
  13 |

https://nextjs.org/docs/messages/module-not-found @ http://localhost:3000/_next/static/chunks/node_modules_next_dist_0u_w_5s._.js:1945
[  817290ms] [ERROR] ./app/(app)/app/inventory/analytics/page.tsx:10:1
Module not found: Can't resolve './_components/setup-gaps-panel'
   8 | import { getDealsAnalytics } from './deals-actions';
   9 | import { DealsPanel } from './_components/deals-panel';
> 10 | import { SetupGapsPanel } from './_components/setup-gaps-panel';
     | ^^^^^^^^^^^^^^^^^^^^^^^^^^^^^^^^^^^^^^^^^^^^^^^^^^^^^^^^^^^^^^^^
  11 | import type { AlertItem } from './actions';
  12 | import { InventoryNav } from '../_components/inventory-nav';
  13 |

https://nextjs.org/docs/messages/module-not-found @ http://localhost:3000/_next/static/chunks/node_modules_next_dist_0u_w_5s._.js:1945
[  817350ms] [ERROR] ./app/(app)/app/inventory/analytics/page.tsx:10:1
Module not found: Can't resolve './_components/setup-gaps-panel'
   8 | import { getDealsAnalytics } from './deals-actions';
   9 | import { DealsPanel } from './_components/deals-panel';
> 10 | import { SetupGapsPanel } from './_components/setup-gaps-panel';
     | ^^^^^^^^^^^^^^^^^^^^^^^^^^^^^^^^^^^^^^^^^^^^^^^^^^^^^^^^^^^^^^^^
  11 | import type { AlertItem } from './actions';
  12 | import { InventoryNav } from '../_components/inventory-nav';
  13 |

https://nextjs.org/docs/messages/module-not-found @ http://localhost:3000/_next/static/chunks/node_modules_next_dist_0u_w_5s._.js:1945
[  817412ms] [ERROR] ./app/(app)/app/inventory/analytics/page.tsx:10:1
Module not found: Can't resolve './_components/setup-gaps-panel'
   8 | import { getDealsAnalytics } from './deals-actions';
   9 | import { DealsPanel } from './_components/deals-panel';
> 10 | import { SetupGapsPanel } from './_components/setup-gaps-panel';
     | ^^^^^^^^^^^^^^^^^^^^^^^^^^^^^^^^^^^^^^^^^^^^^^^^^^^^^^^^^^^^^^^^
  11 | import type { AlertItem } from './actions';
  12 | import { InventoryNav } from '../_components/inventory-nav';
  13 |

https://nextjs.org/docs/messages/module-not-found @ http://localhost:3000/_next/static/chunks/node_modules_next_dist_0u_w_5s._.js:1945
[  817476ms] [ERROR] ./app/(app)/app/inventory/analytics/page.tsx:10:1
Module not found: Can't resolve './_components/setup-gaps-panel'
   8 | import { getDealsAnalytics } from './deals-actions';
   9 | import { DealsPanel } from './_components/deals-panel';
> 10 | import { SetupGapsPanel } from './_components/setup-gaps-panel';
     | ^^^^^^^^^^^^^^^^^^^^^^^^^^^^^^^^^^^^^^^^^^^^^^^^^^^^^^^^^^^^^^^^
  11 | import type { AlertItem } from './actions';
  12 | import { InventoryNav } from '../_components/inventory-nav';
  13 |

https://nextjs.org/docs/messages/module-not-found @ http://localhost:3000/_next/static/chunks/node_modules_next_dist_0u_w_5s._.js:1945
[  817537ms] [ERROR] ./app/(app)/app/inventory/analytics/page.tsx:10:1
Module not found: Can't resolve './_components/setup-gaps-panel'
   8 | import { getDealsAnalytics } from './deals-actions';
   9 | import { DealsPanel } from './_components/deals-panel';
> 10 | import { SetupGapsPanel } from './_components/setup-gaps-panel';
     | ^^^^^^^^^^^^^^^^^^^^^^^^^^^^^^^^^^^^^^^^^^^^^^^^^^^^^^^^^^^^^^^^
  11 | import type { AlertItem } from './actions';
  12 | import { InventoryNav } from '../_components/inventory-nav';
  13 |

https://nextjs.org/docs/messages/module-not-found @ http://localhost:3000/_next/static/chunks/node_modules_next_dist_0u_w_5s._.js:1945
[  817602ms] [ERROR] ./app/(app)/app/inventory/analytics/page.tsx:10:1
Module not found: Can't resolve './_components/setup-gaps-panel'
   8 | import { getDealsAnalytics } from './deals-actions';
   9 | import { DealsPanel } from './_components/deals-panel';
> 10 | import { SetupGapsPanel } from './_components/setup-gaps-panel';
     | ^^^^^^^^^^^^^^^^^^^^^^^^^^^^^^^^^^^^^^^^^^^^^^^^^^^^^^^^^^^^^^^^
  11 | import type { AlertItem } from './actions';
  12 | import { InventoryNav } from '../_components/inventory-nav';
  13 |

https://nextjs.org/docs/messages/module-not-found @ http://localhost:3000/_next/static/chunks/node_modules_next_dist_0u_w_5s._.js:1945
[  817675ms] [ERROR] ./app/(app)/app/inventory/analytics/page.tsx:10:1
Module not found: Can't resolve './_components/setup-gaps-panel'
   8 | import { getDealsAnalytics } from './deals-actions';
   9 | import { DealsPanel } from './_components/deals-panel';
> 10 | import { SetupGapsPanel } from './_components/setup-gaps-panel';
     | ^^^^^^^^^^^^^^^^^^^^^^^^^^^^^^^^^^^^^^^^^^^^^^^^^^^^^^^^^^^^^^^^
  11 | import type { AlertItem } from './actions';
  12 | import { InventoryNav } from '../_components/inventory-nav';
  13 |

https://nextjs.org/docs/messages/module-not-found @ http://localhost:3000/_next/static/chunks/node_modules_next_dist_0u_w_5s._.js:1945
[  817740ms] [ERROR] ./app/(app)/app/inventory/analytics/page.tsx:10:1
Module not found: Can't resolve './_components/setup-gaps-panel'
   8 | import { getDealsAnalytics } from './deals-actions';
   9 | import { DealsPanel } from './_components/deals-panel';
> 10 | import { SetupGapsPanel } from './_components/setup-gaps-panel';
     | ^^^^^^^^^^^^^^^^^^^^^^^^^^^^^^^^^^^^^^^^^^^^^^^^^^^^^^^^^^^^^^^^
  11 | import type { AlertItem } from './actions';
  12 | import { InventoryNav } from '../_components/inventory-nav';
  13 |

https://nextjs.org/docs/messages/module-not-found @ http://localhost:3000/_next/static/chunks/node_modules_next_dist_0u_w_5s._.js:1945
[  817802ms] [ERROR] ./app/(app)/app/inventory/analytics/page.tsx:10:1
Module not found: Can't resolve './_components/setup-gaps-panel'
   8 | import { getDealsAnalytics } from './deals-actions';
   9 | import { DealsPanel } from './_components/deals-panel';
> 10 | import { SetupGapsPanel } from './_components/setup-gaps-panel';
     | ^^^^^^^^^^^^^^^^^^^^^^^^^^^^^^^^^^^^^^^^^^^^^^^^^^^^^^^^^^^^^^^^
  11 | import type { AlertItem } from './actions';
  12 | import { InventoryNav } from '../_components/inventory-nav';
  13 |

https://nextjs.org/docs/messages/module-not-found @ http://localhost:3000/_next/static/chunks/node_modules_next_dist_0u_w_5s._.js:1945
[  817863ms] [ERROR] ./app/(app)/app/inventory/analytics/page.tsx:10:1
Module not found: Can't resolve './_components/setup-gaps-panel'
   8 | import { getDealsAnalytics } from './deals-actions';
   9 | import { DealsPanel } from './_components/deals-panel';
> 10 | import { SetupGapsPanel } from './_components/setup-gaps-panel';
     | ^^^^^^^^^^^^^^^^^^^^^^^^^^^^^^^^^^^^^^^^^^^^^^^^^^^^^^^^^^^^^^^^
  11 | import type { AlertItem } from './actions';
  12 | import { InventoryNav } from '../_components/inventory-nav';
  13 |

https://nextjs.org/docs/messages/module-not-found @ http://localhost:3000/_next/static/chunks/node_modules_next_dist_0u_w_5s._.js:1945
[  817923ms] [ERROR] ./app/(app)/app/inventory/analytics/page.tsx:10:1
Module not found: Can't resolve './_components/setup-gaps-panel'
   8 | import { getDealsAnalytics } from './deals-actions';
   9 | import { DealsPanel } from './_components/deals-panel';
> 10 | import { SetupGapsPanel } from './_components/setup-gaps-panel';
     | ^^^^^^^^^^^^^^^^^^^^^^^^^^^^^^^^^^^^^^^^^^^^^^^^^^^^^^^^^^^^^^^^
  11 | import type { AlertItem } from './actions';
  12 | import { InventoryNav } from '../_components/inventory-nav';
  13 |

https://nextjs.org/docs/messages/module-not-found @ http://localhost:3000/_next/static/chunks/node_modules_next_dist_0u_w_5s._.js:1945
[  817986ms] [ERROR] ./app/(app)/app/inventory/analytics/page.tsx:10:1
Module not found: Can't resolve './_components/setup-gaps-panel'
   8 | import { getDealsAnalytics } from './deals-actions';
   9 | import { DealsPanel } from './_components/deals-panel';
> 10 | import { SetupGapsPanel } from './_components/setup-gaps-panel';
     | ^^^^^^^^^^^^^^^^^^^^^^^^^^^^^^^^^^^^^^^^^^^^^^^^^^^^^^^^^^^^^^^^
  11 | import type { AlertItem } from './actions';
  12 | import { InventoryNav } from '../_components/inventory-nav';
  13 |

https://nextjs.org/docs/messages/module-not-found @ http://localhost:3000/_next/static/chunks/node_modules_next_dist_0u_w_5s._.js:1945
[  818048ms] [ERROR] ./app/(app)/app/inventory/analytics/page.tsx:10:1
Module not found: Can't resolve './_components/setup-gaps-panel'
   8 | import { getDealsAnalytics } from './deals-actions';
   9 | import { DealsPanel } from './_components/deals-panel';
> 10 | import { SetupGapsPanel } from './_components/setup-gaps-panel';
     | ^^^^^^^^^^^^^^^^^^^^^^^^^^^^^^^^^^^^^^^^^^^^^^^^^^^^^^^^^^^^^^^^
  11 | import type { AlertItem } from './actions';
  12 | import { InventoryNav } from '../_components/inventory-nav';
  13 |

https://nextjs.org/docs/messages/module-not-found @ http://localhost:3000/_next/static/chunks/node_modules_next_dist_0u_w_5s._.js:1945
[  818110ms] [ERROR] ./app/(app)/app/inventory/analytics/page.tsx:10:1
Module not found: Can't resolve './_components/setup-gaps-panel'
   8 | import { getDealsAnalytics } from './deals-actions';
   9 | import { DealsPanel } from './_components/deals-panel';
> 10 | import { SetupGapsPanel } from './_components/setup-gaps-panel';
     | ^^^^^^^^^^^^^^^^^^^^^^^^^^^^^^^^^^^^^^^^^^^^^^^^^^^^^^^^^^^^^^^^
  11 | import type { AlertItem } from './actions';
  12 | import { InventoryNav } from '../_components/inventory-nav';
  13 |

https://nextjs.org/docs/messages/module-not-found @ http://localhost:3000/_next/static/chunks/node_modules_next_dist_0u_w_5s._.js:1945
[  818173ms] [ERROR] ./app/(app)/app/inventory/analytics/page.tsx:10:1
Module not found: Can't resolve './_components/setup-gaps-panel'
   8 | import { getDealsAnalytics } from './deals-actions';
   9 | import { DealsPanel } from './_components/deals-panel';
> 10 | import { SetupGapsPanel } from './_components/setup-gaps-panel';
     | ^^^^^^^^^^^^^^^^^^^^^^^^^^^^^^^^^^^^^^^^^^^^^^^^^^^^^^^^^^^^^^^^
  11 | import type { AlertItem } from './actions';
  12 | import { InventoryNav } from '../_components/inventory-nav';
  13 |

https://nextjs.org/docs/messages/module-not-found @ http://localhost:3000/_next/static/chunks/node_modules_next_dist_0u_w_5s._.js:1945
[  818235ms] [ERROR] ./app/(app)/app/inventory/analytics/page.tsx:10:1
Module not found: Can't resolve './_components/setup-gaps-panel'
   8 | import { getDealsAnalytics } from './deals-actions';
   9 | import { DealsPanel } from './_components/deals-panel';
> 10 | import { SetupGapsPanel } from './_components/setup-gaps-panel';
     | ^^^^^^^^^^^^^^^^^^^^^^^^^^^^^^^^^^^^^^^^^^^^^^^^^^^^^^^^^^^^^^^^
  11 | import type { AlertItem } from './actions';
  12 | import { InventoryNav } from '../_components/inventory-nav';
  13 |

https://nextjs.org/docs/messages/module-not-found @ http://localhost:3000/_next/static/chunks/node_modules_next_dist_0u_w_5s._.js:1945
[  818296ms] [ERROR] ./app/(app)/app/inventory/analytics/page.tsx:10:1
Module not found: Can't resolve './_components/setup-gaps-panel'
   8 | import { getDealsAnalytics } from './deals-actions';
   9 | import { DealsPanel } from './_components/deals-panel';
> 10 | import { SetupGapsPanel } from './_components/setup-gaps-panel';
     | ^^^^^^^^^^^^^^^^^^^^^^^^^^^^^^^^^^^^^^^^^^^^^^^^^^^^^^^^^^^^^^^^
  11 | import type { AlertItem } from './actions';
  12 | import { InventoryNav } from '../_components/inventory-nav';
  13 |

https://nextjs.org/docs/messages/module-not-found @ http://localhost:3000/_next/static/chunks/node_modules_next_dist_0u_w_5s._.js:1945
[  818358ms] [ERROR] ./app/(app)/app/inventory/analytics/page.tsx:10:1
Module not found: Can't resolve './_components/setup-gaps-panel'
   8 | import { getDealsAnalytics } from './deals-actions';
   9 | import { DealsPanel } from './_components/deals-panel';
> 10 | import { SetupGapsPanel } from './_components/setup-gaps-panel';
     | ^^^^^^^^^^^^^^^^^^^^^^^^^^^^^^^^^^^^^^^^^^^^^^^^^^^^^^^^^^^^^^^^
  11 | import type { AlertItem } from './actions';
  12 | import { InventoryNav } from '../_components/inventory-nav';
  13 |

https://nextjs.org/docs/messages/module-not-found @ http://localhost:3000/_next/static/chunks/node_modules_next_dist_0u_w_5s._.js:1945
[  818420ms] [ERROR] ./app/(app)/app/inventory/analytics/page.tsx:10:1
Module not found: Can't resolve './_components/setup-gaps-panel'
   8 | import { getDealsAnalytics } from './deals-actions';
   9 | import { DealsPanel } from './_components/deals-panel';
> 10 | import { SetupGapsPanel } from './_components/setup-gaps-panel';
     | ^^^^^^^^^^^^^^^^^^^^^^^^^^^^^^^^^^^^^^^^^^^^^^^^^^^^^^^^^^^^^^^^
  11 | import type { AlertItem } from './actions';
  12 | import { InventoryNav } from '../_components/inventory-nav';
  13 |

https://nextjs.org/docs/messages/module-not-found @ http://localhost:3000/_next/static/chunks/node_modules_next_dist_0u_w_5s._.js:1945
[  818483ms] [ERROR] ./app/(app)/app/inventory/analytics/page.tsx:10:1
Module not found: Can't resolve './_components/setup-gaps-panel'
   8 | import { getDealsAnalytics } from './deals-actions';
   9 | import { DealsPanel } from './_components/deals-panel';
> 10 | import { SetupGapsPanel } from './_components/setup-gaps-panel';
     | ^^^^^^^^^^^^^^^^^^^^^^^^^^^^^^^^^^^^^^^^^^^^^^^^^^^^^^^^^^^^^^^^
  11 | import type { AlertItem } from './actions';
  12 | import { InventoryNav } from '../_components/inventory-nav';
  13 |

https://nextjs.org/docs/messages/module-not-found @ http://localhost:3000/_next/static/chunks/node_modules_next_dist_0u_w_5s._.js:1945
[  818545ms] [ERROR] ./app/(app)/app/inventory/analytics/page.tsx:10:1
Module not found: Can't resolve './_components/setup-gaps-panel'
   8 | import { getDealsAnalytics } from './deals-actions';
   9 | import { DealsPanel } from './_components/deals-panel';
> 10 | import { SetupGapsPanel } from './_components/setup-gaps-panel';
     | ^^^^^^^^^^^^^^^^^^^^^^^^^^^^^^^^^^^^^^^^^^^^^^^^^^^^^^^^^^^^^^^^
  11 | import type { AlertItem } from './actions';
  12 | import { InventoryNav } from '../_components/inventory-nav';
  13 |

https://nextjs.org/docs/messages/module-not-found @ http://localhost:3000/_next/static/chunks/node_modules_next_dist_0u_w_5s._.js:1945
[  818606ms] [ERROR] ./app/(app)/app/inventory/analytics/page.tsx:10:1
Module not found: Can't resolve './_components/setup-gaps-panel'
   8 | import { getDealsAnalytics } from './deals-actions';
   9 | import { DealsPanel } from './_components/deals-panel';
> 10 | import { SetupGapsPanel } from './_components/setup-gaps-panel';
     | ^^^^^^^^^^^^^^^^^^^^^^^^^^^^^^^^^^^^^^^^^^^^^^^^^^^^^^^^^^^^^^^^
  11 | import type { AlertItem } from './actions';
  12 | import { InventoryNav } from '../_components/inventory-nav';
  13 |

https://nextjs.org/docs/messages/module-not-found @ http://localhost:3000/_next/static/chunks/node_modules_next_dist_0u_w_5s._.js:1945
[  818684ms] [ERROR] ./app/(app)/app/inventory/analytics/page.tsx:10:1
Module not found: Can't resolve './_components/setup-gaps-panel'
   8 | import { getDealsAnalytics } from './deals-actions';
   9 | import { DealsPanel } from './_components/deals-panel';
> 10 | import { SetupGapsPanel } from './_components/setup-gaps-panel';
     | ^^^^^^^^^^^^^^^^^^^^^^^^^^^^^^^^^^^^^^^^^^^^^^^^^^^^^^^^^^^^^^^^
  11 | import type { AlertItem } from './actions';
  12 | import { InventoryNav } from '../_components/inventory-nav';
  13 |

https://nextjs.org/docs/messages/module-not-found @ http://localhost:3000/_next/static/chunks/node_modules_next_dist_0u_w_5s._.js:1945
[  818747ms] [ERROR] ./app/(app)/app/inventory/analytics/page.tsx:10:1
Module not found: Can't resolve './_components/setup-gaps-panel'
   8 | import { getDealsAnalytics } from './deals-actions';
   9 | import { DealsPanel } from './_components/deals-panel';
> 10 | import { SetupGapsPanel } from './_components/setup-gaps-panel';
     | ^^^^^^^^^^^^^^^^^^^^^^^^^^^^^^^^^^^^^^^^^^^^^^^^^^^^^^^^^^^^^^^^
  11 | import type { AlertItem } from './actions';
  12 | import { InventoryNav } from '../_components/inventory-nav';
  13 |

https://nextjs.org/docs/messages/module-not-found @ http://localhost:3000/_next/static/chunks/node_modules_next_dist_0u_w_5s._.js:1945
[  818808ms] [ERROR] ./app/(app)/app/inventory/analytics/page.tsx:10:1
Module not found: Can't resolve './_components/setup-gaps-panel'
   8 | import { getDealsAnalytics } from './deals-actions';
   9 | import { DealsPanel } from './_components/deals-panel';
> 10 | import { SetupGapsPanel } from './_components/setup-gaps-panel';
     | ^^^^^^^^^^^^^^^^^^^^^^^^^^^^^^^^^^^^^^^^^^^^^^^^^^^^^^^^^^^^^^^^
  11 | import type { AlertItem } from './actions';
  12 | import { InventoryNav } from '../_components/inventory-nav';
  13 |

https://nextjs.org/docs/messages/module-not-found @ http://localhost:3000/_next/static/chunks/node_modules_next_dist_0u_w_5s._.js:1945
[  818869ms] [ERROR] ./app/(app)/app/inventory/analytics/page.tsx:10:1
Module not found: Can't resolve './_components/setup-gaps-panel'
   8 | import { getDealsAnalytics } from './deals-actions';
   9 | import { DealsPanel } from './_components/deals-panel';
> 10 | import { SetupGapsPanel } from './_components/setup-gaps-panel';
     | ^^^^^^^^^^^^^^^^^^^^^^^^^^^^^^^^^^^^^^^^^^^^^^^^^^^^^^^^^^^^^^^^
  11 | import type { AlertItem } from './actions';
  12 | import { InventoryNav } from '../_components/inventory-nav';
  13 |

https://nextjs.org/docs/messages/module-not-found @ http://localhost:3000/_next/static/chunks/node_modules_next_dist_0u_w_5s._.js:1945
[  818931ms] [ERROR] ./app/(app)/app/inventory/analytics/page.tsx:10:1
Module not found: Can't resolve './_components/setup-gaps-panel'
   8 | import { getDealsAnalytics } from './deals-actions';
   9 | import { DealsPanel } from './_components/deals-panel';
> 10 | import { SetupGapsPanel } from './_components/setup-gaps-panel';
     | ^^^^^^^^^^^^^^^^^^^^^^^^^^^^^^^^^^^^^^^^^^^^^^^^^^^^^^^^^^^^^^^^
  11 | import type { AlertItem } from './actions';
  12 | import { InventoryNav } from '../_components/inventory-nav';
  13 |

https://nextjs.org/docs/messages/module-not-found @ http://localhost:3000/_next/static/chunks/node_modules_next_dist_0u_w_5s._.js:1945
[  818993ms] [ERROR] ./app/(app)/app/inventory/analytics/page.tsx:10:1
Module not found: Can't resolve './_components/setup-gaps-panel'
   8 | import { getDealsAnalytics } from './deals-actions';
   9 | import { DealsPanel } from './_components/deals-panel';
> 10 | import { SetupGapsPanel } from './_components/setup-gaps-panel';
     | ^^^^^^^^^^^^^^^^^^^^^^^^^^^^^^^^^^^^^^^^^^^^^^^^^^^^^^^^^^^^^^^^
  11 | import type { AlertItem } from './actions';
  12 | import { InventoryNav } from '../_components/inventory-nav';
  13 |

https://nextjs.org/docs/messages/module-not-found @ http://localhost:3000/_next/static/chunks/node_modules_next_dist_0u_w_5s._.js:1945
[  819056ms] [ERROR] ./app/(app)/app/inventory/analytics/page.tsx:10:1
Module not found: Can't resolve './_components/setup-gaps-panel'
   8 | import { getDealsAnalytics } from './deals-actions';
   9 | import { DealsPanel } from './_components/deals-panel';
> 10 | import { SetupGapsPanel } from './_components/setup-gaps-panel';
     | ^^^^^^^^^^^^^^^^^^^^^^^^^^^^^^^^^^^^^^^^^^^^^^^^^^^^^^^^^^^^^^^^
  11 | import type { AlertItem } from './actions';
  12 | import { InventoryNav } from '../_components/inventory-nav';
  13 |

https://nextjs.org/docs/messages/module-not-found @ http://localhost:3000/_next/static/chunks/node_modules_next_dist_0u_w_5s._.js:1945
[  819117ms] [ERROR] ./app/(app)/app/inventory/analytics/page.tsx:10:1
Module not found: Can't resolve './_components/setup-gaps-panel'
   8 | import { getDealsAnalytics } from './deals-actions';
   9 | import { DealsPanel } from './_components/deals-panel';
> 10 | import { SetupGapsPanel } from './_components/setup-gaps-panel';
     | ^^^^^^^^^^^^^^^^^^^^^^^^^^^^^^^^^^^^^^^^^^^^^^^^^^^^^^^^^^^^^^^^
  11 | import type { AlertItem } from './actions';
  12 | import { InventoryNav } from '../_components/inventory-nav';
  13 |

https://nextjs.org/docs/messages/module-not-found @ http://localhost:3000/_next/static/chunks/node_modules_next_dist_0u_w_5s._.js:1945
[  819179ms] [ERROR] ./app/(app)/app/inventory/analytics/page.tsx:10:1
Module not found: Can't resolve './_components/setup-gaps-panel'
   8 | import { getDealsAnalytics } from './deals-actions';
   9 | import { DealsPanel } from './_components/deals-panel';
> 10 | import { SetupGapsPanel } from './_components/setup-gaps-panel';
     | ^^^^^^^^^^^^^^^^^^^^^^^^^^^^^^^^^^^^^^^^^^^^^^^^^^^^^^^^^^^^^^^^
  11 | import type { AlertItem } from './actions';
  12 | import { InventoryNav } from '../_components/inventory-nav';
  13 |

https://nextjs.org/docs/messages/module-not-found @ http://localhost:3000/_next/static/chunks/node_modules_next_dist_0u_w_5s._.js:1945
[  819241ms] [ERROR] ./app/(app)/app/inventory/analytics/page.tsx:10:1
Module not found: Can't resolve './_components/setup-gaps-panel'
   8 | import { getDealsAnalytics } from './deals-actions';
   9 | import { DealsPanel } from './_components/deals-panel';
> 10 | import { SetupGapsPanel } from './_components/setup-gaps-panel';
     | ^^^^^^^^^^^^^^^^^^^^^^^^^^^^^^^^^^^^^^^^^^^^^^^^^^^^^^^^^^^^^^^^
  11 | import type { AlertItem } from './actions';
  12 | import { InventoryNav } from '../_components/inventory-nav';
  13 |

https://nextjs.org/docs/messages/module-not-found @ http://localhost:3000/_next/static/chunks/node_modules_next_dist_0u_w_5s._.js:1945
[  819304ms] [ERROR] ./app/(app)/app/inventory/analytics/page.tsx:10:1
Module not found: Can't resolve './_components/setup-gaps-panel'
   8 | import { getDealsAnalytics } from './deals-actions';
   9 | import { DealsPanel } from './_components/deals-panel';
> 10 | import { SetupGapsPanel } from './_components/setup-gaps-panel';
     | ^^^^^^^^^^^^^^^^^^^^^^^^^^^^^^^^^^^^^^^^^^^^^^^^^^^^^^^^^^^^^^^^
  11 | import type { AlertItem } from './actions';
  12 | import { InventoryNav } from '../_components/inventory-nav';
  13 |

https://nextjs.org/docs/messages/module-not-found @ http://localhost:3000/_next/static/chunks/node_modules_next_dist_0u_w_5s._.js:1945
[  819366ms] [ERROR] ./app/(app)/app/inventory/analytics/page.tsx:10:1
Module not found: Can't resolve './_components/setup-gaps-panel'
   8 | import { getDealsAnalytics } from './deals-actions';
   9 | import { DealsPanel } from './_components/deals-panel';
> 10 | import { SetupGapsPanel } from './_components/setup-gaps-panel';
     | ^^^^^^^^^^^^^^^^^^^^^^^^^^^^^^^^^^^^^^^^^^^^^^^^^^^^^^^^^^^^^^^^
  11 | import type { AlertItem } from './actions';
  12 | import { InventoryNav } from '../_components/inventory-nav';
  13 |

https://nextjs.org/docs/messages/module-not-found @ http://localhost:3000/_next/static/chunks/node_modules_next_dist_0u_w_5s._.js:1945
[  819427ms] [ERROR] ./app/(app)/app/inventory/analytics/page.tsx:10:1
Module not found: Can't resolve './_components/setup-gaps-panel'
   8 | import { getDealsAnalytics } from './deals-actions';
   9 | import { DealsPanel } from './_components/deals-panel';
> 10 | import { SetupGapsPanel } from './_components/setup-gaps-panel';
     | ^^^^^^^^^^^^^^^^^^^^^^^^^^^^^^^^^^^^^^^^^^^^^^^^^^^^^^^^^^^^^^^^
  11 | import type { AlertItem } from './actions';
  12 | import { InventoryNav } from '../_components/inventory-nav';
  13 |

https://nextjs.org/docs/messages/module-not-found @ http://localhost:3000/_next/static/chunks/node_modules_next_dist_0u_w_5s._.js:1945
[  819490ms] [ERROR] ./app/(app)/app/inventory/analytics/page.tsx:10:1
Module not found: Can't resolve './_components/setup-gaps-panel'
   8 | import { getDealsAnalytics } from './deals-actions';
   9 | import { DealsPanel } from './_components/deals-panel';
> 10 | import { SetupGapsPanel } from './_components/setup-gaps-panel';
     | ^^^^^^^^^^^^^^^^^^^^^^^^^^^^^^^^^^^^^^^^^^^^^^^^^^^^^^^^^^^^^^^^
  11 | import type { AlertItem } from './actions';
  12 | import { InventoryNav } from '../_components/inventory-nav';
  13 |

https://nextjs.org/docs/messages/module-not-found @ http://localhost:3000/_next/static/chunks/node_modules_next_dist_0u_w_5s._.js:1945
[  819552ms] [ERROR] ./app/(app)/app/inventory/analytics/page.tsx:10:1
Module not found: Can't resolve './_components/setup-gaps-panel'
   8 | import { getDealsAnalytics } from './deals-actions';
   9 | import { DealsPanel } from './_components/deals-panel';
> 10 | import { SetupGapsPanel } from './_components/setup-gaps-panel';
     | ^^^^^^^^^^^^^^^^^^^^^^^^^^^^^^^^^^^^^^^^^^^^^^^^^^^^^^^^^^^^^^^^
  11 | import type { AlertItem } from './actions';
  12 | import { InventoryNav } from '../_components/inventory-nav';
  13 |

https://nextjs.org/docs/messages/module-not-found @ http://localhost:3000/_next/static/chunks/node_modules_next_dist_0u_w_5s._.js:1945
[  819614ms] [ERROR] ./app/(app)/app/inventory/analytics/page.tsx:10:1
Module not found: Can't resolve './_components/setup-gaps-panel'
   8 | import { getDealsAnalytics } from './deals-actions';
   9 | import { DealsPanel } from './_components/deals-panel';
> 10 | import { SetupGapsPanel } from './_components/setup-gaps-panel';
     | ^^^^^^^^^^^^^^^^^^^^^^^^^^^^^^^^^^^^^^^^^^^^^^^^^^^^^^^^^^^^^^^^
  11 | import type { AlertItem } from './actions';
  12 | import { InventoryNav } from '../_components/inventory-nav';
  13 |

https://nextjs.org/docs/messages/module-not-found @ http://localhost:3000/_next/static/chunks/node_modules_next_dist_0u_w_5s._.js:1945
[  819675ms] [ERROR] ./app/(app)/app/inventory/analytics/page.tsx:10:1
Module not found: Can't resolve './_components/setup-gaps-panel'
   8 | import { getDealsAnalytics } from './deals-actions';
   9 | import { DealsPanel } from './_components/deals-panel';
> 10 | import { SetupGapsPanel } from './_components/setup-gaps-panel';
     | ^^^^^^^^^^^^^^^^^^^^^^^^^^^^^^^^^^^^^^^^^^^^^^^^^^^^^^^^^^^^^^^^
  11 | import type { AlertItem } from './actions';
  12 | import { InventoryNav } from '../_components/inventory-nav';
  13 |

https://nextjs.org/docs/messages/module-not-found @ http://localhost:3000/_next/static/chunks/node_modules_next_dist_0u_w_5s._.js:1945
[  819738ms] [ERROR] ./app/(app)/app/inventory/analytics/page.tsx:10:1
Module not found: Can't resolve './_components/setup-gaps-panel'
   8 | import { getDealsAnalytics } from './deals-actions';
   9 | import { DealsPanel } from './_components/deals-panel';
> 10 | import { SetupGapsPanel } from './_components/setup-gaps-panel';
     | ^^^^^^^^^^^^^^^^^^^^^^^^^^^^^^^^^^^^^^^^^^^^^^^^^^^^^^^^^^^^^^^^
  11 | import type { AlertItem } from './actions';
  12 | import { InventoryNav } from '../_components/inventory-nav';
  13 |

https://nextjs.org/docs/messages/module-not-found @ http://localhost:3000/_next/static/chunks/node_modules_next_dist_0u_w_5s._.js:1945
[  819802ms] [ERROR] ./app/(app)/app/inventory/analytics/page.tsx:10:1
Module not found: Can't resolve './_components/setup-gaps-panel'
   8 | import { getDealsAnalytics } from './deals-actions';
   9 | import { DealsPanel } from './_components/deals-panel';
> 10 | import { SetupGapsPanel } from './_components/setup-gaps-panel';
     | ^^^^^^^^^^^^^^^^^^^^^^^^^^^^^^^^^^^^^^^^^^^^^^^^^^^^^^^^^^^^^^^^
  11 | import type { AlertItem } from './actions';
  12 | import { InventoryNav } from '../_components/inventory-nav';
  13 |

https://nextjs.org/docs/messages/module-not-found @ http://localhost:3000/_next/static/chunks/node_modules_next_dist_0u_w_5s._.js:1945
[  819879ms] [ERROR] ./app/(app)/app/inventory/analytics/page.tsx:10:1
Module not found: Can't resolve './_components/setup-gaps-panel'
   8 | import { getDealsAnalytics } from './deals-actions';
   9 | import { DealsPanel } from './_components/deals-panel';
> 10 | import { SetupGapsPanel } from './_components/setup-gaps-panel';
     | ^^^^^^^^^^^^^^^^^^^^^^^^^^^^^^^^^^^^^^^^^^^^^^^^^^^^^^^^^^^^^^^^
  11 | import type { AlertItem } from './actions';
  12 | import { InventoryNav } from '../_components/inventory-nav';
  13 |

https://nextjs.org/docs/messages/module-not-found @ http://localhost:3000/_next/static/chunks/node_modules_next_dist_0u_w_5s._.js:1945
[  819957ms] [ERROR] ./app/(app)/app/inventory/analytics/page.tsx:10:1
Module not found: Can't resolve './_components/setup-gaps-panel'
   8 | import { getDealsAnalytics } from './deals-actions';
   9 | import { DealsPanel } from './_components/deals-panel';
> 10 | import { SetupGapsPanel } from './_components/setup-gaps-panel';
     | ^^^^^^^^^^^^^^^^^^^^^^^^^^^^^^^^^^^^^^^^^^^^^^^^^^^^^^^^^^^^^^^^
  11 | import type { AlertItem } from './actions';
  12 | import { InventoryNav } from '../_components/inventory-nav';
  13 |

https://nextjs.org/docs/messages/module-not-found @ http://localhost:3000/_next/static/chunks/node_modules_next_dist_0u_w_5s._.js:1945
[  820035ms] [ERROR] ./app/(app)/app/inventory/analytics/page.tsx:10:1
Module not found: Can't resolve './_components/setup-gaps-panel'
   8 | import { getDealsAnalytics } from './deals-actions';
   9 | import { DealsPanel } from './_components/deals-panel';
> 10 | import { SetupGapsPanel } from './_components/setup-gaps-panel';
     | ^^^^^^^^^^^^^^^^^^^^^^^^^^^^^^^^^^^^^^^^^^^^^^^^^^^^^^^^^^^^^^^^
  11 | import type { AlertItem } from './actions';
  12 | import { InventoryNav } from '../_components/inventory-nav';
  13 |

https://nextjs.org/docs/messages/module-not-found @ http://localhost:3000/_next/static/chunks/node_modules_next_dist_0u_w_5s._.js:1945
[  820114ms] [ERROR] ./app/(app)/app/inventory/analytics/page.tsx:10:1
Module not found: Can't resolve './_components/setup-gaps-panel'
   8 | import { getDealsAnalytics } from './deals-actions';
   9 | import { DealsPanel } from './_components/deals-panel';
> 10 | import { SetupGapsPanel } from './_components/setup-gaps-panel';
     | ^^^^^^^^^^^^^^^^^^^^^^^^^^^^^^^^^^^^^^^^^^^^^^^^^^^^^^^^^^^^^^^^
  11 | import type { AlertItem } from './actions';
  12 | import { InventoryNav } from '../_components/inventory-nav';
  13 |

https://nextjs.org/docs/messages/module-not-found @ http://localhost:3000/_next/static/chunks/node_modules_next_dist_0u_w_5s._.js:1945
[  820189ms] [ERROR] ./app/(app)/app/inventory/analytics/page.tsx:10:1
Module not found: Can't resolve './_components/setup-gaps-panel'
   8 | import { getDealsAnalytics } from './deals-actions';
   9 | import { DealsPanel } from './_components/deals-panel';
> 10 | import { SetupGapsPanel } from './_components/setup-gaps-panel';
     | ^^^^^^^^^^^^^^^^^^^^^^^^^^^^^^^^^^^^^^^^^^^^^^^^^^^^^^^^^^^^^^^^
  11 | import type { AlertItem } from './actions';
  12 | import { InventoryNav } from '../_components/inventory-nav';
  13 |

https://nextjs.org/docs/messages/module-not-found @ http://localhost:3000/_next/static/chunks/node_modules_next_dist_0u_w_5s._.js:1945
[  820252ms] [ERROR] ./app/(app)/app/inventory/analytics/page.tsx:10:1
Module not found: Can't resolve './_components/setup-gaps-panel'
   8 | import { getDealsAnalytics } from './deals-actions';
   9 | import { DealsPanel } from './_components/deals-panel';
> 10 | import { SetupGapsPanel } from './_components/setup-gaps-panel';
     | ^^^^^^^^^^^^^^^^^^^^^^^^^^^^^^^^^^^^^^^^^^^^^^^^^^^^^^^^^^^^^^^^
  11 | import type { AlertItem } from './actions';
  12 | import { InventoryNav } from '../_components/inventory-nav';
  13 |

https://nextjs.org/docs/messages/module-not-found @ http://localhost:3000/_next/static/chunks/node_modules_next_dist_0u_w_5s._.js:1945
[  820315ms] [ERROR] ./app/(app)/app/inventory/analytics/page.tsx:10:1
Module not found: Can't resolve './_components/setup-gaps-panel'
   8 | import { getDealsAnalytics } from './deals-actions';
   9 | import { DealsPanel } from './_components/deals-panel';
> 10 | import { SetupGapsPanel } from './_components/setup-gaps-panel';
     | ^^^^^^^^^^^^^^^^^^^^^^^^^^^^^^^^^^^^^^^^^^^^^^^^^^^^^^^^^^^^^^^^
  11 | import type { AlertItem } from './actions';
  12 | import { InventoryNav } from '../_components/inventory-nav';
  13 |

https://nextjs.org/docs/messages/module-not-found @ http://localhost:3000/_next/static/chunks/node_modules_next_dist_0u_w_5s._.js:1945
[  820391ms] [ERROR] ./app/(app)/app/inventory/analytics/page.tsx:10:1
Module not found: Can't resolve './_components/setup-gaps-panel'
   8 | import { getDealsAnalytics } from './deals-actions';
   9 | import { DealsPanel } from './_components/deals-panel';
> 10 | import { SetupGapsPanel } from './_components/setup-gaps-panel';
     | ^^^^^^^^^^^^^^^^^^^^^^^^^^^^^^^^^^^^^^^^^^^^^^^^^^^^^^^^^^^^^^^^
  11 | import type { AlertItem } from './actions';
  12 | import { InventoryNav } from '../_components/inventory-nav';
  13 |

https://nextjs.org/docs/messages/module-not-found @ http://localhost:3000/_next/static/chunks/node_modules_next_dist_0u_w_5s._.js:1945
[  820469ms] [ERROR] ./app/(app)/app/inventory/analytics/page.tsx:10:1
Module not found: Can't resolve './_components/setup-gaps-panel'
   8 | import { getDealsAnalytics } from './deals-actions';
   9 | import { DealsPanel } from './_components/deals-panel';
> 10 | import { SetupGapsPanel } from './_components/setup-gaps-panel';
     | ^^^^^^^^^^^^^^^^^^^^^^^^^^^^^^^^^^^^^^^^^^^^^^^^^^^^^^^^^^^^^^^^
  11 | import type { AlertItem } from './actions';
  12 | import { InventoryNav } from '../_components/inventory-nav';
  13 |

https://nextjs.org/docs/messages/module-not-found @ http://localhost:3000/_next/static/chunks/node_modules_next_dist_0u_w_5s._.js:1945
[  820546ms] [ERROR] ./app/(app)/app/inventory/analytics/page.tsx:10:1
Module not found: Can't resolve './_components/setup-gaps-panel'
   8 | import { getDealsAnalytics } from './deals-actions';
   9 | import { DealsPanel } from './_components/deals-panel';
> 10 | import { SetupGapsPanel } from './_components/setup-gaps-panel';
     | ^^^^^^^^^^^^^^^^^^^^^^^^^^^^^^^^^^^^^^^^^^^^^^^^^^^^^^^^^^^^^^^^
  11 | import type { AlertItem } from './actions';
  12 | import { InventoryNav } from '../_components/inventory-nav';
  13 |

https://nextjs.org/docs/messages/module-not-found @ http://localhost:3000/_next/static/chunks/node_modules_next_dist_0u_w_5s._.js:1945
[  820608ms] [ERROR] ./app/(app)/app/inventory/analytics/page.tsx:10:1
Module not found: Can't resolve './_components/setup-gaps-panel'
   8 | import { getDealsAnalytics } from './deals-actions';
   9 | import { DealsPanel } from './_components/deals-panel';
> 10 | import { SetupGapsPanel } from './_components/setup-gaps-panel';
     | ^^^^^^^^^^^^^^^^^^^^^^^^^^^^^^^^^^^^^^^^^^^^^^^^^^^^^^^^^^^^^^^^
  11 | import type { AlertItem } from './actions';
  12 | import { InventoryNav } from '../_components/inventory-nav';
  13 |

https://nextjs.org/docs/messages/module-not-found @ http://localhost:3000/_next/static/chunks/node_modules_next_dist_0u_w_5s._.js:1945
[  820669ms] [ERROR] ./app/(app)/app/inventory/analytics/page.tsx:10:1
Module not found: Can't resolve './_components/setup-gaps-panel'
   8 | import { getDealsAnalytics } from './deals-actions';
   9 | import { DealsPanel } from './_components/deals-panel';
> 10 | import { SetupGapsPanel } from './_components/setup-gaps-panel';
     | ^^^^^^^^^^^^^^^^^^^^^^^^^^^^^^^^^^^^^^^^^^^^^^^^^^^^^^^^^^^^^^^^
  11 | import type { AlertItem } from './actions';
  12 | import { InventoryNav } from '../_components/inventory-nav';
  13 |

https://nextjs.org/docs/messages/module-not-found @ http://localhost:3000/_next/static/chunks/node_modules_next_dist_0u_w_5s._.js:1945
[  820747ms] [ERROR] ./app/(app)/app/inventory/analytics/page.tsx:10:1
Module not found: Can't resolve './_components/setup-gaps-panel'
   8 | import { getDealsAnalytics } from './deals-actions';
   9 | import { DealsPanel } from './_components/deals-panel';
> 10 | import { SetupGapsPanel } from './_components/setup-gaps-panel';
     | ^^^^^^^^^^^^^^^^^^^^^^^^^^^^^^^^^^^^^^^^^^^^^^^^^^^^^^^^^^^^^^^^
  11 | import type { AlertItem } from './actions';
  12 | import { InventoryNav } from '../_components/inventory-nav';
  13 |

https://nextjs.org/docs/messages/module-not-found @ http://localhost:3000/_next/static/chunks/node_modules_next_dist_0u_w_5s._.js:1945
[  820809ms] [ERROR] ./app/(app)/app/inventory/analytics/page.tsx:10:1
Module not found: Can't resolve './_components/setup-gaps-panel'
   8 | import { getDealsAnalytics } from './deals-actions';
   9 | import { DealsPanel } from './_components/deals-panel';
> 10 | import { SetupGapsPanel } from './_components/setup-gaps-panel';
     | ^^^^^^^^^^^^^^^^^^^^^^^^^^^^^^^^^^^^^^^^^^^^^^^^^^^^^^^^^^^^^^^^
  11 | import type { AlertItem } from './actions';
  12 | import { InventoryNav } from '../_components/inventory-nav';
  13 |

https://nextjs.org/docs/messages/module-not-found @ http://localhost:3000/_next/static/chunks/node_modules_next_dist_0u_w_5s._.js:1945
[  820872ms] [ERROR] ./app/(app)/app/inventory/analytics/page.tsx:10:1
Module not found: Can't resolve './_components/setup-gaps-panel'
   8 | import { getDealsAnalytics } from './deals-actions';
   9 | import { DealsPanel } from './_components/deals-panel';
> 10 | import { SetupGapsPanel } from './_components/setup-gaps-panel';
     | ^^^^^^^^^^^^^^^^^^^^^^^^^^^^^^^^^^^^^^^^^^^^^^^^^^^^^^^^^^^^^^^^
  11 | import type { AlertItem } from './actions';
  12 | import { InventoryNav } from '../_components/inventory-nav';
  13 |

https://nextjs.org/docs/messages/module-not-found @ http://localhost:3000/_next/static/chunks/node_modules_next_dist_0u_w_5s._.js:1945
[  820936ms] [ERROR] ./app/(app)/app/inventory/analytics/page.tsx:10:1
Module not found: Can't resolve './_components/setup-gaps-panel'
   8 | import { getDealsAnalytics } from './deals-actions';
   9 | import { DealsPanel } from './_components/deals-panel';
> 10 | import { SetupGapsPanel } from './_components/setup-gaps-panel';
     | ^^^^^^^^^^^^^^^^^^^^^^^^^^^^^^^^^^^^^^^^^^^^^^^^^^^^^^^^^^^^^^^^
  11 | import type { AlertItem } from './actions';
  12 | import { InventoryNav } from '../_components/inventory-nav';
  13 |

https://nextjs.org/docs/messages/module-not-found @ http://localhost:3000/_next/static/chunks/node_modules_next_dist_0u_w_5s._.js:1945
[  821011ms] [ERROR] ./app/(app)/app/inventory/analytics/page.tsx:10:1
Module not found: Can't resolve './_components/setup-gaps-panel'
   8 | import { getDealsAnalytics } from './deals-actions';
   9 | import { DealsPanel } from './_components/deals-panel';
> 10 | import { SetupGapsPanel } from './_components/setup-gaps-panel';
     | ^^^^^^^^^^^^^^^^^^^^^^^^^^^^^^^^^^^^^^^^^^^^^^^^^^^^^^^^^^^^^^^^
  11 | import type { AlertItem } from './actions';
  12 | import { InventoryNav } from '../_components/inventory-nav';
  13 |

https://nextjs.org/docs/messages/module-not-found @ http://localhost:3000/_next/static/chunks/node_modules_next_dist_0u_w_5s._.js:1945
[  821076ms] [ERROR] ./app/(app)/app/inventory/analytics/page.tsx:10:1
Module not found: Can't resolve './_components/setup-gaps-panel'
   8 | import { getDealsAnalytics } from './deals-actions';
   9 | import { DealsPanel } from './_components/deals-panel';
> 10 | import { SetupGapsPanel } from './_components/setup-gaps-panel';
     | ^^^^^^^^^^^^^^^^^^^^^^^^^^^^^^^^^^^^^^^^^^^^^^^^^^^^^^^^^^^^^^^^
  11 | import type { AlertItem } from './actions';
  12 | import { InventoryNav } from '../_components/inventory-nav';
  13 |

https://nextjs.org/docs/messages/module-not-found @ http://localhost:3000/_next/static/chunks/node_modules_next_dist_0u_w_5s._.js:1945
[  821135ms] [ERROR] ./app/(app)/app/inventory/analytics/page.tsx:10:1
Module not found: Can't resolve './_components/setup-gaps-panel'
   8 | import { getDealsAnalytics } from './deals-actions';
   9 | import { DealsPanel } from './_components/deals-panel';
> 10 | import { SetupGapsPanel } from './_components/setup-gaps-panel';
     | ^^^^^^^^^^^^^^^^^^^^^^^^^^^^^^^^^^^^^^^^^^^^^^^^^^^^^^^^^^^^^^^^
  11 | import type { AlertItem } from './actions';
  12 | import { InventoryNav } from '../_components/inventory-nav';
  13 |

https://nextjs.org/docs/messages/module-not-found @ http://localhost:3000/_next/static/chunks/node_modules_next_dist_0u_w_5s._.js:1945
[  821197ms] [ERROR] ./app/(app)/app/inventory/analytics/page.tsx:10:1
Module not found: Can't resolve './_components/setup-gaps-panel'
   8 | import { getDealsAnalytics } from './deals-actions';
   9 | import { DealsPanel } from './_components/deals-panel';
> 10 | import { SetupGapsPanel } from './_components/setup-gaps-panel';
     | ^^^^^^^^^^^^^^^^^^^^^^^^^^^^^^^^^^^^^^^^^^^^^^^^^^^^^^^^^^^^^^^^
  11 | import type { AlertItem } from './actions';
  12 | import { InventoryNav } from '../_components/inventory-nav';
  13 |

https://nextjs.org/docs/messages/module-not-found @ http://localhost:3000/_next/static/chunks/node_modules_next_dist_0u_w_5s._.js:1945
[  821260ms] [ERROR] ./app/(app)/app/inventory/analytics/page.tsx:10:1
Module not found: Can't resolve './_components/setup-gaps-panel'
   8 | import { getDealsAnalytics } from './deals-actions';
   9 | import { DealsPanel } from './_components/deals-panel';
> 10 | import { SetupGapsPanel } from './_components/setup-gaps-panel';
     | ^^^^^^^^^^^^^^^^^^^^^^^^^^^^^^^^^^^^^^^^^^^^^^^^^^^^^^^^^^^^^^^^
  11 | import type { AlertItem } from './actions';
  12 | import { InventoryNav } from '../_components/inventory-nav';
  13 |

https://nextjs.org/docs/messages/module-not-found @ http://localhost:3000/_next/static/chunks/node_modules_next_dist_0u_w_5s._.js:1945
[  821321ms] [ERROR] ./app/(app)/app/inventory/analytics/page.tsx:10:1
Module not found: Can't resolve './_components/setup-gaps-panel'
   8 | import { getDealsAnalytics } from './deals-actions';
   9 | import { DealsPanel } from './_components/deals-panel';
> 10 | import { SetupGapsPanel } from './_components/setup-gaps-panel';
     | ^^^^^^^^^^^^^^^^^^^^^^^^^^^^^^^^^^^^^^^^^^^^^^^^^^^^^^^^^^^^^^^^
  11 | import type { AlertItem } from './actions';
  12 | import { InventoryNav } from '../_components/inventory-nav';
  13 |

https://nextjs.org/docs/messages/module-not-found @ http://localhost:3000/_next/static/chunks/node_modules_next_dist_0u_w_5s._.js:1945
[  821385ms] [ERROR] ./app/(app)/app/inventory/analytics/page.tsx:10:1
Module not found: Can't resolve './_components/setup-gaps-panel'
   8 | import { getDealsAnalytics } from './deals-actions';
   9 | import { DealsPanel } from './_components/deals-panel';
> 10 | import { SetupGapsPanel } from './_components/setup-gaps-panel';
     | ^^^^^^^^^^^^^^^^^^^^^^^^^^^^^^^^^^^^^^^^^^^^^^^^^^^^^^^^^^^^^^^^
  11 | import type { AlertItem } from './actions';
  12 | import { InventoryNav } from '../_components/inventory-nav';
  13 |

https://nextjs.org/docs/messages/module-not-found @ http://localhost:3000/_next/static/chunks/node_modules_next_dist_0u_w_5s._.js:1945
[  821446ms] [ERROR] ./app/(app)/app/inventory/analytics/page.tsx:10:1
Module not found: Can't resolve './_components/setup-gaps-panel'
   8 | import { getDealsAnalytics } from './deals-actions';
   9 | import { DealsPanel } from './_components/deals-panel';
> 10 | import { SetupGapsPanel } from './_components/setup-gaps-panel';
     | ^^^^^^^^^^^^^^^^^^^^^^^^^^^^^^^^^^^^^^^^^^^^^^^^^^^^^^^^^^^^^^^^
  11 | import type { AlertItem } from './actions';
  12 | import { InventoryNav } from '../_components/inventory-nav';
  13 |

https://nextjs.org/docs/messages/module-not-found @ http://localhost:3000/_next/static/chunks/node_modules_next_dist_0u_w_5s._.js:1945
[  821508ms] [ERROR] ./app/(app)/app/inventory/analytics/page.tsx:10:1
Module not found: Can't resolve './_components/setup-gaps-panel'
   8 | import { getDealsAnalytics } from './deals-actions';
   9 | import { DealsPanel } from './_components/deals-panel';
> 10 | import { SetupGapsPanel } from './_components/setup-gaps-panel';
     | ^^^^^^^^^^^^^^^^^^^^^^^^^^^^^^^^^^^^^^^^^^^^^^^^^^^^^^^^^^^^^^^^
  11 | import type { AlertItem } from './actions';
  12 | import { InventoryNav } from '../_components/inventory-nav';
  13 |

https://nextjs.org/docs/messages/module-not-found @ http://localhost:3000/_next/static/chunks/node_modules_next_dist_0u_w_5s._.js:1945
[  821569ms] [ERROR] ./app/(app)/app/inventory/analytics/page.tsx:10:1
Module not found: Can't resolve './_components/setup-gaps-panel'
   8 | import { getDealsAnalytics } from './deals-actions';
   9 | import { DealsPanel } from './_components/deals-panel';
> 10 | import { SetupGapsPanel } from './_components/setup-gaps-panel';
     | ^^^^^^^^^^^^^^^^^^^^^^^^^^^^^^^^^^^^^^^^^^^^^^^^^^^^^^^^^^^^^^^^
  11 | import type { AlertItem } from './actions';
  12 | import { InventoryNav } from '../_components/inventory-nav';
  13 |

https://nextjs.org/docs/messages/module-not-found @ http://localhost:3000/_next/static/chunks/node_modules_next_dist_0u_w_5s._.js:1945
[  821632ms] [ERROR] ./app/(app)/app/inventory/analytics/page.tsx:10:1
Module not found: Can't resolve './_components/setup-gaps-panel'
   8 | import { getDealsAnalytics } from './deals-actions';
   9 | import { DealsPanel } from './_components/deals-panel';
> 10 | import { SetupGapsPanel } from './_components/setup-gaps-panel';
     | ^^^^^^^^^^^^^^^^^^^^^^^^^^^^^^^^^^^^^^^^^^^^^^^^^^^^^^^^^^^^^^^^
  11 | import type { AlertItem } from './actions';
  12 | import { InventoryNav } from '../_components/inventory-nav';
  13 |

https://nextjs.org/docs/messages/module-not-found @ http://localhost:3000/_next/static/chunks/node_modules_next_dist_0u_w_5s._.js:1945
[  821694ms] [ERROR] ./app/(app)/app/inventory/analytics/page.tsx:10:1
Module not found: Can't resolve './_components/setup-gaps-panel'
   8 | import { getDealsAnalytics } from './deals-actions';
   9 | import { DealsPanel } from './_components/deals-panel';
> 10 | import { SetupGapsPanel } from './_components/setup-gaps-panel';
     | ^^^^^^^^^^^^^^^^^^^^^^^^^^^^^^^^^^^^^^^^^^^^^^^^^^^^^^^^^^^^^^^^
  11 | import type { AlertItem } from './actions';
  12 | import { InventoryNav } from '../_components/inventory-nav';
  13 |

https://nextjs.org/docs/messages/module-not-found @ http://localhost:3000/_next/static/chunks/node_modules_next_dist_0u_w_5s._.js:1945
[  821756ms] [ERROR] ./app/(app)/app/inventory/analytics/page.tsx:10:1
Module not found: Can't resolve './_components/setup-gaps-panel'
   8 | import { getDealsAnalytics } from './deals-actions';
   9 | import { DealsPanel } from './_components/deals-panel';
> 10 | import { SetupGapsPanel } from './_components/setup-gaps-panel';
     | ^^^^^^^^^^^^^^^^^^^^^^^^^^^^^^^^^^^^^^^^^^^^^^^^^^^^^^^^^^^^^^^^
  11 | import type { AlertItem } from './actions';
  12 | import { InventoryNav } from '../_components/inventory-nav';
  13 |

https://nextjs.org/docs/messages/module-not-found @ http://localhost:3000/_next/static/chunks/node_modules_next_dist_0u_w_5s._.js:1945
[  821818ms] [ERROR] ./app/(app)/app/inventory/analytics/page.tsx:10:1
Module not found: Can't resolve './_components/setup-gaps-panel'
   8 | import { getDealsAnalytics } from './deals-actions';
   9 | import { DealsPanel } from './_components/deals-panel';
> 10 | import { SetupGapsPanel } from './_components/setup-gaps-panel';
     | ^^^^^^^^^^^^^^^^^^^^^^^^^^^^^^^^^^^^^^^^^^^^^^^^^^^^^^^^^^^^^^^^
  11 | import type { AlertItem } from './actions';
  12 | import { InventoryNav } from '../_components/inventory-nav';
  13 |

https://nextjs.org/docs/messages/module-not-found @ http://localhost:3000/_next/static/chunks/node_modules_next_dist_0u_w_5s._.js:1945
[  821881ms] [ERROR] ./app/(app)/app/inventory/analytics/page.tsx:10:1
Module not found: Can't resolve './_components/setup-gaps-panel'
   8 | import { getDealsAnalytics } from './deals-actions';
   9 | import { DealsPanel } from './_components/deals-panel';
> 10 | import { SetupGapsPanel } from './_components/setup-gaps-panel';
     | ^^^^^^^^^^^^^^^^^^^^^^^^^^^^^^^^^^^^^^^^^^^^^^^^^^^^^^^^^^^^^^^^
  11 | import type { AlertItem } from './actions';
  12 | import { InventoryNav } from '../_components/inventory-nav';
  13 |

https://nextjs.org/docs/messages/module-not-found @ http://localhost:3000/_next/static/chunks/node_modules_next_dist_0u_w_5s._.js:1945
[  821943ms] [ERROR] ./app/(app)/app/inventory/analytics/page.tsx:10:1
Module not found: Can't resolve './_components/setup-gaps-panel'
   8 | import { getDealsAnalytics } from './deals-actions';
   9 | import { DealsPanel } from './_components/deals-panel';
> 10 | import { SetupGapsPanel } from './_components/setup-gaps-panel';
     | ^^^^^^^^^^^^^^^^^^^^^^^^^^^^^^^^^^^^^^^^^^^^^^^^^^^^^^^^^^^^^^^^
  11 | import type { AlertItem } from './actions';
  12 | import { InventoryNav } from '../_components/inventory-nav';
  13 |

https://nextjs.org/docs/messages/module-not-found @ http://localhost:3000/_next/static/chunks/node_modules_next_dist_0u_w_5s._.js:1945
[  822005ms] [ERROR] ./app/(app)/app/inventory/analytics/page.tsx:10:1
Module not found: Can't resolve './_components/setup-gaps-panel'
   8 | import { getDealsAnalytics } from './deals-actions';
   9 | import { DealsPanel } from './_components/deals-panel';
> 10 | import { SetupGapsPanel } from './_components/setup-gaps-panel';
     | ^^^^^^^^^^^^^^^^^^^^^^^^^^^^^^^^^^^^^^^^^^^^^^^^^^^^^^^^^^^^^^^^
  11 | import type { AlertItem } from './actions';
  12 | import { InventoryNav } from '../_components/inventory-nav';
  13 |

https://nextjs.org/docs/messages/module-not-found @ http://localhost:3000/_next/static/chunks/node_modules_next_dist_0u_w_5s._.js:1945
[  822084ms] [ERROR] ./app/(app)/app/inventory/analytics/page.tsx:10:1
Module not found: Can't resolve './_components/setup-gaps-panel'
   8 | import { getDealsAnalytics } from './deals-actions';
   9 | import { DealsPanel } from './_components/deals-panel';
> 10 | import { SetupGapsPanel } from './_components/setup-gaps-panel';
     | ^^^^^^^^^^^^^^^^^^^^^^^^^^^^^^^^^^^^^^^^^^^^^^^^^^^^^^^^^^^^^^^^
  11 | import type { AlertItem } from './actions';
  12 | import { InventoryNav } from '../_components/inventory-nav';
  13 |

https://nextjs.org/docs/messages/module-not-found @ http://localhost:3000/_next/static/chunks/node_modules_next_dist_0u_w_5s._.js:1945
[  822144ms] [ERROR] ./app/(app)/app/inventory/analytics/page.tsx:10:1
Module not found: Can't resolve './_components/setup-gaps-panel'
   8 | import { getDealsAnalytics } from './deals-actions';
   9 | import { DealsPanel } from './_components/deals-panel';
> 10 | import { SetupGapsPanel } from './_components/setup-gaps-panel';
     | ^^^^^^^^^^^^^^^^^^^^^^^^^^^^^^^^^^^^^^^^^^^^^^^^^^^^^^^^^^^^^^^^
  11 | import type { AlertItem } from './actions';
  12 | import { InventoryNav } from '../_components/inventory-nav';
  13 |

https://nextjs.org/docs/messages/module-not-found @ http://localhost:3000/_next/static/chunks/node_modules_next_dist_0u_w_5s._.js:1945
[  822206ms] [ERROR] ./app/(app)/app/inventory/analytics/page.tsx:10:1
Module not found: Can't resolve './_components/setup-gaps-panel'
   8 | import { getDealsAnalytics } from './deals-actions';
   9 | import { DealsPanel } from './_components/deals-panel';
> 10 | import { SetupGapsPanel } from './_components/setup-gaps-panel';
     | ^^^^^^^^^^^^^^^^^^^^^^^^^^^^^^^^^^^^^^^^^^^^^^^^^^^^^^^^^^^^^^^^
  11 | import type { AlertItem } from './actions';
  12 | import { InventoryNav } from '../_components/inventory-nav';
  13 |

https://nextjs.org/docs/messages/module-not-found @ http://localhost:3000/_next/static/chunks/node_modules_next_dist_0u_w_5s._.js:1945
[  822271ms] [ERROR] ./app/(app)/app/inventory/analytics/page.tsx:10:1
Module not found: Can't resolve './_components/setup-gaps-panel'
   8 | import { getDealsAnalytics } from './deals-actions';
   9 | import { DealsPanel } from './_components/deals-panel';
> 10 | import { SetupGapsPanel } from './_components/setup-gaps-panel';
     | ^^^^^^^^^^^^^^^^^^^^^^^^^^^^^^^^^^^^^^^^^^^^^^^^^^^^^^^^^^^^^^^^
  11 | import type { AlertItem } from './actions';
  12 | import { InventoryNav } from '../_components/inventory-nav';
  13 |

https://nextjs.org/docs/messages/module-not-found @ http://localhost:3000/_next/static/chunks/node_modules_next_dist_0u_w_5s._.js:1945
[  822330ms] [ERROR] ./app/(app)/app/inventory/analytics/page.tsx:10:1
Module not found: Can't resolve './_components/setup-gaps-panel'
   8 | import { getDealsAnalytics } from './deals-actions';
   9 | import { DealsPanel } from './_components/deals-panel';
> 10 | import { SetupGapsPanel } from './_components/setup-gaps-panel';
     | ^^^^^^^^^^^^^^^^^^^^^^^^^^^^^^^^^^^^^^^^^^^^^^^^^^^^^^^^^^^^^^^^
  11 | import type { AlertItem } from './actions';
  12 | import { InventoryNav } from '../_components/inventory-nav';
  13 |

https://nextjs.org/docs/messages/module-not-found @ http://localhost:3000/_next/static/chunks/node_modules_next_dist_0u_w_5s._.js:1945
[  822393ms] [ERROR] ./app/(app)/app/inventory/analytics/page.tsx:10:1
Module not found: Can't resolve './_components/setup-gaps-panel'
   8 | import { getDealsAnalytics } from './deals-actions';
   9 | import { DealsPanel } from './_components/deals-panel';
> 10 | import { SetupGapsPanel } from './_components/setup-gaps-panel';
     | ^^^^^^^^^^^^^^^^^^^^^^^^^^^^^^^^^^^^^^^^^^^^^^^^^^^^^^^^^^^^^^^^
  11 | import type { AlertItem } from './actions';
  12 | import { InventoryNav } from '../_components/inventory-nav';
  13 |

https://nextjs.org/docs/messages/module-not-found @ http://localhost:3000/_next/static/chunks/node_modules_next_dist_0u_w_5s._.js:1945
[  822456ms] [ERROR] ./app/(app)/app/inventory/analytics/page.tsx:10:1
Module not found: Can't resolve './_components/setup-gaps-panel'
   8 | import { getDealsAnalytics } from './deals-actions';
   9 | import { DealsPanel } from './_components/deals-panel';
> 10 | import { SetupGapsPanel } from './_components/setup-gaps-panel';
     | ^^^^^^^^^^^^^^^^^^^^^^^^^^^^^^^^^^^^^^^^^^^^^^^^^^^^^^^^^^^^^^^^
  11 | import type { AlertItem } from './actions';
  12 | import { InventoryNav } from '../_components/inventory-nav';
  13 |

https://nextjs.org/docs/messages/module-not-found @ http://localhost:3000/_next/static/chunks/node_modules_next_dist_0u_w_5s._.js:1945
[  822518ms] [ERROR] ./app/(app)/app/inventory/analytics/page.tsx:10:1
Module not found: Can't resolve './_components/setup-gaps-panel'
   8 | import { getDealsAnalytics } from './deals-actions';
   9 | import { DealsPanel } from './_components/deals-panel';
> 10 | import { SetupGapsPanel } from './_components/setup-gaps-panel';
     | ^^^^^^^^^^^^^^^^^^^^^^^^^^^^^^^^^^^^^^^^^^^^^^^^^^^^^^^^^^^^^^^^
  11 | import type { AlertItem } from './actions';
  12 | import { InventoryNav } from '../_components/inventory-nav';
  13 |

https://nextjs.org/docs/messages/module-not-found @ http://localhost:3000/_next/static/chunks/node_modules_next_dist_0u_w_5s._.js:1945
[  822579ms] [ERROR] ./app/(app)/app/inventory/analytics/page.tsx:10:1
Module not found: Can't resolve './_components/setup-gaps-panel'
   8 | import { getDealsAnalytics } from './deals-actions';
   9 | import { DealsPanel } from './_components/deals-panel';
> 10 | import { SetupGapsPanel } from './_components/setup-gaps-panel';
     | ^^^^^^^^^^^^^^^^^^^^^^^^^^^^^^^^^^^^^^^^^^^^^^^^^^^^^^^^^^^^^^^^
  11 | import type { AlertItem } from './actions';
  12 | import { InventoryNav } from '../_components/inventory-nav';
  13 |

https://nextjs.org/docs/messages/module-not-found @ http://localhost:3000/_next/static/chunks/node_modules_next_dist_0u_w_5s._.js:1945
[  822657ms] [ERROR] ./app/(app)/app/inventory/analytics/page.tsx:10:1
Module not found: Can't resolve './_components/setup-gaps-panel'
   8 | import { getDealsAnalytics } from './deals-actions';
   9 | import { DealsPanel } from './_components/deals-panel';
> 10 | import { SetupGapsPanel } from './_components/setup-gaps-panel';
     | ^^^^^^^^^^^^^^^^^^^^^^^^^^^^^^^^^^^^^^^^^^^^^^^^^^^^^^^^^^^^^^^^
  11 | import type { AlertItem } from './actions';
  12 | import { InventoryNav } from '../_components/inventory-nav';
  13 |

https://nextjs.org/docs/messages/module-not-found @ http://localhost:3000/_next/static/chunks/node_modules_next_dist_0u_w_5s._.js:1945
[  822735ms] [ERROR] ./app/(app)/app/inventory/analytics/page.tsx:10:1
Module not found: Can't resolve './_components/setup-gaps-panel'
   8 | import { getDealsAnalytics } from './deals-actions';
   9 | import { DealsPanel } from './_components/deals-panel';
> 10 | import { SetupGapsPanel } from './_components/setup-gaps-panel';
     | ^^^^^^^^^^^^^^^^^^^^^^^^^^^^^^^^^^^^^^^^^^^^^^^^^^^^^^^^^^^^^^^^
  11 | import type { AlertItem } from './actions';
  12 | import { InventoryNav } from '../_components/inventory-nav';
  13 |

https://nextjs.org/docs/messages/module-not-found @ http://localhost:3000/_next/static/chunks/node_modules_next_dist_0u_w_5s._.js:1945
[  822811ms] [ERROR] ./app/(app)/app/inventory/analytics/page.tsx:10:1
Module not found: Can't resolve './_components/setup-gaps-panel'
   8 | import { getDealsAnalytics } from './deals-actions';
   9 | import { DealsPanel } from './_components/deals-panel';
> 10 | import { SetupGapsPanel } from './_components/setup-gaps-panel';
     | ^^^^^^^^^^^^^^^^^^^^^^^^^^^^^^^^^^^^^^^^^^^^^^^^^^^^^^^^^^^^^^^^
  11 | import type { AlertItem } from './actions';
  12 | import { InventoryNav } from '../_components/inventory-nav';
  13 |

https://nextjs.org/docs/messages/module-not-found @ http://localhost:3000/_next/static/chunks/node_modules_next_dist_0u_w_5s._.js:1945
[  822873ms] [ERROR] ./app/(app)/app/inventory/analytics/page.tsx:10:1
Module not found: Can't resolve './_components/setup-gaps-panel'
   8 | import { getDealsAnalytics } from './deals-actions';
   9 | import { DealsPanel } from './_components/deals-panel';
> 10 | import { SetupGapsPanel } from './_components/setup-gaps-panel';
     | ^^^^^^^^^^^^^^^^^^^^^^^^^^^^^^^^^^^^^^^^^^^^^^^^^^^^^^^^^^^^^^^^
  11 | import type { AlertItem } from './actions';
  12 | import { InventoryNav } from '../_components/inventory-nav';
  13 |

https://nextjs.org/docs/messages/module-not-found @ http://localhost:3000/_next/static/chunks/node_modules_next_dist_0u_w_5s._.js:1945
[  822951ms] [ERROR] ./app/(app)/app/inventory/analytics/page.tsx:10:1
Module not found: Can't resolve './_components/setup-gaps-panel'
   8 | import { getDealsAnalytics } from './deals-actions';
   9 | import { DealsPanel } from './_components/deals-panel';
> 10 | import { SetupGapsPanel } from './_components/setup-gaps-panel';
     | ^^^^^^^^^^^^^^^^^^^^^^^^^^^^^^^^^^^^^^^^^^^^^^^^^^^^^^^^^^^^^^^^
  11 | import type { AlertItem } from './actions';
  12 | import { InventoryNav } from '../_components/inventory-nav';
  13 |

https://nextjs.org/docs/messages/module-not-found @ http://localhost:3000/_next/static/chunks/node_modules_next_dist_0u_w_5s._.js:1945
[  823014ms] [ERROR] ./app/(app)/app/inventory/analytics/page.tsx:10:1
Module not found: Can't resolve './_components/setup-gaps-panel'
   8 | import { getDealsAnalytics } from './deals-actions';
   9 | import { DealsPanel } from './_components/deals-panel';
> 10 | import { SetupGapsPanel } from './_components/setup-gaps-panel';
     | ^^^^^^^^^^^^^^^^^^^^^^^^^^^^^^^^^^^^^^^^^^^^^^^^^^^^^^^^^^^^^^^^
  11 | import type { AlertItem } from './actions';
  12 | import { InventoryNav } from '../_components/inventory-nav';
  13 |

https://nextjs.org/docs/messages/module-not-found @ http://localhost:3000/_next/static/chunks/node_modules_next_dist_0u_w_5s._.js:1945
[  823075ms] [ERROR] ./app/(app)/app/inventory/analytics/page.tsx:10:1
Module not found: Can't resolve './_components/setup-gaps-panel'
   8 | import { getDealsAnalytics } from './deals-actions';
   9 | import { DealsPanel } from './_components/deals-panel';
> 10 | import { SetupGapsPanel } from './_components/setup-gaps-panel';
     | ^^^^^^^^^^^^^^^^^^^^^^^^^^^^^^^^^^^^^^^^^^^^^^^^^^^^^^^^^^^^^^^^
  11 | import type { AlertItem } from './actions';
  12 | import { InventoryNav } from '../_components/inventory-nav';
  13 |

https://nextjs.org/docs/messages/module-not-found @ http://localhost:3000/_next/static/chunks/node_modules_next_dist_0u_w_5s._.js:1945
[  823137ms] [ERROR] ./app/(app)/app/inventory/analytics/page.tsx:10:1
Module not found: Can't resolve './_components/setup-gaps-panel'
   8 | import { getDealsAnalytics } from './deals-actions';
   9 | import { DealsPanel } from './_components/deals-panel';
> 10 | import { SetupGapsPanel } from './_components/setup-gaps-panel';
     | ^^^^^^^^^^^^^^^^^^^^^^^^^^^^^^^^^^^^^^^^^^^^^^^^^^^^^^^^^^^^^^^^
  11 | import type { AlertItem } from './actions';
  12 | import { InventoryNav } from '../_components/inventory-nav';
  13 |

https://nextjs.org/docs/messages/module-not-found @ http://localhost:3000/_next/static/chunks/node_modules_next_dist_0u_w_5s._.js:1945
[  823199ms] [ERROR] ./app/(app)/app/inventory/analytics/page.tsx:10:1
Module not found: Can't resolve './_components/setup-gaps-panel'
   8 | import { getDealsAnalytics } from './deals-actions';
   9 | import { DealsPanel } from './_components/deals-panel';
> 10 | import { SetupGapsPanel } from './_components/setup-gaps-panel';
     | ^^^^^^^^^^^^^^^^^^^^^^^^^^^^^^^^^^^^^^^^^^^^^^^^^^^^^^^^^^^^^^^^
  11 | import type { AlertItem } from './actions';
  12 | import { InventoryNav } from '../_components/inventory-nav';
  13 |

https://nextjs.org/docs/messages/module-not-found @ http://localhost:3000/_next/static/chunks/node_modules_next_dist_0u_w_5s._.js:1945
[  823262ms] [ERROR] ./app/(app)/app/inventory/analytics/page.tsx:10:1
Module not found: Can't resolve './_components/setup-gaps-panel'
   8 | import { getDealsAnalytics } from './deals-actions';
   9 | import { DealsPanel } from './_components/deals-panel';
> 10 | import { SetupGapsPanel } from './_components/setup-gaps-panel';
     | ^^^^^^^^^^^^^^^^^^^^^^^^^^^^^^^^^^^^^^^^^^^^^^^^^^^^^^^^^^^^^^^^
  11 | import type { AlertItem } from './actions';
  12 | import { InventoryNav } from '../_components/inventory-nav';
  13 |

https://nextjs.org/docs/messages/module-not-found @ http://localhost:3000/_next/static/chunks/node_modules_next_dist_0u_w_5s._.js:1945
[  823324ms] [ERROR] ./app/(app)/app/inventory/analytics/page.tsx:10:1
Module not found: Can't resolve './_components/setup-gaps-panel'
   8 | import { getDealsAnalytics } from './deals-actions';
   9 | import { DealsPanel } from './_components/deals-panel';
> 10 | import { SetupGapsPanel } from './_components/setup-gaps-panel';
     | ^^^^^^^^^^^^^^^^^^^^^^^^^^^^^^^^^^^^^^^^^^^^^^^^^^^^^^^^^^^^^^^^
  11 | import type { AlertItem } from './actions';
  12 | import { InventoryNav } from '../_components/inventory-nav';
  13 |

https://nextjs.org/docs/messages/module-not-found @ http://localhost:3000/_next/static/chunks/node_modules_next_dist_0u_w_5s._.js:1945
[  823386ms] [ERROR] ./app/(app)/app/inventory/analytics/page.tsx:10:1
Module not found: Can't resolve './_components/setup-gaps-panel'
   8 | import { getDealsAnalytics } from './deals-actions';
   9 | import { DealsPanel } from './_components/deals-panel';
> 10 | import { SetupGapsPanel } from './_components/setup-gaps-panel';
     | ^^^^^^^^^^^^^^^^^^^^^^^^^^^^^^^^^^^^^^^^^^^^^^^^^^^^^^^^^^^^^^^^
  11 | import type { AlertItem } from './actions';
  12 | import { InventoryNav } from '../_components/inventory-nav';
  13 |

https://nextjs.org/docs/messages/module-not-found @ http://localhost:3000/_next/static/chunks/node_modules_next_dist_0u_w_5s._.js:1945
[  823448ms] [ERROR] ./app/(app)/app/inventory/analytics/page.tsx:10:1
Module not found: Can't resolve './_components/setup-gaps-panel'
   8 | import { getDealsAnalytics } from './deals-actions';
   9 | import { DealsPanel } from './_components/deals-panel';
> 10 | import { SetupGapsPanel } from './_components/setup-gaps-panel';
     | ^^^^^^^^^^^^^^^^^^^^^^^^^^^^^^^^^^^^^^^^^^^^^^^^^^^^^^^^^^^^^^^^
  11 | import type { AlertItem } from './actions';
  12 | import { InventoryNav } from '../_components/inventory-nav';
  13 |

https://nextjs.org/docs/messages/module-not-found @ http://localhost:3000/_next/static/chunks/node_modules_next_dist_0u_w_5s._.js:1945
[  823510ms] [ERROR] ./app/(app)/app/inventory/analytics/page.tsx:10:1
Module not found: Can't resolve './_components/setup-gaps-panel'
   8 | import { getDealsAnalytics } from './deals-actions';
   9 | import { DealsPanel } from './_components/deals-panel';
> 10 | import { SetupGapsPanel } from './_components/setup-gaps-panel';
     | ^^^^^^^^^^^^^^^^^^^^^^^^^^^^^^^^^^^^^^^^^^^^^^^^^^^^^^^^^^^^^^^^
  11 | import type { AlertItem } from './actions';
  12 | import { InventoryNav } from '../_components/inventory-nav';
  13 |

https://nextjs.org/docs/messages/module-not-found @ http://localhost:3000/_next/static/chunks/node_modules_next_dist_0u_w_5s._.js:1945
[  823572ms] [ERROR] ./app/(app)/app/inventory/analytics/page.tsx:10:1
Module not found: Can't resolve './_components/setup-gaps-panel'
   8 | import { getDealsAnalytics } from './deals-actions';
   9 | import { DealsPanel } from './_components/deals-panel';
> 10 | import { SetupGapsPanel } from './_components/setup-gaps-panel';
     | ^^^^^^^^^^^^^^^^^^^^^^^^^^^^^^^^^^^^^^^^^^^^^^^^^^^^^^^^^^^^^^^^
  11 | import type { AlertItem } from './actions';
  12 | import { InventoryNav } from '../_components/inventory-nav';
  13 |

https://nextjs.org/docs/messages/module-not-found @ http://localhost:3000/_next/static/chunks/node_modules_next_dist_0u_w_5s._.js:1945
[  823634ms] [ERROR] ./app/(app)/app/inventory/analytics/page.tsx:10:1
Module not found: Can't resolve './_components/setup-gaps-panel'
   8 | import { getDealsAnalytics } from './deals-actions';
   9 | import { DealsPanel } from './_components/deals-panel';
> 10 | import { SetupGapsPanel } from './_components/setup-gaps-panel';
     | ^^^^^^^^^^^^^^^^^^^^^^^^^^^^^^^^^^^^^^^^^^^^^^^^^^^^^^^^^^^^^^^^
  11 | import type { AlertItem } from './actions';
  12 | import { InventoryNav } from '../_components/inventory-nav';
  13 |

https://nextjs.org/docs/messages/module-not-found @ http://localhost:3000/_next/static/chunks/node_modules_next_dist_0u_w_5s._.js:1945
[  823696ms] [ERROR] ./app/(app)/app/inventory/analytics/page.tsx:10:1
Module not found: Can't resolve './_components/setup-gaps-panel'
   8 | import { getDealsAnalytics } from './deals-actions';
   9 | import { DealsPanel } from './_components/deals-panel';
> 10 | import { SetupGapsPanel } from './_components/setup-gaps-panel';
     | ^^^^^^^^^^^^^^^^^^^^^^^^^^^^^^^^^^^^^^^^^^^^^^^^^^^^^^^^^^^^^^^^
  11 | import type { AlertItem } from './actions';
  12 | import { InventoryNav } from '../_components/inventory-nav';
  13 |

https://nextjs.org/docs/messages/module-not-found @ http://localhost:3000/_next/static/chunks/node_modules_next_dist_0u_w_5s._.js:1945
[  823759ms] [ERROR] ./app/(app)/app/inventory/analytics/page.tsx:10:1
Module not found: Can't resolve './_components/setup-gaps-panel'
   8 | import { getDealsAnalytics } from './deals-actions';
   9 | import { DealsPanel } from './_components/deals-panel';
> 10 | import { SetupGapsPanel } from './_components/setup-gaps-panel';
     | ^^^^^^^^^^^^^^^^^^^^^^^^^^^^^^^^^^^^^^^^^^^^^^^^^^^^^^^^^^^^^^^^
  11 | import type { AlertItem } from './actions';
  12 | import { InventoryNav } from '../_components/inventory-nav';
  13 |

https://nextjs.org/docs/messages/module-not-found @ http://localhost:3000/_next/static/chunks/node_modules_next_dist_0u_w_5s._.js:1945
[  823821ms] [ERROR] ./app/(app)/app/inventory/analytics/page.tsx:10:1
Module not found: Can't resolve './_components/setup-gaps-panel'
   8 | import { getDealsAnalytics } from './deals-actions';
   9 | import { DealsPanel } from './_components/deals-panel';
> 10 | import { SetupGapsPanel } from './_components/setup-gaps-panel';
     | ^^^^^^^^^^^^^^^^^^^^^^^^^^^^^^^^^^^^^^^^^^^^^^^^^^^^^^^^^^^^^^^^
  11 | import type { AlertItem } from './actions';
  12 | import { InventoryNav } from '../_components/inventory-nav';
  13 |

https://nextjs.org/docs/messages/module-not-found @ http://localhost:3000/_next/static/chunks/node_modules_next_dist_0u_w_5s._.js:1945
[  823883ms] [ERROR] ./app/(app)/app/inventory/analytics/page.tsx:10:1
Module not found: Can't resolve './_components/setup-gaps-panel'
   8 | import { getDealsAnalytics } from './deals-actions';
   9 | import { DealsPanel } from './_components/deals-panel';
> 10 | import { SetupGapsPanel } from './_components/setup-gaps-panel';
     | ^^^^^^^^^^^^^^^^^^^^^^^^^^^^^^^^^^^^^^^^^^^^^^^^^^^^^^^^^^^^^^^^
  11 | import type { AlertItem } from './actions';
  12 | import { InventoryNav } from '../_components/inventory-nav';
  13 |

https://nextjs.org/docs/messages/module-not-found @ http://localhost:3000/_next/static/chunks/node_modules_next_dist_0u_w_5s._.js:1945
[  823945ms] [ERROR] ./app/(app)/app/inventory/analytics/page.tsx:10:1
Module not found: Can't resolve './_components/setup-gaps-panel'
   8 | import { getDealsAnalytics } from './deals-actions';
   9 | import { DealsPanel } from './_components/deals-panel';
> 10 | import { SetupGapsPanel } from './_components/setup-gaps-panel';
     | ^^^^^^^^^^^^^^^^^^^^^^^^^^^^^^^^^^^^^^^^^^^^^^^^^^^^^^^^^^^^^^^^
  11 | import type { AlertItem } from './actions';
  12 | import { InventoryNav } from '../_components/inventory-nav';
  13 |

https://nextjs.org/docs/messages/module-not-found @ http://localhost:3000/_next/static/chunks/node_modules_next_dist_0u_w_5s._.js:1945
[  824023ms] [ERROR] ./app/(app)/app/inventory/analytics/page.tsx:10:1
Module not found: Can't resolve './_components/setup-gaps-panel'
   8 | import { getDealsAnalytics } from './deals-actions';
   9 | import { DealsPanel } from './_components/deals-panel';
> 10 | import { SetupGapsPanel } from './_components/setup-gaps-panel';
     | ^^^^^^^^^^^^^^^^^^^^^^^^^^^^^^^^^^^^^^^^^^^^^^^^^^^^^^^^^^^^^^^^
  11 | import type { AlertItem } from './actions';
  12 | import { InventoryNav } from '../_components/inventory-nav';
  13 |

https://nextjs.org/docs/messages/module-not-found @ http://localhost:3000/_next/static/chunks/node_modules_next_dist_0u_w_5s._.js:1945
[  824089ms] [ERROR] ./app/(app)/app/inventory/analytics/page.tsx:10:1
Module not found: Can't resolve './_components/setup-gaps-panel'
   8 | import { getDealsAnalytics } from './deals-actions';
   9 | import { DealsPanel } from './_components/deals-panel';
> 10 | import { SetupGapsPanel } from './_components/setup-gaps-panel';
     | ^^^^^^^^^^^^^^^^^^^^^^^^^^^^^^^^^^^^^^^^^^^^^^^^^^^^^^^^^^^^^^^^
  11 | import type { AlertItem } from './actions';
  12 | import { InventoryNav } from '../_components/inventory-nav';
  13 |

https://nextjs.org/docs/messages/module-not-found @ http://localhost:3000/_next/static/chunks/node_modules_next_dist_0u_w_5s._.js:1945
[  824150ms] [ERROR] ./app/(app)/app/inventory/analytics/page.tsx:10:1
Module not found: Can't resolve './_components/setup-gaps-panel'
   8 | import { getDealsAnalytics } from './deals-actions';
   9 | import { DealsPanel } from './_components/deals-panel';
> 10 | import { SetupGapsPanel } from './_components/setup-gaps-panel';
     | ^^^^^^^^^^^^^^^^^^^^^^^^^^^^^^^^^^^^^^^^^^^^^^^^^^^^^^^^^^^^^^^^
  11 | import type { AlertItem } from './actions';
  12 | import { InventoryNav } from '../_components/inventory-nav';
  13 |

https://nextjs.org/docs/messages/module-not-found @ http://localhost:3000/_next/static/chunks/node_modules_next_dist_0u_w_5s._.js:1945
[  824209ms] [ERROR] ./app/(app)/app/inventory/analytics/page.tsx:10:1
Module not found: Can't resolve './_components/setup-gaps-panel'
   8 | import { getDealsAnalytics } from './deals-actions';
   9 | import { DealsPanel } from './_components/deals-panel';
> 10 | import { SetupGapsPanel } from './_components/setup-gaps-panel';
     | ^^^^^^^^^^^^^^^^^^^^^^^^^^^^^^^^^^^^^^^^^^^^^^^^^^^^^^^^^^^^^^^^
  11 | import type { AlertItem } from './actions';
  12 | import { InventoryNav } from '../_components/inventory-nav';
  13 |

https://nextjs.org/docs/messages/module-not-found @ http://localhost:3000/_next/static/chunks/node_modules_next_dist_0u_w_5s._.js:1945
[  824272ms] [ERROR] ./app/(app)/app/inventory/analytics/page.tsx:10:1
Module not found: Can't resolve './_components/setup-gaps-panel'
   8 | import { getDealsAnalytics } from './deals-actions';
   9 | import { DealsPanel } from './_components/deals-panel';
> 10 | import { SetupGapsPanel } from './_components/setup-gaps-panel';
     | ^^^^^^^^^^^^^^^^^^^^^^^^^^^^^^^^^^^^^^^^^^^^^^^^^^^^^^^^^^^^^^^^
  11 | import type { AlertItem } from './actions';
  12 | import { InventoryNav } from '../_components/inventory-nav';
  13 |

https://nextjs.org/docs/messages/module-not-found @ http://localhost:3000/_next/static/chunks/node_modules_next_dist_0u_w_5s._.js:1945
[  824334ms] [ERROR] ./app/(app)/app/inventory/analytics/page.tsx:10:1
Module not found: Can't resolve './_components/setup-gaps-panel'
   8 | import { getDealsAnalytics } from './deals-actions';
   9 | import { DealsPanel } from './_components/deals-panel';
> 10 | import { SetupGapsPanel } from './_components/setup-gaps-panel';
     | ^^^^^^^^^^^^^^^^^^^^^^^^^^^^^^^^^^^^^^^^^^^^^^^^^^^^^^^^^^^^^^^^
  11 | import type { AlertItem } from './actions';
  12 | import { InventoryNav } from '../_components/inventory-nav';
  13 |

https://nextjs.org/docs/messages/module-not-found @ http://localhost:3000/_next/static/chunks/node_modules_next_dist_0u_w_5s._.js:1945
[  824396ms] [ERROR] ./app/(app)/app/inventory/analytics/page.tsx:10:1
Module not found: Can't resolve './_components/setup-gaps-panel'
   8 | import { getDealsAnalytics } from './deals-actions';
   9 | import { DealsPanel } from './_components/deals-panel';
> 10 | import { SetupGapsPanel } from './_components/setup-gaps-panel';
     | ^^^^^^^^^^^^^^^^^^^^^^^^^^^^^^^^^^^^^^^^^^^^^^^^^^^^^^^^^^^^^^^^
  11 | import type { AlertItem } from './actions';
  12 | import { InventoryNav } from '../_components/inventory-nav';
  13 |

https://nextjs.org/docs/messages/module-not-found @ http://localhost:3000/_next/static/chunks/node_modules_next_dist_0u_w_5s._.js:1945
[  824457ms] [ERROR] ./app/(app)/app/inventory/analytics/page.tsx:10:1
Module not found: Can't resolve './_components/setup-gaps-panel'
   8 | import { getDealsAnalytics } from './deals-actions';
   9 | import { DealsPanel } from './_components/deals-panel';
> 10 | import { SetupGapsPanel } from './_components/setup-gaps-panel';
     | ^^^^^^^^^^^^^^^^^^^^^^^^^^^^^^^^^^^^^^^^^^^^^^^^^^^^^^^^^^^^^^^^
  11 | import type { AlertItem } from './actions';
  12 | import { InventoryNav } from '../_components/inventory-nav';
  13 |

https://nextjs.org/docs/messages/module-not-found @ http://localhost:3000/_next/static/chunks/node_modules_next_dist_0u_w_5s._.js:1945
[  824520ms] [ERROR] ./app/(app)/app/inventory/analytics/page.tsx:10:1
Module not found: Can't resolve './_components/setup-gaps-panel'
   8 | import { getDealsAnalytics } from './deals-actions';
   9 | import { DealsPanel } from './_components/deals-panel';
> 10 | import { SetupGapsPanel } from './_components/setup-gaps-panel';
     | ^^^^^^^^^^^^^^^^^^^^^^^^^^^^^^^^^^^^^^^^^^^^^^^^^^^^^^^^^^^^^^^^
  11 | import type { AlertItem } from './actions';
  12 | import { InventoryNav } from '../_components/inventory-nav';
  13 |

https://nextjs.org/docs/messages/module-not-found @ http://localhost:3000/_next/static/chunks/node_modules_next_dist_0u_w_5s._.js:1945
[  824583ms] [ERROR] ./app/(app)/app/inventory/analytics/page.tsx:10:1
Module not found: Can't resolve './_components/setup-gaps-panel'
   8 | import { getDealsAnalytics } from './deals-actions';
   9 | import { DealsPanel } from './_components/deals-panel';
> 10 | import { SetupGapsPanel } from './_components/setup-gaps-panel';
     | ^^^^^^^^^^^^^^^^^^^^^^^^^^^^^^^^^^^^^^^^^^^^^^^^^^^^^^^^^^^^^^^^
  11 | import type { AlertItem } from './actions';
  12 | import { InventoryNav } from '../_components/inventory-nav';
  13 |

https://nextjs.org/docs/messages/module-not-found @ http://localhost:3000/_next/static/chunks/node_modules_next_dist_0u_w_5s._.js:1945
[  824644ms] [ERROR] ./app/(app)/app/inventory/analytics/page.tsx:10:1
Module not found: Can't resolve './_components/setup-gaps-panel'
   8 | import { getDealsAnalytics } from './deals-actions';
   9 | import { DealsPanel } from './_components/deals-panel';
> 10 | import { SetupGapsPanel } from './_components/setup-gaps-panel';
     | ^^^^^^^^^^^^^^^^^^^^^^^^^^^^^^^^^^^^^^^^^^^^^^^^^^^^^^^^^^^^^^^^
  11 | import type { AlertItem } from './actions';
  12 | import { InventoryNav } from '../_components/inventory-nav';
  13 |

https://nextjs.org/docs/messages/module-not-found @ http://localhost:3000/_next/static/chunks/node_modules_next_dist_0u_w_5s._.js:1945
[  824722ms] [ERROR] ./app/(app)/app/inventory/analytics/page.tsx:10:1
Module not found: Can't resolve './_components/setup-gaps-panel'
   8 | import { getDealsAnalytics } from './deals-actions';
   9 | import { DealsPanel } from './_components/deals-panel';
> 10 | import { SetupGapsPanel } from './_components/setup-gaps-panel';
     | ^^^^^^^^^^^^^^^^^^^^^^^^^^^^^^^^^^^^^^^^^^^^^^^^^^^^^^^^^^^^^^^^
  11 | import type { AlertItem } from './actions';
  12 | import { InventoryNav } from '../_components/inventory-nav';
  13 |

https://nextjs.org/docs/messages/module-not-found @ http://localhost:3000/_next/static/chunks/node_modules_next_dist_0u_w_5s._.js:1945
[  824786ms] [ERROR] ./app/(app)/app/inventory/analytics/page.tsx:10:1
Module not found: Can't resolve './_components/setup-gaps-panel'
   8 | import { getDealsAnalytics } from './deals-actions';
   9 | import { DealsPanel } from './_components/deals-panel';
> 10 | import { SetupGapsPanel } from './_components/setup-gaps-panel';
     | ^^^^^^^^^^^^^^^^^^^^^^^^^^^^^^^^^^^^^^^^^^^^^^^^^^^^^^^^^^^^^^^^
  11 | import type { AlertItem } from './actions';
  12 | import { InventoryNav } from '../_components/inventory-nav';
  13 |

https://nextjs.org/docs/messages/module-not-found @ http://localhost:3000/_next/static/chunks/node_modules_next_dist_0u_w_5s._.js:1945
[  824848ms] [ERROR] ./app/(app)/app/inventory/analytics/page.tsx:10:1
Module not found: Can't resolve './_components/setup-gaps-panel'
   8 | import { getDealsAnalytics } from './deals-actions';
   9 | import { DealsPanel } from './_components/deals-panel';
> 10 | import { SetupGapsPanel } from './_components/setup-gaps-panel';
     | ^^^^^^^^^^^^^^^^^^^^^^^^^^^^^^^^^^^^^^^^^^^^^^^^^^^^^^^^^^^^^^^^
  11 | import type { AlertItem } from './actions';
  12 | import { InventoryNav } from '../_components/inventory-nav';
  13 |

https://nextjs.org/docs/messages/module-not-found @ http://localhost:3000/_next/static/chunks/node_modules_next_dist_0u_w_5s._.js:1945
[  824926ms] [ERROR] ./app/(app)/app/inventory/analytics/page.tsx:10:1
Module not found: Can't resolve './_components/setup-gaps-panel'
   8 | import { getDealsAnalytics } from './deals-actions';
   9 | import { DealsPanel } from './_components/deals-panel';
> 10 | import { SetupGapsPanel } from './_components/setup-gaps-panel';
     | ^^^^^^^^^^^^^^^^^^^^^^^^^^^^^^^^^^^^^^^^^^^^^^^^^^^^^^^^^^^^^^^^
  11 | import type { AlertItem } from './actions';
  12 | import { InventoryNav } from '../_components/inventory-nav';
  13 |

https://nextjs.org/docs/messages/module-not-found @ http://localhost:3000/_next/static/chunks/node_modules_next_dist_0u_w_5s._.js:1945
[  825003ms] [ERROR] ./app/(app)/app/inventory/analytics/page.tsx:10:1
Module not found: Can't resolve './_components/setup-gaps-panel'
   8 | import { getDealsAnalytics } from './deals-actions';
   9 | import { DealsPanel } from './_components/deals-panel';
> 10 | import { SetupGapsPanel } from './_components/setup-gaps-panel';
     | ^^^^^^^^^^^^^^^^^^^^^^^^^^^^^^^^^^^^^^^^^^^^^^^^^^^^^^^^^^^^^^^^
  11 | import type { AlertItem } from './actions';
  12 | import { InventoryNav } from '../_components/inventory-nav';
  13 |

https://nextjs.org/docs/messages/module-not-found @ http://localhost:3000/_next/static/chunks/node_modules_next_dist_0u_w_5s._.js:1945
[  825083ms] [ERROR] ./app/(app)/app/inventory/analytics/page.tsx:10:1
Module not found: Can't resolve './_components/setup-gaps-panel'
   8 | import { getDealsAnalytics } from './deals-actions';
   9 | import { DealsPanel } from './_components/deals-panel';
> 10 | import { SetupGapsPanel } from './_components/setup-gaps-panel';
     | ^^^^^^^^^^^^^^^^^^^^^^^^^^^^^^^^^^^^^^^^^^^^^^^^^^^^^^^^^^^^^^^^
  11 | import type { AlertItem } from './actions';
  12 | import { InventoryNav } from '../_components/inventory-nav';
  13 |

https://nextjs.org/docs/messages/module-not-found @ http://localhost:3000/_next/static/chunks/node_modules_next_dist_0u_w_5s._.js:1945
[  825174ms] [ERROR] ./app/(app)/app/inventory/analytics/page.tsx:10:1
Module not found: Can't resolve './_components/setup-gaps-panel'
   8 | import { getDealsAnalytics } from './deals-actions';
   9 | import { DealsPanel } from './_components/deals-panel';
> 10 | import { SetupGapsPanel } from './_components/setup-gaps-panel';
     | ^^^^^^^^^^^^^^^^^^^^^^^^^^^^^^^^^^^^^^^^^^^^^^^^^^^^^^^^^^^^^^^^
  11 | import type { AlertItem } from './actions';
  12 | import { InventoryNav } from '../_components/inventory-nav';
  13 |

https://nextjs.org/docs/messages/module-not-found @ http://localhost:3000/_next/static/chunks/node_modules_next_dist_0u_w_5s._.js:1945
[  825254ms] [ERROR] ./app/(app)/app/inventory/analytics/page.tsx:10:1
Module not found: Can't resolve './_components/setup-gaps-panel'
   8 | import { getDealsAnalytics } from './deals-actions';
   9 | import { DealsPanel } from './_components/deals-panel';
> 10 | import { SetupGapsPanel } from './_components/setup-gaps-panel';
     | ^^^^^^^^^^^^^^^^^^^^^^^^^^^^^^^^^^^^^^^^^^^^^^^^^^^^^^^^^^^^^^^^
  11 | import type { AlertItem } from './actions';
  12 | import { InventoryNav } from '../_components/inventory-nav';
  13 |

https://nextjs.org/docs/messages/module-not-found @ http://localhost:3000/_next/static/chunks/node_modules_next_dist_0u_w_5s._.js:1945
[  825329ms] [ERROR] ./app/(app)/app/inventory/analytics/page.tsx:10:1
Module not found: Can't resolve './_components/setup-gaps-panel'
   8 | import { getDealsAnalytics } from './deals-actions';
   9 | import { DealsPanel } from './_components/deals-panel';
> 10 | import { SetupGapsPanel } from './_components/setup-gaps-panel';
     | ^^^^^^^^^^^^^^^^^^^^^^^^^^^^^^^^^^^^^^^^^^^^^^^^^^^^^^^^^^^^^^^^
  11 | import type { AlertItem } from './actions';
  12 | import { InventoryNav } from '../_components/inventory-nav';
  13 |

https://nextjs.org/docs/messages/module-not-found @ http://localhost:3000/_next/static/chunks/node_modules_next_dist_0u_w_5s._.js:1945
[  825408ms] [ERROR] ./app/(app)/app/inventory/analytics/page.tsx:10:1
Module not found: Can't resolve './_components/setup-gaps-panel'
   8 | import { getDealsAnalytics } from './deals-actions';
   9 | import { DealsPanel } from './_components/deals-panel';
> 10 | import { SetupGapsPanel } from './_components/setup-gaps-panel';
     | ^^^^^^^^^^^^^^^^^^^^^^^^^^^^^^^^^^^^^^^^^^^^^^^^^^^^^^^^^^^^^^^^
  11 | import type { AlertItem } from './actions';
  12 | import { InventoryNav } from '../_components/inventory-nav';
  13 |

https://nextjs.org/docs/messages/module-not-found @ http://localhost:3000/_next/static/chunks/node_modules_next_dist_0u_w_5s._.js:1945
[  825469ms] [ERROR] ./app/(app)/app/inventory/analytics/page.tsx:10:1
Module not found: Can't resolve './_components/setup-gaps-panel'
   8 | import { getDealsAnalytics } from './deals-actions';
   9 | import { DealsPanel } from './_components/deals-panel';
> 10 | import { SetupGapsPanel } from './_components/setup-gaps-panel';
     | ^^^^^^^^^^^^^^^^^^^^^^^^^^^^^^^^^^^^^^^^^^^^^^^^^^^^^^^^^^^^^^^^
  11 | import type { AlertItem } from './actions';
  12 | import { InventoryNav } from '../_components/inventory-nav';
  13 |

https://nextjs.org/docs/messages/module-not-found @ http://localhost:3000/_next/static/chunks/node_modules_next_dist_0u_w_5s._.js:1945
[  825545ms] [ERROR] ./app/(app)/app/inventory/analytics/page.tsx:10:1
Module not found: Can't resolve './_components/setup-gaps-panel'
   8 | import { getDealsAnalytics } from './deals-actions';
   9 | import { DealsPanel } from './_components/deals-panel';
> 10 | import { SetupGapsPanel } from './_components/setup-gaps-panel';
     | ^^^^^^^^^^^^^^^^^^^^^^^^^^^^^^^^^^^^^^^^^^^^^^^^^^^^^^^^^^^^^^^^
  11 | import type { AlertItem } from './actions';
  12 | import { InventoryNav } from '../_components/inventory-nav';
  13 |

https://nextjs.org/docs/messages/module-not-found @ http://localhost:3000/_next/static/chunks/node_modules_next_dist_0u_w_5s._.js:1945
[  825606ms] [ERROR] ./app/(app)/app/inventory/analytics/page.tsx:10:1
Module not found: Can't resolve './_components/setup-gaps-panel'
   8 | import { getDealsAnalytics } from './deals-actions';
   9 | import { DealsPanel } from './_components/deals-panel';
> 10 | import { SetupGapsPanel } from './_components/setup-gaps-panel';
     | ^^^^^^^^^^^^^^^^^^^^^^^^^^^^^^^^^^^^^^^^^^^^^^^^^^^^^^^^^^^^^^^^
  11 | import type { AlertItem } from './actions';
  12 | import { InventoryNav } from '../_components/inventory-nav';
  13 |

https://nextjs.org/docs/messages/module-not-found @ http://localhost:3000/_next/static/chunks/node_modules_next_dist_0u_w_5s._.js:1945
[  825669ms] [ERROR] ./app/(app)/app/inventory/analytics/page.tsx:10:1
Module not found: Can't resolve './_components/setup-gaps-panel'
   8 | import { getDealsAnalytics } from './deals-actions';
   9 | import { DealsPanel } from './_components/deals-panel';
> 10 | import { SetupGapsPanel } from './_components/setup-gaps-panel';
     | ^^^^^^^^^^^^^^^^^^^^^^^^^^^^^^^^^^^^^^^^^^^^^^^^^^^^^^^^^^^^^^^^
  11 | import type { AlertItem } from './actions';
  12 | import { InventoryNav } from '../_components/inventory-nav';
  13 |

https://nextjs.org/docs/messages/module-not-found @ http://localhost:3000/_next/static/chunks/node_modules_next_dist_0u_w_5s._.js:1945
[  825731ms] [ERROR] ./app/(app)/app/inventory/analytics/page.tsx:10:1
Module not found: Can't resolve './_components/setup-gaps-panel'
   8 | import { getDealsAnalytics } from './deals-actions';
   9 | import { DealsPanel } from './_components/deals-panel';
> 10 | import { SetupGapsPanel } from './_components/setup-gaps-panel';
     | ^^^^^^^^^^^^^^^^^^^^^^^^^^^^^^^^^^^^^^^^^^^^^^^^^^^^^^^^^^^^^^^^
  11 | import type { AlertItem } from './actions';
  12 | import { InventoryNav } from '../_components/inventory-nav';
  13 |

https://nextjs.org/docs/messages/module-not-found @ http://localhost:3000/_next/static/chunks/node_modules_next_dist_0u_w_5s._.js:1945
[  825810ms] [ERROR] ./app/(app)/app/inventory/analytics/page.tsx:10:1
Module not found: Can't resolve './_components/setup-gaps-panel'
   8 | import { getDealsAnalytics } from './deals-actions';
   9 | import { DealsPanel } from './_components/deals-panel';
> 10 | import { SetupGapsPanel } from './_components/setup-gaps-panel';
     | ^^^^^^^^^^^^^^^^^^^^^^^^^^^^^^^^^^^^^^^^^^^^^^^^^^^^^^^^^^^^^^^^
  11 | import type { AlertItem } from './actions';
  12 | import { InventoryNav } from '../_components/inventory-nav';
  13 |

https://nextjs.org/docs/messages/module-not-found @ http://localhost:3000/_next/static/chunks/node_modules_next_dist_0u_w_5s._.js:1945
[  825886ms] [ERROR] ./app/(app)/app/inventory/analytics/page.tsx:10:1
Module not found: Can't resolve './_components/setup-gaps-panel'
   8 | import { getDealsAnalytics } from './deals-actions';
   9 | import { DealsPanel } from './_components/deals-panel';
> 10 | import { SetupGapsPanel } from './_components/setup-gaps-panel';
     | ^^^^^^^^^^^^^^^^^^^^^^^^^^^^^^^^^^^^^^^^^^^^^^^^^^^^^^^^^^^^^^^^
  11 | import type { AlertItem } from './actions';
  12 | import { InventoryNav } from '../_components/inventory-nav';
  13 |

https://nextjs.org/docs/messages/module-not-found @ http://localhost:3000/_next/static/chunks/node_modules_next_dist_0u_w_5s._.js:1945
[  825948ms] [ERROR] ./app/(app)/app/inventory/analytics/page.tsx:10:1
Module not found: Can't resolve './_components/setup-gaps-panel'
   8 | import { getDealsAnalytics } from './deals-actions';
   9 | import { DealsPanel } from './_components/deals-panel';
> 10 | import { SetupGapsPanel } from './_components/setup-gaps-panel';
     | ^^^^^^^^^^^^^^^^^^^^^^^^^^^^^^^^^^^^^^^^^^^^^^^^^^^^^^^^^^^^^^^^
  11 | import type { AlertItem } from './actions';
  12 | import { InventoryNav } from '../_components/inventory-nav';
  13 |

https://nextjs.org/docs/messages/module-not-found @ http://localhost:3000/_next/static/chunks/node_modules_next_dist_0u_w_5s._.js:1945
[  826010ms] [ERROR] ./app/(app)/app/inventory/analytics/page.tsx:10:1
Module not found: Can't resolve './_components/setup-gaps-panel'
   8 | import { getDealsAnalytics } from './deals-actions';
   9 | import { DealsPanel } from './_components/deals-panel';
> 10 | import { SetupGapsPanel } from './_components/setup-gaps-panel';
     | ^^^^^^^^^^^^^^^^^^^^^^^^^^^^^^^^^^^^^^^^^^^^^^^^^^^^^^^^^^^^^^^^
  11 | import type { AlertItem } from './actions';
  12 | import { InventoryNav } from '../_components/inventory-nav';
  13 |

https://nextjs.org/docs/messages/module-not-found @ http://localhost:3000/_next/static/chunks/node_modules_next_dist_0u_w_5s._.js:1945
[  826073ms] [ERROR] ./app/(app)/app/inventory/analytics/page.tsx:10:1
Module not found: Can't resolve './_components/setup-gaps-panel'
   8 | import { getDealsAnalytics } from './deals-actions';
   9 | import { DealsPanel } from './_components/deals-panel';
> 10 | import { SetupGapsPanel } from './_components/setup-gaps-panel';
     | ^^^^^^^^^^^^^^^^^^^^^^^^^^^^^^^^^^^^^^^^^^^^^^^^^^^^^^^^^^^^^^^^
  11 | import type { AlertItem } from './actions';
  12 | import { InventoryNav } from '../_components/inventory-nav';
  13 |

https://nextjs.org/docs/messages/module-not-found @ http://localhost:3000/_next/static/chunks/node_modules_next_dist_0u_w_5s._.js:1945
[  826135ms] [ERROR] ./app/(app)/app/inventory/analytics/page.tsx:10:1
Module not found: Can't resolve './_components/setup-gaps-panel'
   8 | import { getDealsAnalytics } from './deals-actions';
   9 | import { DealsPanel } from './_components/deals-panel';
> 10 | import { SetupGapsPanel } from './_components/setup-gaps-panel';
     | ^^^^^^^^^^^^^^^^^^^^^^^^^^^^^^^^^^^^^^^^^^^^^^^^^^^^^^^^^^^^^^^^
  11 | import type { AlertItem } from './actions';
  12 | import { InventoryNav } from '../_components/inventory-nav';
  13 |

https://nextjs.org/docs/messages/module-not-found @ http://localhost:3000/_next/static/chunks/node_modules_next_dist_0u_w_5s._.js:1945
[  826197ms] [ERROR] ./app/(app)/app/inventory/analytics/page.tsx:10:1
Module not found: Can't resolve './_components/setup-gaps-panel'
   8 | import { getDealsAnalytics } from './deals-actions';
   9 | import { DealsPanel } from './_components/deals-panel';
> 10 | import { SetupGapsPanel } from './_components/setup-gaps-panel';
     | ^^^^^^^^^^^^^^^^^^^^^^^^^^^^^^^^^^^^^^^^^^^^^^^^^^^^^^^^^^^^^^^^
  11 | import type { AlertItem } from './actions';
  12 | import { InventoryNav } from '../_components/inventory-nav';
  13 |

https://nextjs.org/docs/messages/module-not-found @ http://localhost:3000/_next/static/chunks/node_modules_next_dist_0u_w_5s._.js:1945
[  826274ms] [ERROR] ./app/(app)/app/inventory/analytics/page.tsx:10:1
Module not found: Can't resolve './_components/setup-gaps-panel'
   8 | import { getDealsAnalytics } from './deals-actions';
   9 | import { DealsPanel } from './_components/deals-panel';
> 10 | import { SetupGapsPanel } from './_components/setup-gaps-panel';
     | ^^^^^^^^^^^^^^^^^^^^^^^^^^^^^^^^^^^^^^^^^^^^^^^^^^^^^^^^^^^^^^^^
  11 | import type { AlertItem } from './actions';
  12 | import { InventoryNav } from '../_components/inventory-nav';
  13 |

https://nextjs.org/docs/messages/module-not-found @ http://localhost:3000/_next/static/chunks/node_modules_next_dist_0u_w_5s._.js:1945
[  826338ms] [ERROR] ./app/(app)/app/inventory/analytics/page.tsx:10:1
Module not found: Can't resolve './_components/setup-gaps-panel'
   8 | import { getDealsAnalytics } from './deals-actions';
   9 | import { DealsPanel } from './_components/deals-panel';
> 10 | import { SetupGapsPanel } from './_components/setup-gaps-panel';
     | ^^^^^^^^^^^^^^^^^^^^^^^^^^^^^^^^^^^^^^^^^^^^^^^^^^^^^^^^^^^^^^^^
  11 | import type { AlertItem } from './actions';
  12 | import { InventoryNav } from '../_components/inventory-nav';
  13 |

https://nextjs.org/docs/messages/module-not-found @ http://localhost:3000/_next/static/chunks/node_modules_next_dist_0u_w_5s._.js:1945
[  826421ms] [ERROR] ./app/(app)/app/inventory/analytics/page.tsx:10:1
Module not found: Can't resolve './_components/setup-gaps-panel'
   8 | import { getDealsAnalytics } from './deals-actions';
   9 | import { DealsPanel } from './_components/deals-panel';
> 10 | import { SetupGapsPanel } from './_components/setup-gaps-panel';
     | ^^^^^^^^^^^^^^^^^^^^^^^^^^^^^^^^^^^^^^^^^^^^^^^^^^^^^^^^^^^^^^^^
  11 | import type { AlertItem } from './actions';
  12 | import { InventoryNav } from '../_components/inventory-nav';
  13 |

https://nextjs.org/docs/messages/module-not-found @ http://localhost:3000/_next/static/chunks/node_modules_next_dist_0u_w_5s._.js:1945
[  826493ms] [ERROR] ./app/(app)/app/inventory/analytics/page.tsx:10:1
Module not found: Can't resolve './_components/setup-gaps-panel'
   8 | import { getDealsAnalytics } from './deals-actions';
   9 | import { DealsPanel } from './_components/deals-panel';
> 10 | import { SetupGapsPanel } from './_components/setup-gaps-panel';
     | ^^^^^^^^^^^^^^^^^^^^^^^^^^^^^^^^^^^^^^^^^^^^^^^^^^^^^^^^^^^^^^^^
  11 | import type { AlertItem } from './actions';
  12 | import { InventoryNav } from '../_components/inventory-nav';
  13 |

https://nextjs.org/docs/messages/module-not-found @ http://localhost:3000/_next/static/chunks/node_modules_next_dist_0u_w_5s._.js:1945
[  826571ms] [ERROR] ./app/(app)/app/inventory/analytics/page.tsx:10:1
Module not found: Can't resolve './_components/setup-gaps-panel'
   8 | import { getDealsAnalytics } from './deals-actions';
   9 | import { DealsPanel } from './_components/deals-panel';
> 10 | import { SetupGapsPanel } from './_components/setup-gaps-panel';
     | ^^^^^^^^^^^^^^^^^^^^^^^^^^^^^^^^^^^^^^^^^^^^^^^^^^^^^^^^^^^^^^^^
  11 | import type { AlertItem } from './actions';
  12 | import { InventoryNav } from '../_components/inventory-nav';
  13 |

https://nextjs.org/docs/messages/module-not-found @ http://localhost:3000/_next/static/chunks/node_modules_next_dist_0u_w_5s._.js:1945
[  826707ms] [LOG] [Fast Refresh] rebuilding @ http://localhost:3000/_next/static/chunks/node_modules_next_dist_0u_w_5s._.js:1226
[  826839ms] [ERROR] ./app/(app)/app/inventory/analytics/page.tsx:10:1
Module not found: Can't resolve './_components/setup-gaps-panel'
   8 | import { getDealsAnalytics } from './deals-actions';
   9 | import { DealsPanel } from './_components/deals-panel';
> 10 | import { SetupGapsPanel } from './_components/setup-gaps-panel';
     | ^^^^^^^^^^^^^^^^^^^^^^^^^^^^^^^^^^^^^^^^^^^^^^^^^^^^^^^^^^^^^^^^
  11 | import type { AlertItem } from './actions';
  12 | import { InventoryNav } from '../_components/inventory-nav';
  13 |

https://nextjs.org/docs/messages/module-not-found @ http://localhost:3000/_next/static/chunks/node_modules_next_dist_0u_w_5s._.js:1945
[  826842ms] [ERROR] ./app/(app)/app/inventory/analytics/page.tsx:10:1
Module not found: Can't resolve './_components/setup-gaps-panel'
   8 | import { getDealsAnalytics } from './deals-actions';
   9 | import { DealsPanel } from './_components/deals-panel';
> 10 | import { SetupGapsPanel } from './_components/setup-gaps-panel';
     | ^^^^^^^^^^^^^^^^^^^^^^^^^^^^^^^^^^^^^^^^^^^^^^^^^^^^^^^^^^^^^^^^
  11 | import type { AlertItem } from './actions';
  12 | import { InventoryNav } from '../_components/inventory-nav';
  13 |

https://nextjs.org/docs/messages/module-not-found @ http://localhost:3000/_next/static/chunks/node_modules_next_dist_0u_w_5s._.js:1945
[  826894ms] [ERROR] ./app/(app)/app/inventory/analytics/page.tsx:10:1
Module not found: Can't resolve './_components/setup-gaps-panel'
   8 | import { getDealsAnalytics } from './deals-actions';
   9 | import { DealsPanel } from './_components/deals-panel';
> 10 | import { SetupGapsPanel } from './_components/setup-gaps-panel';
     | ^^^^^^^^^^^^^^^^^^^^^^^^^^^^^^^^^^^^^^^^^^^^^^^^^^^^^^^^^^^^^^^^
  11 | import type { AlertItem } from './actions';
  12 | import { InventoryNav } from '../_components/inventory-nav';
  13 |

https://nextjs.org/docs/messages/module-not-found @ http://localhost:3000/_next/static/chunks/node_modules_next_dist_0u_w_5s._.js:1945
[  826957ms] [ERROR] ./app/(app)/app/inventory/analytics/page.tsx:10:1
Module not found: Can't resolve './_components/setup-gaps-panel'
   8 | import { getDealsAnalytics } from './deals-actions';
   9 | import { DealsPanel } from './_components/deals-panel';
> 10 | import { SetupGapsPanel } from './_components/setup-gaps-panel';
     | ^^^^^^^^^^^^^^^^^^^^^^^^^^^^^^^^^^^^^^^^^^^^^^^^^^^^^^^^^^^^^^^^
  11 | import type { AlertItem } from './actions';
  12 | import { InventoryNav } from '../_components/inventory-nav';
  13 |

https://nextjs.org/docs/messages/module-not-found @ http://localhost:3000/_next/static/chunks/node_modules_next_dist_0u_w_5s._.js:1945
[  827019ms] [ERROR] ./app/(app)/app/inventory/analytics/page.tsx:10:1
Module not found: Can't resolve './_components/setup-gaps-panel'
   8 | import { getDealsAnalytics } from './deals-actions';
   9 | import { DealsPanel } from './_components/deals-panel';
> 10 | import { SetupGapsPanel } from './_components/setup-gaps-panel';
     | ^^^^^^^^^^^^^^^^^^^^^^^^^^^^^^^^^^^^^^^^^^^^^^^^^^^^^^^^^^^^^^^^
  11 | import type { AlertItem } from './actions';
  12 | import { InventoryNav } from '../_components/inventory-nav';
  13 |

https://nextjs.org/docs/messages/module-not-found @ http://localhost:3000/_next/static/chunks/node_modules_next_dist_0u_w_5s._.js:1945
[  827080ms] [ERROR] ./app/(app)/app/inventory/analytics/page.tsx:10:1
Module not found: Can't resolve './_components/setup-gaps-panel'
   8 | import { getDealsAnalytics } from './deals-actions';
   9 | import { DealsPanel } from './_components/deals-panel';
> 10 | import { SetupGapsPanel } from './_components/setup-gaps-panel';
     | ^^^^^^^^^^^^^^^^^^^^^^^^^^^^^^^^^^^^^^^^^^^^^^^^^^^^^^^^^^^^^^^^
  11 | import type { AlertItem } from './actions';
  12 | import { InventoryNav } from '../_components/inventory-nav';
  13 |

https://nextjs.org/docs/messages/module-not-found @ http://localhost:3000/_next/static/chunks/node_modules_next_dist_0u_w_5s._.js:1945
[  827144ms] [ERROR] ./app/(app)/app/inventory/analytics/page.tsx:10:1
Module not found: Can't resolve './_components/setup-gaps-panel'
   8 | import { getDealsAnalytics } from './deals-actions';
   9 | import { DealsPanel } from './_components/deals-panel';
> 10 | import { SetupGapsPanel } from './_components/setup-gaps-panel';
     | ^^^^^^^^^^^^^^^^^^^^^^^^^^^^^^^^^^^^^^^^^^^^^^^^^^^^^^^^^^^^^^^^
  11 | import type { AlertItem } from './actions';
  12 | import { InventoryNav } from '../_components/inventory-nav';
  13 |

https://nextjs.org/docs/messages/module-not-found @ http://localhost:3000/_next/static/chunks/node_modules_next_dist_0u_w_5s._.js:1945
[  827205ms] [ERROR] ./app/(app)/app/inventory/analytics/page.tsx:10:1
Module not found: Can't resolve './_components/setup-gaps-panel'
   8 | import { getDealsAnalytics } from './deals-actions';
   9 | import { DealsPanel } from './_components/deals-panel';
> 10 | import { SetupGapsPanel } from './_components/setup-gaps-panel';
     | ^^^^^^^^^^^^^^^^^^^^^^^^^^^^^^^^^^^^^^^^^^^^^^^^^^^^^^^^^^^^^^^^
  11 | import type { AlertItem } from './actions';
  12 | import { InventoryNav } from '../_components/inventory-nav';
  13 |

https://nextjs.org/docs/messages/module-not-found @ http://localhost:3000/_next/static/chunks/node_modules_next_dist_0u_w_5s._.js:1945
[  827267ms] [ERROR] ./app/(app)/app/inventory/analytics/page.tsx:10:1
Module not found: Can't resolve './_components/setup-gaps-panel'
   8 | import { getDealsAnalytics } from './deals-actions';
   9 | import { DealsPanel } from './_components/deals-panel';
> 10 | import { SetupGapsPanel } from './_components/setup-gaps-panel';
     | ^^^^^^^^^^^^^^^^^^^^^^^^^^^^^^^^^^^^^^^^^^^^^^^^^^^^^^^^^^^^^^^^
  11 | import type { AlertItem } from './actions';
  12 | import { InventoryNav } from '../_components/inventory-nav';
  13 |

https://nextjs.org/docs/messages/module-not-found @ http://localhost:3000/_next/static/chunks/node_modules_next_dist_0u_w_5s._.js:1945
[  827346ms] [ERROR] ./app/(app)/app/inventory/analytics/page.tsx:10:1
Module not found: Can't resolve './_components/setup-gaps-panel'
   8 | import { getDealsAnalytics } from './deals-actions';
   9 | import { DealsPanel } from './_components/deals-panel';
> 10 | import { SetupGapsPanel } from './_components/setup-gaps-panel';
     | ^^^^^^^^^^^^^^^^^^^^^^^^^^^^^^^^^^^^^^^^^^^^^^^^^^^^^^^^^^^^^^^^
  11 | import type { AlertItem } from './actions';
  12 | import { InventoryNav } from '../_components/inventory-nav';
  13 |

https://nextjs.org/docs/messages/module-not-found @ http://localhost:3000/_next/static/chunks/node_modules_next_dist_0u_w_5s._.js:1945
[  827409ms] [ERROR] ./app/(app)/app/inventory/analytics/page.tsx:10:1
Module not found: Can't resolve './_components/setup-gaps-panel'
   8 | import { getDealsAnalytics } from './deals-actions';
   9 | import { DealsPanel } from './_components/deals-panel';
> 10 | import { SetupGapsPanel } from './_components/setup-gaps-panel';
     | ^^^^^^^^^^^^^^^^^^^^^^^^^^^^^^^^^^^^^^^^^^^^^^^^^^^^^^^^^^^^^^^^
  11 | import type { AlertItem } from './actions';
  12 | import { InventoryNav } from '../_components/inventory-nav';
  13 |

https://nextjs.org/docs/messages/module-not-found @ http://localhost:3000/_next/static/chunks/node_modules_next_dist_0u_w_5s._.js:1945
[  827545ms] [LOG] [Fast Refresh] rebuilding @ http://localhost:3000/_next/static/chunks/node_modules_next_dist_0u_w_5s._.js:1226
[  828183ms] [LOG] [Fast Refresh] done in 750ms @ http://localhost:3000/_next/static/chunks/node_modules_next_dist_0u_w_5s._.js:1226
[  828367ms] [LOG] [Fast Refresh] rebuilding @ http://localhost:3000/_next/static/chunks/node_modules_next_dist_0u_w_5s._.js:1226
[  828490ms] [LOG] [Fast Refresh] done in 237ms @ http://localhost:3000/_next/static/chunks/node_modules_next_dist_0u_w_5s._.js:1226
[  828833ms] [LOG] [Fast Refresh] rebuilding @ http://localhost:3000/_next/static/chunks/node_modules_next_dist_0u_w_5s._.js:1226
[  830115ms] [LOG] [Fast Refresh] done in 1383ms @ http://localhost:3000/_next/static/chunks/node_modules_next_dist_0u_w_5s._.js:1226
[  830245ms] [LOG] [Fast Refresh] rebuilding @ http://localhost:3000/_next/static/chunks/node_modules_next_dist_0u_w_5s._.js:1226
[  830815ms] [LOG] [Fast Refresh] done in 684ms @ http://localhost:3000/_next/static/chunks/node_modules_next_dist_0u_w_5s._.js:1226
[  832406ms] [INFO] %cDownload the React DevTools for a better development experience: https://react.dev/link/react-devtools font-weight:bold @ http://localhost:3000/_next/static/chunks/node_modules_next_dist_115brz8._.js:2431
[  832562ms] [LOG] [HMR] connected @ http://localhost:3000/_next/static/chunks/node_modules_next_dist_115brz8._.js:2431
[  832773ms] [LOG] [Fast Refresh] rebuilding @ http://localhost:3000/_next/static/chunks/node_modules_next_dist_115brz8._.js:2431
[  832819ms] [LOG] [Fast Refresh] done in 149ms @ http://localhost:3000/_next/static/chunks/node_modules_next_dist_115brz8._.js:2431
[  832974ms] [WARNING] The width(-1) and height(-1) of chart should be greater than 0,
       please check the style of container, or the props width(100%) and height(100%),
       or add a minWidth(0) or minHeight(undefined) or use aspect(undefined) to control the
       height and width. @ http://localhost:3000/_next/static/chunks/node_modules_next_dist_115brz8._.js:2431
[  832975ms] [WARNING] The width(-1) and height(-1) of chart should be greater than 0,
       please check the style of container, or the props width(100%) and height(100%),
       or add a minWidth(0) or minHeight(undefined) or use aspect(undefined) to control the
       height and width. @ http://localhost:3000/_next/static/chunks/node_modules_next_dist_115brz8._.js:2431
[  832980ms] [WARNING] The width(-1) and height(-1) of chart should be greater than 0,
       please check the style of container, or the props width(100%) and height(100%),
       or add a minWidth(0) or minHeight(undefined) or use aspect(undefined) to control the
       height and width. @ http://localhost:3000/_next/static/chunks/node_modules_next_dist_115brz8._.js:2431
[  832980ms] [WARNING] The width(-1) and height(-1) of chart should be greater than 0,
       please check the style of container, or the props width(100%) and height(100%),
       or add a minWidth(0) or minHeight(undefined) or use aspect(undefined) to control the
       height and width. @ http://localhost:3000/_next/static/chunks/node_modules_next_dist_115brz8._.js:2431
[  832988ms] [WARNING] The width(-1) and height(-1) of chart should be greater than 0,
       please check the style of container, or the props width(100%) and height(100%),
       or add a minWidth(0) or minHeight(undefined) or use aspect(undefined) to control the
       height and width. @ http://localhost:3000/_next/static/chunks/node_modules_next_dist_115brz8._.js:2431
[  832988ms] [WARNING] The width(-1) and height(-1) of chart should be greater than 0,
       please check the style of container, or the props width(100%) and height(100%),
       or add a minWidth(0) or minHeight(undefined) or use aspect(undefined) to control the
       height and width. @ http://localhost:3000/_next/static/chunks/node_modules_next_dist_115brz8._.js:2431
[  832992ms] [WARNING] The width(-1) and height(-1) of chart should be greater than 0,
       please check the style of container, or the props width(100%) and height(100%),
       or add a minWidth(0) or minHeight(undefined) or use aspect(undefined) to control the
       height and width. @ http://localhost:3000/_next/static/chunks/node_modules_next_dist_115brz8._.js:2431
[  832994ms] [WARNING] The width(-1) and height(-1) of chart should be greater than 0,
       please check the style of container, or the props width(100%) and height(100%),
       or add a minWidth(0) or minHeight(undefined) or use aspect(undefined) to control the
       height and width. @ http://localhost:3000/_next/static/chunks/node_modules_next_dist_115brz8._.js:2431
[  833003ms] [WARNING] The width(-1) and height(-1) of chart should be greater than 0,
       please check the style of container, or the props width(100%) and height(100%),
       or add a minWidth(0) or minHeight(undefined) or use aspect(undefined) to control the
       height and width. @ http://localhost:3000/_next/static/chunks/node_modules_next_dist_115brz8._.js:2431
[  833004ms] [WARNING] The width(-1) and height(-1) of chart should be greater than 0,
       please check the style of container, or the props width(100%) and height(100%),
       or add a minWidth(0) or minHeight(undefined) or use aspect(undefined) to control the
       height and width. @ http://localhost:3000/_next/static/chunks/node_modules_next_dist_115brz8._.js:2431
[  833015ms] [WARNING] The width(-1) and height(-1) of chart should be greater than 0,
       please check the style of container, or the props width(100%) and height(100%),
       or add a minWidth(0) or minHeight(undefined) or use aspect(undefined) to control the
       height and width. @ http://localhost:3000/_next/static/chunks/node_modules_next_dist_115brz8._.js:2431
[  833017ms] [WARNING] The width(-1) and height(-1) of chart should be greater than 0,
       please check the style of container, or the props width(100%) and height(100%),
       or add a minWidth(0) or minHeight(undefined) or use aspect(undefined) to control the
       height and width. @ http://localhost:3000/_next/static/chunks/node_modules_next_dist_115brz8._.js:2431
[  834263ms] [LOG] [Fast Refresh] rebuilding @ http://localhost:3000/_next/static/chunks/node_modules_next_dist_115brz8._.js:2431
[  834267ms] [LOG] [Fast Refresh] done in 1244ms @ http://localhost:3000/_next/static/chunks/node_modules_next_dist_115brz8._.js:2431
[  835254ms] [INFO] Loading the script 'https://va.vercel-scripts.com/v1/script.debug.js' violates the following Content Security Policy directive: "script-src 'self' 'unsafe-inline' 'unsafe-eval'". Note that 'script-src-elem' was not explicitly set, so 'script-src' is used as a fallback. The policy is report-only, so the violation has been logged but no further action has been taken. @ http://localhost:3000/_next/static/chunks/node_modules_04laho7._.js:174
[  835261ms] [LOG] %c[Vercel Web Analytics]%c Debug mode is enabled by default in development. No requests will be sent to the server. color: rgb(120, 120, 120) color: inherit @ http://localhost:3000/_next/static/chunks/node_modules_next_dist_115brz8._.js:2431
[  835262ms] [LOG] %c[Vercel Web Analytics]%c Running queued event color: rgb(120, 120, 120) color: inherit pageview {route: /app/inventory/analytics, path: /app/inventory/analytics} @ http://localhost:3000/_next/static/chunks/node_modules_next_dist_115brz8._.js:2431
[  835262ms] [LOG] %c[Vercel Web Analytics]%c [view] http://localhost:3000/app/inventory/analytics color: rgb(120, 120, 120) color: inherit {o: http://localhost:3000/app/inventory/analytics, sv: 0.1.3, sdkn: @vercel/analytics/next, sdkv: 2.0.1, ts: 1787206438695} /_vercel/insights/view @ http://localhost:3000/_next/static/chunks/node_modules_next_dist_115brz8._.js:2431
[  850570ms] [LOG] [Fast Refresh] rebuilding @ http://localhost:3000/_next/static/chunks/node_modules_next_dist_115brz8._.js:2431
[  850836ms] [LOG] [Fast Refresh] done in 370ms @ http://localhost:3000/_next/static/chunks/node_modules_next_dist_115brz8._.js:2431
[  853715ms] [LOG] [Fast Refresh] rebuilding @ http://localhost:3000/_next/static/chunks/node_modules_next_dist_115brz8._.js:2431
[  853991ms] [LOG] [Fast Refresh] done in 377ms @ http://localhost:3000/_next/static/chunks/node_modules_next_dist_115brz8._.js:2431
[  854320ms] [LOG] [Fast Refresh] rebuilding @ http://localhost:3000/_next/static/chunks/node_modules_next_dist_115brz8._.js:2431
[  854636ms] [LOG] [Fast Refresh] done in 422ms @ http://localhost:3000/_next/static/chunks/node_modules_next_dist_115brz8._.js:2431
[  854771ms] [LOG] [Fast Refresh] rebuilding @ http://localhost:3000/_next/static/chunks/node_modules_next_dist_115brz8._.js:2431
[  855176ms] [LOG] [Fast Refresh] done in 510ms @ http://localhost:3000/_next/static/chunks/node_modules_next_dist_115brz8._.js:2431
[  856588ms] [LOG] [Fast Refresh] rebuilding @ http://localhost:3000/_next/static/chunks/node_modules_next_dist_115brz8._.js:2431
[  857962ms] [LOG] [Fast Refresh] done in 1476ms @ http://localhost:3000/_next/static/chunks/node_modules_next_dist_115brz8._.js:2431
[  873719ms] [LOG] [Fast Refresh] rebuilding @ http://localhost:3000/_next/static/chunks/node_modules_next_dist_115brz8._.js:2431
[  873797ms] [LOG] [Fast Refresh] done in 187ms @ http://localhost:3000/_next/static/chunks/node_modules_next_dist_115brz8._.js:2431
[  874200ms] [LOG] [Fast Refresh] rebuilding @ http://localhost:3000/_next/static/chunks/node_modules_next_dist_115brz8._.js:2431
[  874368ms] [LOG] [Fast Refresh] done in 273ms @ http://localhost:3000/_next/static/chunks/node_modules_next_dist_115brz8._.js:2431
[  874506ms] [LOG] [Fast Refresh] rebuilding @ http://localhost:3000/_next/static/chunks/node_modules_next_dist_115brz8._.js:2431
[  874683ms] [LOG] [Fast Refresh] done in 277ms @ http://localhost:3000/_next/static/chunks/node_modules_next_dist_115brz8._.js:2431
[  875178ms] [LOG] [Fast Refresh] rebuilding @ http://localhost:3000/_next/static/chunks/node_modules_next_dist_115brz8._.js:2431
[  875189ms] [LOG] [Fast Refresh] done in 125ms @ http://localhost:3000/_next/static/chunks/node_modules_next_dist_115brz8._.js:2431
[  875537ms] [LOG] [Fast Refresh] rebuilding @ http://localhost:3000/_next/static/chunks/node_modules_next_dist_115brz8._.js:2431
[  875585ms] [LOG] [Fast Refresh] done in 154ms @ http://localhost:3000/_next/static/chunks/node_modules_next_dist_115brz8._.js:2431
