[ 2226782ms] [ERROR] Access to fetch at 'https://api.rlcdn.com/api/identity/envelope?pid=107' from origin 'https://calamitymod.wiki.gg' has been blocked by CORS policy: No 'Access-Control-Allow-Origin' header is present on the requested resource. @ https://calamitymod.wiki.gg/wiki/The_Codebreaker:0
[ 2226783ms] [ERROR] Failed to load resource: net::ERR_FAILED @ https://api.rlcdn.com/api/identity/envelope?pid=107:0
[ 2227592ms] [LOG] Starting 3pc test @ https://static.anonm.io/light/check3pc.html:10
[ 2227597ms] [LOG] 3PC enabled: true @ https://static.anonm.io/light/check3pc.html:33
[ 2227598ms] [LOG] Storage API: cookie access granted @ https://static.anonm.io/light/check3pc.html:16
[ 2227994ms] [WARNING] An iframe which has both allow-scripts and allow-same-origin for its sandbox attribute can escape its sandboxing. @ https://scripts.webcontentassessor.com/scripts/fa866076b638fb98d1cc84e16435f506c69ce3f3d6433bb2591568441bb1a2ca:0
[ 2228765ms] [ERROR] Attestation check for Shared Storage on https://www.googleadservices.com failed. @ https://www.googleadservices.com/pagead/managed/js/activeview/current/reach_worklet.html:0
[ 2228782ms] [ERROR] Attestation check for Shared Storage on https://www.googleadservices.com failed. @ https://www.googleadservices.com/pagead/managed/js/activeview/current/reach_worklet.html:0
[ 2228765ms] [ERROR] Attestation check for Shared Storage on https://www.googleadservices.com failed. @ https://www.googleadservices.com/pagead/managed/js/activeview/current/reach_worklet.html:0
[ 2228782ms] [ERROR] Attestation check for Shared Storage on https://www.googleadservices.com failed. @ https://www.googleadservices.com/pagead/managed/js/activeview/current/reach_worklet.html:0
[ 2229041ms] [WARNING] The resource https://securepubads.g.doubleclick.net/tag/js/gpt.js was preloaded using link preload but not used within a few seconds from the window's load event. Please make sure it has an appropriate `as` value and it is preloaded intentionally. @ https://calamitymod.wiki.gg/wiki/The_Codebreaker:0
[ 2229041ms] [WARNING] The resource https://00917082-71e9-498e-8343-00c3df06b798.edge.permutive.app/00917082-71e9-498e-8343-00c3df06b798-web.js was preloaded using link preload but not used within a few seconds from the window's load event. Please make sure it has an appropriate `as` value and it is preloaded intentionally. @ https://calamitymod.wiki.gg/wiki/The_Codebreaker:0
[ 2229061ms] [ERROR] Attestation check for Shared Storage on https://www.googleadservices.com failed. @ https://www.googleadservices.com/pagead/managed/js/activeview/current/reach_worklet.html:0
[ 2232990ms] [ERROR] Failed to load resource: net::ERR_NAME_NOT_RESOLVED @ https://su.addthis.com/red/usync?pid=11124&puid=4a0d23b4-5c81-4bc7-9c5e-86810c4ad48f&url=https%3a%2f%2fmatch.adsrvr.org%2ftrack%2fcmf%2fgeneric%3fttd_pid%3daddthis:0
[ 2234196ms] [ERROR] Failed to load resource: net::ERR_TOO_MANY_REDIRECTS @ https://partners.tremorhub.com/sync?UIIQ=bb2791a6-be67-498e-a061-ef0848eacec3:0
[ 2234234ms] [ERROR] Failed to load resource: the server responded with a status of 400 () @ https://eb2.3lift.com/getuid?gdpr=0&gdpr_consent=&redir=https%3A%2F%2Fvisitor.us-east4.gcp.omnitagjs.com%2Fvisitor%2Fsync%3Fgdpr%3D0%26gdpr_consent%3D%26is_cookie_sync_uid%3D1%26name%3DTRIPLELIFT_cookie_sync%26ttl%3D720%26uid%3D771bebe2d6221e9ca65e16ebf8d2f6f3%26visitor%3D%24UID:0
[ 2234399ms] [ERROR] Failed to load resource: the server responded with a status of 424 (Failed Dependency) @ https://t.adx.opera.com/pub/sync?pubid=pub10101531197440&gdpr=1&gdpr_consent=:0
[ 2234436ms] [ERROR] Failed to load resource: the server responded with a status of 424 (Failed Dependency) @ https://t.adx.opera.com/pub/sync?pubid=pub10101531197440&gdpr=1&gdpr_consent=:0
[ 2234399ms] [ERROR] Failed to load resource: the server responded with a status of 424 (Failed Dependency) @ https://t.adx.opera.com/pub/sync?pubid=pub10101531197440&gdpr=1&gdpr_consent=:0
[ 2234436ms] [ERROR] Failed to load resource: the server responded with a status of 424 (Failed Dependency) @ https://t.adx.opera.com/pub/sync?pubid=pub10101531197440&gdpr=1&gdpr_consent=:0
[ 2234664ms] [WARNING] The resource https://securepubads.g.doubleclick.net/tag/js/gpt.js was preloaded using link preload but not used within a few seconds from the window's load event. Please make sure it has an appropriate `as` value and it is preloaded intentionally. @ https://calamitymod.wiki.gg/wiki/The_Codebreaker:0
[ 2234664ms] [WARNING] The resource https://00917082-71e9-498e-8343-00c3df06b798.edge.permutive.app/00917082-71e9-498e-8343-00c3df06b798-web.js was preloaded using link preload but not used within a few seconds from the window's load event. Please make sure it has an appropriate `as` value and it is preloaded intentionally. @ https://calamitymod.wiki.gg/wiki/The_Codebreaker:0
[ 2234701ms] [ERROR] Failed to load resource: net::ERR_TOO_MANY_REDIRECTS @ https://pxl.iqm.com/i/ck/pubmatic?puid=C79B46CD-4881-451A-94B5-9C73D0ED51B9:0
[ 2234953ms] [ERROR] Failed to load resource: net::ERR_HTTP2_SERVER_REFUSED_STREAM @ https://cs.admanmedia.com/73c1e1bfc3bde354d60b80e601ae3914.gif?puid=[UID]&redir=https%3A%2F%2Fonetag-sys.com%2Fmatch%2F%3Fint_id%3D164%26gdpr%3D0%26gdpr_consent%3D%26uid%3D%5BUID%5D&gdpr=0&gdpr_consent=&ccpa=&coppa=:0
[ 2234953ms] [ERROR] Failed to load resource: net::ERR_HTTP2_SERVER_REFUSED_STREAM @ https://cs.admanmedia.com/e03deca3316b700a1ce99c41e324fd03.gif?puid=ID5-5-4ef800e2-49f6-464a-911f-de202c53fd20&redir=https%3A%2F%2Fsync.inmobi.com%2Fsetuid%3FbidderID%3D149%26dspUserId%3D%5BUID%5D&gdpr=0&gdpr_consent=:0
[ 2234980ms] [ERROR] Failed to load resource: the server responded with a status of 400 (Bad Request) @ https://sync.adkernel.com/user-sync?zone=252325&gdpr=0&gdpr_consent=&us_privacy=&t=image&r=https%3A%2F%2Fittpx.eskimi.com%2Fsync%3Fdp_id%3D52%26gdpr%3D0%26gdpr_consent%3D%26us_privacy%3D%26user_id%3D%7BUID%7D:0
[ 2234399ms] [ERROR] Failed to load resource: the server responded with a status of 424 (Failed Dependency) @ https://t.adx.opera.com/pub/sync?pubid=pub10101531197440&gdpr=1&gdpr_consent=:0
[ 2234436ms] [ERROR] Failed to load resource: the server responded with a status of 424 (Failed Dependency) @ https://t.adx.opera.com/pub/sync?pubid=pub10101531197440&gdpr=1&gdpr_consent=:0
[ 2234953ms] [ERROR] Failed to load resource: net::ERR_HTTP2_SERVER_REFUSED_STREAM @ https://cs.admanmedia.com/73c1e1bfc3bde354d60b80e601ae3914.gif?puid=[UID]&redir=https%3A%2F%2Fonetag-sys.com%2Fmatch%2F%3Fint_id%3D164%26gdpr%3D0%26gdpr_consent%3D%26uid%3D%5BUID%5D&gdpr=0&gdpr_consent=&ccpa=&coppa=:0
[ 2234980ms] [ERROR] Failed to load resource: the server responded with a status of 400 (Bad Request) @ https://sync.adkernel.com/user-sync?zone=252325&gdpr=0&gdpr_consent=&us_privacy=&t=image&r=https%3A%2F%2Fittpx.eskimi.com%2Fsync%3Fdp_id%3D52%26gdpr%3D0%26gdpr_consent%3D%26us_privacy%3D%26user_id%3D%7BUID%7D:0
[ 2234399ms] [ERROR] Failed to load resource: the server responded with a status of 424 (Failed Dependency) @ https://t.adx.opera.com/pub/sync?pubid=pub10101531197440&gdpr=1&gdpr_consent=:0
[ 2234436ms] [ERROR] Failed to load resource: the server responded with a status of 424 (Failed Dependency) @ https://t.adx.opera.com/pub/sync?pubid=pub10101531197440&gdpr=1&gdpr_consent=:0
[ 2234953ms] [ERROR] Failed to load resource: net::ERR_HTTP2_SERVER_REFUSED_STREAM @ https://cs.admanmedia.com/73c1e1bfc3bde354d60b80e601ae3914.gif?puid=[UID]&redir=https%3A%2F%2Fonetag-sys.com%2Fmatch%2F%3Fint_id%3D164%26gdpr%3D0%26gdpr_consent%3D%26uid%3D%5BUID%5D&gdpr=0&gdpr_consent=&ccpa=&coppa=:0
[ 2235501ms] [ERROR] Failed to load resource: the server responded with a status of 400 (Bad Request) @ https://sync.adkernel.com/user-sync?zone=252325&gdpr=0&gdpr_consent=&us_privacy=&t=image&r=https%3A%2F%2Fittpx.eskimi.com%2Fsync%3Fdp_id%3D52%26gdpr%3D0%26gdpr_consent%3D%26us_privacy%3D%26user_id%3D%7BUID%7D:0
[ 2235535ms] [ERROR] Failed to load resource: the server responded with a status of 404 () @ https://id5-sync.com/k/264.gif?puid=4a0d23b4-5c81-4bc7-9c5e-86810c4ad48f&ttl=%%TTL%%:0
[ 2235636ms] [ERROR] Failed to load resource: the server responded with a status of 400 (Bad Request) @ https://cpm.vistarsagency.com/user-sync?zone=251860&dsp=1266198&t=image&uid=C-eAEFwcERwzAIBMBe7m1mQIAQKiR_yVhFOJPes_vFEEzEsTu3KfFmJSu7aZ9aJO8rMULSPQcuSDgmpKdZjUXqNcjOeih3N2pcPaq5SS1caJaYMGXJ6N1NU5mVmT_C-P0BLNYc6A&gdpr=0:0
[ 2234399ms] [ERROR] Failed to load resource: the server responded with a status of 424 (Failed Dependency) @ https://t.adx.opera.com/pub/sync?pubid=pub10101531197440&gdpr=1&gdpr_consent=:0
[ 2234436ms] [ERROR] Failed to load resource: the server responded with a status of 424 (Failed Dependency) @ https://t.adx.opera.com/pub/sync?pubid=pub10101531197440&gdpr=1&gdpr_consent=:0
[ 2234953ms] [ERROR] Failed to load resource: net::ERR_HTTP2_SERVER_REFUSED_STREAM @ https://cs.admanmedia.com/73c1e1bfc3bde354d60b80e601ae3914.gif?puid=[UID]&redir=https%3A%2F%2Fonetag-sys.com%2Fmatch%2F%3Fint_id%3D164%26gdpr%3D0%26gdpr_consent%3D%26uid%3D%5BUID%5D&gdpr=0&gdpr_consent=&ccpa=&coppa=:0
[ 2237333ms] [ERROR] Failed to load resource: net::ERR_SOCKET_NOT_CONNECTED @ https://tracker.rtb-oveeo.com/sync?id=187&uid=b2269997-201a-4594-ae33-5e993dc06e26:0
[ 2234399ms] [ERROR] Failed to load resource: the server responded with a status of 424 (Failed Dependency) @ https://t.adx.opera.com/pub/sync?pubid=pub10101531197440&gdpr=1&gdpr_consent=:0
[ 2234436ms] [ERROR] Failed to load resource: the server responded with a status of 424 (Failed Dependency) @ https://t.adx.opera.com/pub/sync?pubid=pub10101531197440&gdpr=1&gdpr_consent=:0
[ 2234953ms] [ERROR] Failed to load resource: net::ERR_HTTP2_SERVER_REFUSED_STREAM @ https://cs.admanmedia.com/73c1e1bfc3bde354d60b80e601ae3914.gif?puid=[UID]&redir=https%3A%2F%2Fonetag-sys.com%2Fmatch%2F%3Fint_id%3D164%26gdpr%3D0%26gdpr_consent%3D%26uid%3D%5BUID%5D&gdpr=0&gdpr_consent=&ccpa=&coppa=:0
[ 2237540ms] [ERROR] Failed to load resource: net::ERR_CERT_COMMON_NAME_INVALID @ https://cs.openwebmedia.org/cs?aid=40017&id=RX-26318577-500d-47ec-9b0b-dce30139cf5c-005:0
[ 2237991ms] [ERROR] Failed to load resource: net::ERR_NAME_NOT_RESOLVED @ https://cs.iqzone.com/570908b7e92df631fee32098aa272f7b.gif?puid=IWx692qGcqUe3%2FuoNW3oYQ%3D%3D&gdpr=&gdpr_consent=&ccpa=&coppa=&redir=https%3A%2F%2Fssc-cms.33across.com%2Fps%2F%3Fxi%3D145%26ts%3D1787196069929.6%26us_privacy%3D%26xu%3D%5BUID%5D%26gpp_sid%3D%26gpp%3D:0
[ 2238012ms] [ERROR] Failed to load resource: net::ERR_NAME_NOT_RESOLVED @ https://cs.iqzone.com/570908b7e92df631fee32098aa272f7b.gif?puid=IWx692qGcqUe3%2FuoNW3oYQ%3D%3D&gdpr=&gdpr_consent=&ccpa=&coppa=&redir=https%3A%2F%2Fssc-cms.33across.com%2Fps%2F%3Fxi%3D145%26ts%3D1787196069929.6%26us_privacy%3D%26xu%3D%5BUID%5D%26gpp_sid%3D%26gpp%3D:0
[ 2234399ms] [ERROR] Failed to load resource: the server responded with a status of 424 (Failed Dependency) @ https://t.adx.opera.com/pub/sync?pubid=pub10101531197440&gdpr=1&gdpr_consent=:0
[ 2234436ms] [ERROR] Failed to load resource: the server responded with a status of 424 (Failed Dependency) @ https://t.adx.opera.com/pub/sync?pubid=pub10101531197440&gdpr=1&gdpr_consent=:0
[ 2234953ms] [ERROR] Failed to load resource: net::ERR_HTTP2_SERVER_REFUSED_STREAM @ https://cs.admanmedia.com/73c1e1bfc3bde354d60b80e601ae3914.gif?puid=[UID]&redir=https%3A%2F%2Fonetag-sys.com%2Fmatch%2F%3Fint_id%3D164%26gdpr%3D0%26gdpr_consent%3D%26uid%3D%5BUID%5D&gdpr=0&gdpr_consent=&ccpa=&coppa=:0
[ 2237991ms] [ERROR] Failed to load resource: net::ERR_NAME_NOT_RESOLVED @ https://cs.iqzone.com/570908b7e92df631fee32098aa272f7b.gif?puid=IWx692qGcqUe3%2FuoNW3oYQ%3D%3D&gdpr=&gdpr_consent=&ccpa=&coppa=&redir=https%3A%2F%2Fssc-cms.33across.com%2Fps%2F%3Fxi%3D145%26ts%3D1787196069929.6%26us_privacy%3D%26xu%3D%5BUID%5D%26gpp_sid%3D%26gpp%3D:0
[ 2238012ms] [ERROR] Failed to load resource: net::ERR_NAME_NOT_RESOLVED @ https://cs.iqzone.com/570908b7e92df631fee32098aa272f7b.gif?puid=IWx692qGcqUe3%2FuoNW3oYQ%3D%3D&gdpr=&gdpr_consent=&ccpa=&coppa=&redir=https%3A%2F%2Fssc-cms.33across.com%2Fps%2F%3Fxi%3D145%26ts%3D1787196069929.6%26us_privacy%3D%26xu%3D%5BUID%5D%26gpp_sid%3D%26gpp%3D:0
[ 2234980ms] [ERROR] Failed to load resource: the server responded with a status of 400 (Bad Request) @ https://sync.adkernel.com/user-sync?zone=252325&gdpr=0&gdpr_consent=&us_privacy=&t=image&r=https%3A%2F%2Fittpx.eskimi.com%2Fsync%3Fdp_id%3D52%26gdpr%3D0%26gdpr_consent%3D%26us_privacy%3D%26user_id%3D%7BUID%7D:0
[ 2235501ms] [ERROR] Failed to load resource: the server responded with a status of 400 (Bad Request) @ https://sync.adkernel.com/user-sync?zone=252325&gdpr=0&gdpr_consent=&us_privacy=&t=image&r=https%3A%2F%2Fittpx.eskimi.com%2Fsync%3Fdp_id%3D52%26gdpr%3D0%26gdpr_consent%3D%26us_privacy%3D%26user_id%3D%7BUID%7D:0
[ 2237333ms] [ERROR] Failed to load resource: net::ERR_SOCKET_NOT_CONNECTED @ https://tracker.rtb-oveeo.com/sync?id=187&uid=b2269997-201a-4594-ae33-5e993dc06e26:0
[ 2237540ms] [ERROR] Failed to load resource: net::ERR_CERT_COMMON_NAME_INVALID @ https://cs.openwebmedia.org/cs?aid=40017&id=RX-26318577-500d-47ec-9b0b-dce30139cf5c-005:0
[ 2237991ms] [ERROR] Failed to load resource: net::ERR_NAME_NOT_RESOLVED @ https://cs.iqzone.com/570908b7e92df631fee32098aa272f7b.gif?puid=IWx692qGcqUe3%2FuoNW3oYQ%3D%3D&gdpr=&gdpr_consent=&ccpa=&coppa=&redir=https%3A%2F%2Fssc-cms.33across.com%2Fps%2F%3Fxi%3D145%26ts%3D1787196069929.6%26us_privacy%3D%26xu%3D%5BUID%5D%26gpp_sid%3D%26gpp%3D:0
[ 2238012ms] [ERROR] Failed to load resource: net::ERR_NAME_NOT_RESOLVED @ https://cs.iqzone.com/570908b7e92df631fee32098aa272f7b.gif?puid=IWx692qGcqUe3%2FuoNW3oYQ%3D%3D&gdpr=&gdpr_consent=&ccpa=&coppa=&redir=https%3A%2F%2Fssc-cms.33across.com%2Fps%2F%3Fxi%3D145%26ts%3D1787196069929.6%26us_privacy%3D%26xu%3D%5BUID%5D%26gpp_sid%3D%26gpp%3D:0
[ 2234234ms] [ERROR] Failed to load resource: the server responded with a status of 400 () @ https://eb2.3lift.com/getuid?gdpr=0&gdpr_consent=&redir=https%3A%2F%2Fvisitor.us-east4.gcp.omnitagjs.com%2Fvisitor%2Fsync%3Fgdpr%3D0%26gdpr_consent%3D%26is_cookie_sync_uid%3D1%26name%3DTRIPLELIFT_cookie_sync%26ttl%3D720%26uid%3D771bebe2d6221e9ca65e16ebf8d2f6f3%26visitor%3D%24UID:0
[ 2234234ms] [ERROR] Failed to load resource: the server responded with a status of 400 () @ https://eb2.3lift.com/getuid?gdpr=0&gdpr_consent=&redir=https%3A%2F%2Fvisitor.us-east4.gcp.omnitagjs.com%2Fvisitor%2Fsync%3Fgdpr%3D0%26gdpr_consent%3D%26is_cookie_sync_uid%3D1%26name%3DTRIPLELIFT_cookie_sync%26ttl%3D720%26uid%3D771bebe2d6221e9ca65e16ebf8d2f6f3%26visitor%3D%24UID:0
[ 2234399ms] [ERROR] Failed to load resource: the server responded with a status of 424 (Failed Dependency) @ https://t.adx.opera.com/pub/sync?pubid=pub10101531197440&gdpr=1&gdpr_consent=:0
[ 2234436ms] [ERROR] Failed to load resource: the server responded with a status of 424 (Failed Dependency) @ https://t.adx.opera.com/pub/sync?pubid=pub10101531197440&gdpr=1&gdpr_consent=:0
[ 2234953ms] [ERROR] Failed to load resource: net::ERR_HTTP2_SERVER_REFUSED_STREAM @ https://cs.admanmedia.com/73c1e1bfc3bde354d60b80e601ae3914.gif?puid=[UID]&redir=https%3A%2F%2Fonetag-sys.com%2Fmatch%2F%3Fint_id%3D164%26gdpr%3D0%26gdpr_consent%3D%26uid%3D%5BUID%5D&gdpr=0&gdpr_consent=&ccpa=&coppa=:0
[ 2234234ms] [ERROR] Failed to load resource: the server responded with a status of 400 () @ https://eb2.3lift.com/getuid?gdpr=0&gdpr_consent=&redir=https%3A%2F%2Fvisitor.us-east4.gcp.omnitagjs.com%2Fvisitor%2Fsync%3Fgdpr%3D0%26gdpr_consent%3D%26is_cookie_sync_uid%3D1%26name%3DTRIPLELIFT_cookie_sync%26ttl%3D720%26uid%3D771bebe2d6221e9ca65e16ebf8d2f6f3%26visitor%3D%24UID:0
[ 2239428ms] [ERROR] Failed to load resource: the server responded with a status of 400 () @ https://eb2.3lift.com/getuid?gdpr=0&gdpr_consent=&redir=https%3A%2F%2Fvisitor.us-east4.gcp.omnitagjs.com%2Fvisitor%2Fsync%3Fgdpr%3D0%26gdpr_consent%3D%26is_cookie_sync_uid%3D1%26name%3DTRIPLELIFT_cookie_sync%26ttl%3D720%26uid%3D771bebe2d6221e9ca65e16ebf8d2f6f3%26visitor%3D%24UID:0
[ 2239494ms] [ERROR] Failed to load resource: net::ERR_CERT_COMMON_NAME_INVALID @ https://cs.openwebmedia.org/cs?aid=40017&id=RX-26318577-500d-47ec-9b0b-dce30139cf5c-005:0
[ 2239804ms] [ERROR] Failed to load resource: net::ERR_NAME_NOT_RESOLVED @ https://px.owneriq.net/eox:0
[ 2234399ms] [ERROR] Failed to load resource: the server responded with a status of 424 (Failed Dependency) @ https://t.adx.opera.com/pub/sync?pubid=pub10101531197440&gdpr=1&gdpr_consent=:0
[ 2234436ms] [ERROR] Failed to load resource: the server responded with a status of 424 (Failed Dependency) @ https://t.adx.opera.com/pub/sync?pubid=pub10101531197440&gdpr=1&gdpr_consent=:0
[ 2234953ms] [ERROR] Failed to load resource: net::ERR_HTTP2_SERVER_REFUSED_STREAM @ https://cs.admanmedia.com/73c1e1bfc3bde354d60b80e601ae3914.gif?puid=[UID]&redir=https%3A%2F%2Fonetag-sys.com%2Fmatch%2F%3Fint_id%3D164%26gdpr%3D0%26gdpr_consent%3D%26uid%3D%5BUID%5D&gdpr=0&gdpr_consent=&ccpa=&coppa=:0
[ 2237991ms] [ERROR] Failed to load resource: net::ERR_NAME_NOT_RESOLVED @ https://cs.iqzone.com/570908b7e92df631fee32098aa272f7b.gif?puid=IWx692qGcqUe3%2FuoNW3oYQ%3D%3D&gdpr=&gdpr_consent=&ccpa=&coppa=&redir=https%3A%2F%2Fssc-cms.33across.com%2Fps%2F%3Fxi%3D145%26ts%3D1787196069929.6%26us_privacy%3D%26xu%3D%5BUID%5D%26gpp_sid%3D%26gpp%3D:0
[ 2238012ms] [ERROR] Failed to load resource: net::ERR_NAME_NOT_RESOLVED @ https://cs.iqzone.com/570908b7e92df631fee32098aa272f7b.gif?puid=IWx692qGcqUe3%2FuoNW3oYQ%3D%3D&gdpr=&gdpr_consent=&ccpa=&coppa=&redir=https%3A%2F%2Fssc-cms.33across.com%2Fps%2F%3Fxi%3D145%26ts%3D1787196069929.6%26us_privacy%3D%26xu%3D%5BUID%5D%26gpp_sid%3D%26gpp%3D:0
[ 2234234ms] [ERROR] Failed to load resource: the server responded with a status of 400 () @ https://eb2.3lift.com/getuid?gdpr=0&gdpr_consent=&redir=https%3A%2F%2Fvisitor.us-east4.gcp.omnitagjs.com%2Fvisitor%2Fsync%3Fgdpr%3D0%26gdpr_consent%3D%26is_cookie_sync_uid%3D1%26name%3DTRIPLELIFT_cookie_sync%26ttl%3D720%26uid%3D771bebe2d6221e9ca65e16ebf8d2f6f3%26visitor%3D%24UID:0
[ 2239428ms] [ERROR] Failed to load resource: the server responded with a status of 400 () @ https://eb2.3lift.com/getuid?gdpr=0&gdpr_consent=&redir=https%3A%2F%2Fvisitor.us-east4.gcp.omnitagjs.com%2Fvisitor%2Fsync%3Fgdpr%3D0%26gdpr_consent%3D%26is_cookie_sync_uid%3D1%26name%3DTRIPLELIFT_cookie_sync%26ttl%3D720%26uid%3D771bebe2d6221e9ca65e16ebf8d2f6f3%26visitor%3D%24UID:0
[ 2240200ms] [ERROR] Failed to load resource: net::ERR_NAME_NOT_RESOLVED @ https://usermatch.krxd.net/um/v2?partner=tapad:0
[ 2234399ms] [ERROR] Failed to load resource: the server responded with a status of 424 (Failed Dependency) @ https://t.adx.opera.com/pub/sync?pubid=pub10101531197440&gdpr=1&gdpr_consent=:0
[ 2234436ms] [ERROR] Failed to load resource: the server responded with a status of 424 (Failed Dependency) @ https://t.adx.opera.com/pub/sync?pubid=pub10101531197440&gdpr=1&gdpr_consent=:0
[ 2234953ms] [ERROR] Failed to load resource: net::ERR_HTTP2_SERVER_REFUSED_STREAM @ https://cs.admanmedia.com/73c1e1bfc3bde354d60b80e601ae3914.gif?puid=[UID]&redir=https%3A%2F%2Fonetag-sys.com%2Fmatch%2F%3Fint_id%3D164%26gdpr%3D0%26gdpr_consent%3D%26uid%3D%5BUID%5D&gdpr=0&gdpr_consent=&ccpa=&coppa=:0
[ 2237540ms] [ERROR] Failed to load resource: net::ERR_CERT_COMMON_NAME_INVALID @ https://cs.openwebmedia.org/cs?aid=40017&id=RX-26318577-500d-47ec-9b0b-dce30139cf5c-005:0
[ 2239494ms] [ERROR] Failed to load resource: net::ERR_CERT_COMMON_NAME_INVALID @ https://cs.openwebmedia.org/cs?aid=40017&id=RX-26318577-500d-47ec-9b0b-dce30139cf5c-005:0
[ 2237991ms] [ERROR] Failed to load resource: net::ERR_NAME_NOT_RESOLVED @ https://cs.iqzone.com/570908b7e92df631fee32098aa272f7b.gif?puid=IWx692qGcqUe3%2FuoNW3oYQ%3D%3D&gdpr=&gdpr_consent=&ccpa=&coppa=&redir=https%3A%2F%2Fssc-cms.33across.com%2Fps%2F%3Fxi%3D145%26ts%3D1787196069929.6%26us_privacy%3D%26xu%3D%5BUID%5D%26gpp_sid%3D%26gpp%3D:0
[ 2238012ms] [ERROR] Failed to load resource: net::ERR_NAME_NOT_RESOLVED @ https://cs.iqzone.com/570908b7e92df631fee32098aa272f7b.gif?puid=IWx692qGcqUe3%2FuoNW3oYQ%3D%3D&gdpr=&gdpr_consent=&ccpa=&coppa=&redir=https%3A%2F%2Fssc-cms.33across.com%2Fps%2F%3Fxi%3D145%26ts%3D1787196069929.6%26us_privacy%3D%26xu%3D%5BUID%5D%26gpp_sid%3D%26gpp%3D:0
[ 2240200ms] [ERROR] Failed to load resource: net::ERR_NAME_NOT_RESOLVED @ https://usermatch.krxd.net/um/v2?partner=tapad:0
[ 2234980ms] [ERROR] Failed to load resource: the server responded with a status of 400 (Bad Request) @ https://sync.adkernel.com/user-sync?zone=252325&gdpr=0&gdpr_consent=&us_privacy=&t=image&r=https%3A%2F%2Fittpx.eskimi.com%2Fsync%3Fdp_id%3D52%26gdpr%3D0%26gdpr_consent%3D%26us_privacy%3D%26user_id%3D%7BUID%7D:0
[ 2235501ms] [ERROR] Failed to load resource: the server responded with a status of 400 (Bad Request) @ https://sync.adkernel.com/user-sync?zone=252325&gdpr=0&gdpr_consent=&us_privacy=&t=image&r=https%3A%2F%2Fittpx.eskimi.com%2Fsync%3Fdp_id%3D52%26gdpr%3D0%26gdpr_consent%3D%26us_privacy%3D%26user_id%3D%7BUID%7D:0
[ 2237333ms] [ERROR] Failed to load resource: net::ERR_SOCKET_NOT_CONNECTED @ https://tracker.rtb-oveeo.com/sync?id=187&uid=b2269997-201a-4594-ae33-5e993dc06e26:0
[ 2240799ms] [ERROR] Failed to load resource: the server responded with a status of 400 (Bad Request) @ https://sync.adkernel.com/user-sync?zone=252325&gdpr=0&gdpr_consent=&us_privacy=&t=image&r=https%3A%2F%2Fittpx.eskimi.com%2Fsync%3Fdp_id%3D52%26gdpr%3D0%26gdpr_consent%3D%26us_privacy%3D%26user_id%3D%7BUID%7D:0
[ 2241464ms] [ERROR] Failed to load resource: net::ERR_CONNECTION_RESET @ https://tracker.ssp.balance-x.com/sync?gdpr=%7BGDPR%7D&gdpr_consent=%7BGDPR_CONSENT%7D&id=1&uid=%7BYOUR_USER_ID%7D:0
[ 2241473ms] [ERROR] Failed to load resource: the server responded with a status of 400 (Bad Request) @ https://cpm.vistarsagency.com/user-sync?zone=383926&dsp=1266198&t=image&uid=C-eAEdzMkNAyEMAMBe_F5LvsA2heQPeClio_QeJf_RvMEbDNBQpd5EXZp4kpjCBcEwwI_tXKZIixStbOM6NZGfhz2cs7UMuEA4YcDNPWqn4N4z0G7fmJaOKRLnJmaR-cMWMIBmtRZnWy0ztaXOM7l2J2Ytqj_8rabE6b0301QiJaIXE3y-g9gsWA:0
[ 2241516ms] [ERROR] Failed to load resource: the server responded with a status of 400 (Bad Request) @ https://cpm.vistarsagency.com/user-sync?zone=251860&dsp=1266198&t=image&uid=C-eAEdzMkNAyEMAMBe_F5LvsA2heQPeClio_QeJf_RvMEbDNBQpd5EXZp4kpjCBcEwwI_tXKZIixStbOM6NZGfhz2cs7UMuEA4YcDNPWqn4N4z0G7fmJaOKRLnJmaR-cMWMIBmtRZnWy0ztaXOM7l2J2Ytqj_8rabE6b0301QiJaIXE3y-g9gsWA:0
[ 2234399ms] [ERROR] Failed to load resource: the server responded with a status of 424 (Failed Dependency) @ https://t.adx.opera.com/pub/sync?pubid=pub10101531197440&gdpr=1&gdpr_consent=:0
[ 2234436ms] [ERROR] Failed to load resource: the server responded with a status of 424 (Failed Dependency) @ https://t.adx.opera.com/pub/sync?pubid=pub10101531197440&gdpr=1&gdpr_consent=:0
[ 2234953ms] [ERROR] Failed to load resource: net::ERR_HTTP2_SERVER_REFUSED_STREAM @ https://cs.admanmedia.com/73c1e1bfc3bde354d60b80e601ae3914.gif?puid=[UID]&redir=https%3A%2F%2Fonetag-sys.com%2Fmatch%2F%3Fint_id%3D164%26gdpr%3D0%26gdpr_consent%3D%26uid%3D%5BUID%5D&gdpr=0&gdpr_consent=&ccpa=&coppa=:0
[ 2234399ms] [ERROR] Failed to load resource: the server responded with a status of 424 (Failed Dependency) @ https://t.adx.opera.com/pub/sync?pubid=pub10101531197440&gdpr=1&gdpr_consent=:0
[ 2234436ms] [ERROR] Failed to load resource: the server responded with a status of 424 (Failed Dependency) @ https://t.adx.opera.com/pub/sync?pubid=pub10101531197440&gdpr=1&gdpr_consent=:0
[ 2234953ms] [ERROR] Failed to load resource: net::ERR_HTTP2_SERVER_REFUSED_STREAM @ https://cs.admanmedia.com/73c1e1bfc3bde354d60b80e601ae3914.gif?puid=[UID]&redir=https%3A%2F%2Fonetag-sys.com%2Fmatch%2F%3Fint_id%3D164%26gdpr%3D0%26gdpr_consent%3D%26uid%3D%5BUID%5D&gdpr=0&gdpr_consent=&ccpa=&coppa=:0
[ 2237540ms] [ERROR] Failed to load resource: net::ERR_CERT_COMMON_NAME_INVALID @ https://cs.openwebmedia.org/cs?aid=40017&id=RX-26318577-500d-47ec-9b0b-dce30139cf5c-005:0
[ 2239494ms] [ERROR] Failed to load resource: net::ERR_CERT_COMMON_NAME_INVALID @ https://cs.openwebmedia.org/cs?aid=40017&id=RX-26318577-500d-47ec-9b0b-dce30139cf5c-005:0
[ 2241464ms] [ERROR] Failed to load resource: net::ERR_CONNECTION_RESET @ https://tracker.ssp.balance-x.com/sync?gdpr=%7BGDPR%7D&gdpr_consent=%7BGDPR_CONSENT%7D&id=1&uid=%7BYOUR_USER_ID%7D:0
[ 2237540ms] [ERROR] Failed to load resource: net::ERR_CERT_COMMON_NAME_INVALID @ https://cs.openwebmedia.org/cs?aid=40017&id=RX-26318577-500d-47ec-9b0b-dce30139cf5c-005:0
[ 2239494ms] [ERROR] Failed to load resource: net::ERR_CERT_COMMON_NAME_INVALID @ https://cs.openwebmedia.org/cs?aid=40017&id=RX-26318577-500d-47ec-9b0b-dce30139cf5c-005:0
[ 2241464ms] [ERROR] Failed to load resource: net::ERR_CONNECTION_RESET @ https://tracker.ssp.balance-x.com/sync?gdpr=%7BGDPR%7D&gdpr_consent=%7BGDPR_CONSENT%7D&id=1&uid=%7BYOUR_USER_ID%7D:0
[ 2237540ms] [ERROR] Failed to load resource: net::ERR_CERT_COMMON_NAME_INVALID @ https://cs.openwebmedia.org/cs?aid=40017&id=RX-26318577-500d-47ec-9b0b-dce30139cf5c-005:0
[ 2239494ms] [ERROR] Failed to load resource: net::ERR_CERT_COMMON_NAME_INVALID @ https://cs.openwebmedia.org/cs?aid=40017&id=RX-26318577-500d-47ec-9b0b-dce30139cf5c-005:0
[ 2241464ms] [ERROR] Failed to load resource: net::ERR_CONNECTION_RESET @ https://tracker.ssp.balance-x.com/sync?gdpr=%7BGDPR%7D&gdpr_consent=%7BGDPR_CONSENT%7D&id=1&uid=%7BYOUR_USER_ID%7D:0
[ 2237991ms] [ERROR] Failed to load resource: net::ERR_NAME_NOT_RESOLVED @ https://cs.iqzone.com/570908b7e92df631fee32098aa272f7b.gif?puid=IWx692qGcqUe3%2FuoNW3oYQ%3D%3D&gdpr=&gdpr_consent=&ccpa=&coppa=&redir=https%3A%2F%2Fssc-cms.33across.com%2Fps%2F%3Fxi%3D145%26ts%3D1787196069929.6%26us_privacy%3D%26xu%3D%5BUID%5D%26gpp_sid%3D%26gpp%3D:0
[ 2238012ms] [ERROR] Failed to load resource: net::ERR_NAME_NOT_RESOLVED @ https://cs.iqzone.com/570908b7e92df631fee32098aa272f7b.gif?puid=IWx692qGcqUe3%2FuoNW3oYQ%3D%3D&gdpr=&gdpr_consent=&ccpa=&coppa=&redir=https%3A%2F%2Fssc-cms.33across.com%2Fps%2F%3Fxi%3D145%26ts%3D1787196069929.6%26us_privacy%3D%26xu%3D%5BUID%5D%26gpp_sid%3D%26gpp%3D:0
[ 2240200ms] [ERROR] Failed to load resource: net::ERR_NAME_NOT_RESOLVED @ https://usermatch.krxd.net/um/v2?partner=tapad:0
[ 2234399ms] [ERROR] Failed to load resource: the server responded with a status of 424 (Failed Dependency) @ https://t.adx.opera.com/pub/sync?pubid=pub10101531197440&gdpr=1&gdpr_consent=:0
[ 2234436ms] [ERROR] Failed to load resource: the server responded with a status of 424 (Failed Dependency) @ https://t.adx.opera.com/pub/sync?pubid=pub10101531197440&gdpr=1&gdpr_consent=:0
[ 2234953ms] [ERROR] Failed to load resource: net::ERR_HTTP2_SERVER_REFUSED_STREAM @ https://cs.admanmedia.com/73c1e1bfc3bde354d60b80e601ae3914.gif?puid=[UID]&redir=https%3A%2F%2Fonetag-sys.com%2Fmatch%2F%3Fint_id%3D164%26gdpr%3D0%26gdpr_consent%3D%26uid%3D%5BUID%5D&gdpr=0&gdpr_consent=&ccpa=&coppa=:0
[ 2237540ms] [ERROR] Failed to load resource: net::ERR_CERT_COMMON_NAME_INVALID @ https://cs.openwebmedia.org/cs?aid=40017&id=RX-26318577-500d-47ec-9b0b-dce30139cf5c-005:0
[ 2239494ms] [ERROR] Failed to load resource: net::ERR_CERT_COMMON_NAME_INVALID @ https://cs.openwebmedia.org/cs?aid=40017&id=RX-26318577-500d-47ec-9b0b-dce30139cf5c-005:0
[ 2241464ms] [ERROR] Failed to load resource: net::ERR_CONNECTION_RESET @ https://tracker.ssp.balance-x.com/sync?gdpr=%7BGDPR%7D&gdpr_consent=%7BGDPR_CONSENT%7D&id=1&uid=%7BYOUR_USER_ID%7D:0
[ 2234399ms] [ERROR] Failed to load resource: the server responded with a status of 424 (Failed Dependency) @ https://t.adx.opera.com/pub/sync?pubid=pub10101531197440&gdpr=1&gdpr_consent=:0
[ 2234436ms] [ERROR] Failed to load resource: the server responded with a status of 424 (Failed Dependency) @ https://t.adx.opera.com/pub/sync?pubid=pub10101531197440&gdpr=1&gdpr_consent=:0
[ 2234953ms] [ERROR] Failed to load resource: net::ERR_HTTP2_SERVER_REFUSED_STREAM @ https://cs.admanmedia.com/73c1e1bfc3bde354d60b80e601ae3914.gif?puid=[UID]&redir=https%3A%2F%2Fonetag-sys.com%2Fmatch%2F%3Fint_id%3D164%26gdpr%3D0%26gdpr_consent%3D%26uid%3D%5BUID%5D&gdpr=0&gdpr_consent=&ccpa=&coppa=:0
[ 2239804ms] [ERROR] Failed to load resource: net::ERR_NAME_NOT_RESOLVED @ https://px.owneriq.net/eox:0
[ 2228765ms] [ERROR] Attestation check for Shared Storage on https://www.googleadservices.com failed. @ https://www.googleadservices.com/pagead/managed/js/activeview/current/reach_worklet.html:0
[ 2228782ms] [ERROR] Attestation check for Shared Storage on https://www.googleadservices.com failed. @ https://www.googleadservices.com/pagead/managed/js/activeview/current/reach_worklet.html:0
[ 2229061ms] [ERROR] Attestation check for Shared Storage on https://www.googleadservices.com failed. @ https://www.googleadservices.com/pagead/managed/js/activeview/current/reach_worklet.html:0
[ 2228765ms] [ERROR] Attestation check for Shared Storage on https://www.googleadservices.com failed. @ https://www.googleadservices.com/pagead/managed/js/activeview/current/reach_worklet.html:0
[ 2228782ms] [ERROR] Attestation check for Shared Storage on https://www.googleadservices.com failed. @ https://www.googleadservices.com/pagead/managed/js/activeview/current/reach_worklet.html:0
[ 2229061ms] [ERROR] Attestation check for Shared Storage on https://www.googleadservices.com failed. @ https://www.googleadservices.com/pagead/managed/js/activeview/current/reach_worklet.html:0
[ 2237540ms] [ERROR] Failed to load resource: net::ERR_CERT_COMMON_NAME_INVALID @ https://cs.openwebmedia.org/cs?aid=40017&id=RX-26318577-500d-47ec-9b0b-dce30139cf5c-005:0
[ 2239494ms] [ERROR] Failed to load resource: net::ERR_CERT_COMMON_NAME_INVALID @ https://cs.openwebmedia.org/cs?aid=40017&id=RX-26318577-500d-47ec-9b0b-dce30139cf5c-005:0
[ 2241464ms] [ERROR] Failed to load resource: net::ERR_CONNECTION_RESET @ https://tracker.ssp.balance-x.com/sync?gdpr=%7BGDPR%7D&gdpr_consent=%7BGDPR_CONSENT%7D&id=1&uid=%7BYOUR_USER_ID%7D:0
[ 2234980ms] [ERROR] Failed to load resource: the server responded with a status of 400 (Bad Request) @ https://sync.adkernel.com/user-sync?zone=252325&gdpr=0&gdpr_consent=&us_privacy=&t=image&r=https%3A%2F%2Fittpx.eskimi.com%2Fsync%3Fdp_id%3D52%26gdpr%3D0%26gdpr_consent%3D%26us_privacy%3D%26user_id%3D%7BUID%7D:0
[ 2235501ms] [ERROR] Failed to load resource: the server responded with a status of 400 (Bad Request) @ https://sync.adkernel.com/user-sync?zone=252325&gdpr=0&gdpr_consent=&us_privacy=&t=image&r=https%3A%2F%2Fittpx.eskimi.com%2Fsync%3Fdp_id%3D52%26gdpr%3D0%26gdpr_consent%3D%26us_privacy%3D%26user_id%3D%7BUID%7D:0
[ 2237333ms] [ERROR] Failed to load resource: net::ERR_SOCKET_NOT_CONNECTED @ https://tracker.rtb-oveeo.com/sync?id=187&uid=b2269997-201a-4594-ae33-5e993dc06e26:0
[ 2240799ms] [ERROR] Failed to load resource: the server responded with a status of 400 (Bad Request) @ https://sync.adkernel.com/user-sync?zone=252325&gdpr=0&gdpr_consent=&us_privacy=&t=image&r=https%3A%2F%2Fittpx.eskimi.com%2Fsync%3Fdp_id%3D52%26gdpr%3D0%26gdpr_consent%3D%26us_privacy%3D%26user_id%3D%7BUID%7D:0
[ 2244911ms] [ERROR] Failed to load resource: net::ERR_CONNECTION_CLOSED @ https://tracker.rtb-oveeo.com/sync?id=187&uid=b2269997-201a-4594-ae33-5e993dc06e26:0
[ 2245027ms] [ERROR] Mixed Content: The page at 'https://calamitymod.wiki.gg/wiki/The_Codebreaker' was loaded over HTTPS, but requested an insecure frame 'http://sync.pmbmonetize.live/psync?t=s&e=247&gdpr=0&gdpr_consent=&us_privacy=&gpp=&gpp_sid=&cb=https%3A%2F%2Fcookies.nextmillmedia.com%2Fsetuid%3Fbidder%3Dadipolo%26nmuid%3D%26gdpr%3D0%26gdpr_consent%3D%26us_privacy%3D%26uid%3D%25USER_ID%25'. This request has been blocked; the content must be served over HTTPS. @ https://cookies.nextmillmedia.com/sync?gdpr=0&gdpr_consent=&us_privacy=&redirect=https%3A%2F%2Fsync.cootlogix.com%2Fapi%2Fcookie%3FpartnerId%3Dnextmillmedia%26userId%3D%5BNMUID%5D%26gdpr%3D0%26gdpr_consent%3D%26us_privacy%3D:42
[ 2245293ms] [ERROR] Attestation check for Shared Storage on https://www.googleadservices.com failed. @ https://www.googleadservices.com/pagead/managed/js/activeview/current/reach_worklet.html:0
[ 2245847ms] [ERROR] Failed to load resource: net::ERR_NAME_NOT_RESOLVED @ https://cs.iqzone.com/6f0476ca45e1d6b67e3ee8d57532a022.gif?redir=https%3A%2F%2Fsync.cootlogix.com%2Fapi%2Fcookie%3FpartnerId%3Diqzone%26gdpr%3D0%26gdpr_consent%3D%26us_privacy%3D%26userId%3D%5BUID%5D&gdpr=0&gdpr_consent=&ccpa=:0
[ 2234399ms] [ERROR] Failed to load resource: the server responded with a status of 424 (Failed Dependency) @ https://t.adx.opera.com/pub/sync?pubid=pub10101531197440&gdpr=1&gdpr_consent=:0
[ 2234436ms] [ERROR] Failed to load resource: the server responded with a status of 424 (Failed Dependency) @ https://t.adx.opera.com/pub/sync?pubid=pub10101531197440&gdpr=1&gdpr_consent=:0
[ 2234953ms] [ERROR] Failed to load resource: net::ERR_HTTP2_SERVER_REFUSED_STREAM @ https://cs.admanmedia.com/73c1e1bfc3bde354d60b80e601ae3914.gif?puid=[UID]&redir=https%3A%2F%2Fonetag-sys.com%2Fmatch%2F%3Fint_id%3D164%26gdpr%3D0%26gdpr_consent%3D%26uid%3D%5BUID%5D&gdpr=0&gdpr_consent=&ccpa=&coppa=:0
[ 2245989ms] [ERROR] Attestation check for Shared Storage on https://www.googleadservices.com failed. @ https://www.googleadservices.com/pagead/managed/js/activeview/current/reach_worklet.html:0
[ 2239804ms] [ERROR] Failed to load resource: net::ERR_NAME_NOT_RESOLVED @ https://px.owneriq.net/eox:0
[ 2246060ms] [WARNING] Mixed Content: The page at 'https://ssum-sec.casalemedia.com/usermatch?s=179394&cb=https%3A%2F%2Frtb-csync.smartadserver.com%2Fredir%2F%3Fissi%3D1%26partnerid%3D33%26partneruserid%3D&gdpr=0&gdpr_consent=' was loaded over HTTPS, but requested an insecure element 'http://rtb2-useast.delivrdsp.ai/sync?exchange=1378&r=https%3A%2F%2Fdsum-sec.casalemedia.com%2Fcrum%3Fcm_dsp_id%3D282%26external_user_id%3D%7BUID%7D&us_privacy='. This request was automatically upgraded to HTTPS, For more information see https://blog.chromium.org/2019/10/no-more-mixed-messages-about-https.html @ https://ssum-sec.casalemedia.com/usermatch?s=179394&cb=https%3A%2F%2Frtb-csync.smartadserver.com%2Fredir%2F%3Fissi%3D1%26partnerid%3D33%26partneruserid%3D&gdpr=0&gdpr_consent=:0
[ 2246061ms] [WARNING] Mixed Content: The page at 'https://ssum-sec.casalemedia.com/usermatch?s=179394&cb=https%3A%2F%2Frtb-csync.smartadserver.com%2Fredir%2F%3Fissi%3D1%26partnerid%3D33%26partneruserid%3D&gdpr=0&gdpr_consent=' was loaded over HTTPS, but requested an insecure element 'http://rtb2-useast.delivrdsp.ai/sync?exchange=1378&r=https%3A%2F%2Fdsum-sec.casalemedia.com%2Fcrum%3Fcm_dsp_id%3D282%26external_user_id%3D%7BUID%7D&us_privacy='. This request was automatically upgraded to HTTPS, For more information see https://blog.chromium.org/2019/10/no-more-mixed-messages-about-https.html @ https://ssum-sec.casalemedia.com/usermatch?s=179394&cb=https%3A%2F%2Frtb-csync.smartadserver.com%2Fredir%2F%3Fissi%3D1%26partnerid%3D33%26partneruserid%3D&gdpr=0&gdpr_consent=:0
[ 2246206ms] [ERROR] Failed to load resource: the server responded with a status of 404 (Not Found) @ https://us4.shb-sync.com/a760a5a7-e35e-49b8-9f5e-723455346741.gif?puid=484d9680-6b9f-9997-2618-6be45a581869&gdpr=0&gdpr_consent=0ccpa=:0
[ 2246724ms] [ERROR] Failed to load resource: the server responded with a status of 404 () @ https://cs.admanmedia.com/292deb7c3c2bf25073c04bb900f3a44a.gif??gdpr=0&gdpr_consent=&us_privacy=&redir=https%3A%2F%2Fcookies.nextmillmedia.com%2Fsetuid%3Fbidder%3Dadmanmedia%26nmuid%3D%26gdpr%3D0%26gdpr_consent%3D%26us_privacy%3D%26uid%3D%5BUID%5D:0
[ 2237991ms] [ERROR] Failed to load resource: net::ERR_NAME_NOT_RESOLVED @ https://cs.iqzone.com/570908b7e92df631fee32098aa272f7b.gif?puid=IWx692qGcqUe3%2FuoNW3oYQ%3D%3D&gdpr=&gdpr_consent=&ccpa=&coppa=&redir=https%3A%2F%2Fssc-cms.33across.com%2Fps%2F%3Fxi%3D145%26ts%3D1787196069929.6%26us_privacy%3D%26xu%3D%5BUID%5D%26gpp_sid%3D%26gpp%3D:0
[ 2238012ms] [ERROR] Failed to load resource: net::ERR_NAME_NOT_RESOLVED @ https://cs.iqzone.com/570908b7e92df631fee32098aa272f7b.gif?puid=IWx692qGcqUe3%2FuoNW3oYQ%3D%3D&gdpr=&gdpr_consent=&ccpa=&coppa=&redir=https%3A%2F%2Fssc-cms.33across.com%2Fps%2F%3Fxi%3D145%26ts%3D1787196069929.6%26us_privacy%3D%26xu%3D%5BUID%5D%26gpp_sid%3D%26gpp%3D:0
[ 2240200ms] [ERROR] Failed to load resource: net::ERR_NAME_NOT_RESOLVED @ https://usermatch.krxd.net/um/v2?partner=tapad:0
[ 2247054ms] [ERROR] Failed to load resource: the server responded with a status of 500 () @ https://usersync.gumgum.com/usersync?b=sus&i=%%esc%%%%uid%%%%escend%%aoZyr8Co8YEAAIIvuiwAAAAA:0
[ 2247054ms] [ERROR] Failed to load resource: the server responded with a status of 500 () @ https://usersync.gumgum.com/usersync?b=sus&i=%%esc%%%%uid%%%%escend%%aoZyr8Co8YEAAIIvuiwAAAAA:0
[ 2245027ms] [ERROR] Mixed Content: The page at 'https://calamitymod.wiki.gg/wiki/The_Codebreaker' was loaded over HTTPS, but requested an insecure frame 'http://sync.pmbmonetize.live/psync?t=s&e=247&gdpr=0&gdpr_consent=&us_privacy=&gpp=&gpp_sid=&cb=https%3A%2F%2Fcookies.nextmillmedia.com%2Fsetuid%3Fbidder%3Dadipolo%26nmuid%3D%26gdpr%3D0%26gdpr_consent%3D%26us_privacy%3D%26uid%3D%25USER_ID%25'. This request has been blocked; the content must be served over HTTPS. @ https://cookies.nextmillmedia.com/sync?gdpr=0&gdpr_consent=&us_privacy=&redirect=https%3A%2F%2Fsync.cootlogix.com%2Fapi%2Fcookie%3FpartnerId%3Dnextmillmedia%26userId%3D%5BNMUID%5D%26gdpr%3D0%26gdpr_consent%3D%26us_privacy%3D:42
[ 2239804ms] [ERROR] Failed to load resource: net::ERR_NAME_NOT_RESOLVED @ https://px.owneriq.net/eox:0
[ 2248558ms] [ERROR] Failed to load resource: net::ERR_NAME_NOT_RESOLVED @ https://tacoda.at.atwola.com/atx/sync/ak/ak/default:0
[ 2245847ms] [ERROR] Failed to load resource: net::ERR_NAME_NOT_RESOLVED @ https://cs.iqzone.com/6f0476ca45e1d6b67e3ee8d57532a022.gif?redir=https%3A%2F%2Fsync.cootlogix.com%2Fapi%2Fcookie%3FpartnerId%3Diqzone%26gdpr%3D0%26gdpr_consent%3D%26us_privacy%3D%26userId%3D%5BUID%5D&gdpr=0&gdpr_consent=&ccpa=:0
[ 2246206ms] [ERROR] Failed to load resource: the server responded with a status of 404 (Not Found) @ https://us4.shb-sync.com/a760a5a7-e35e-49b8-9f5e-723455346741.gif?puid=484d9680-6b9f-9997-2618-6be45a581869&gdpr=0&gdpr_consent=0ccpa=:0
[ 2248632ms] [ERROR] Failed to load resource: net::ERR_NAME_NOT_RESOLVED @ https://cs.iqzone.com/6f0476ca45e1d6b67e3ee8d57532a022.gif?redir=https%3A%2F%2Fsync.cootlogix.com%2Fapi%2Fcookie%3FpartnerId%3Diqzone%26gdpr%3D%26gdpr_consent%3D%26us_privacy%3D%26userId%3D%5BUID%5D&gdpr=&gdpr_consent=&ccpa=:0
[ 2234399ms] [ERROR] Failed to load resource: the server responded with a status of 424 (Failed Dependency) @ https://t.adx.opera.com/pub/sync?pubid=pub10101531197440&gdpr=1&gdpr_consent=:0
[ 2234436ms] [ERROR] Failed to load resource: the server responded with a status of 424 (Failed Dependency) @ https://t.adx.opera.com/pub/sync?pubid=pub10101531197440&gdpr=1&gdpr_consent=:0
[ 2234953ms] [ERROR] Failed to load resource: net::ERR_HTTP2_SERVER_REFUSED_STREAM @ https://cs.admanmedia.com/73c1e1bfc3bde354d60b80e601ae3914.gif?puid=[UID]&redir=https%3A%2F%2Fonetag-sys.com%2Fmatch%2F%3Fint_id%3D164%26gdpr%3D0%26gdpr_consent%3D%26uid%3D%5BUID%5D&gdpr=0&gdpr_consent=&ccpa=&coppa=:0
[ 2248717ms] [ERROR] Failed to load resource: the server responded with a status of 404 (Not Found) @ https://us4.shb-sync.com/a760a5a7-e35e-49b8-9f5e-723455346741.gif?puid=484d9680-6b9f-9997-2618-6be45a581869&gdpr=&gdpr_consent=ccpa=:0
[ 2234980ms] [ERROR] Failed to load resource: the server responded with a status of 400 (Bad Request) @ https://sync.adkernel.com/user-sync?zone=252325&gdpr=0&gdpr_consent=&us_privacy=&t=image&r=https%3A%2F%2Fittpx.eskimi.com%2Fsync%3Fdp_id%3D52%26gdpr%3D0%26gdpr_consent%3D%26us_privacy%3D%26user_id%3D%7BUID%7D:0
[ 2235501ms] [ERROR] Failed to load resource: the server responded with a status of 400 (Bad Request) @ https://sync.adkernel.com/user-sync?zone=252325&gdpr=0&gdpr_consent=&us_privacy=&t=image&r=https%3A%2F%2Fittpx.eskimi.com%2Fsync%3Fdp_id%3D52%26gdpr%3D0%26gdpr_consent%3D%26us_privacy%3D%26user_id%3D%7BUID%7D:0
[ 2237333ms] [ERROR] Failed to load resource: net::ERR_SOCKET_NOT_CONNECTED @ https://tracker.rtb-oveeo.com/sync?id=187&uid=b2269997-201a-4594-ae33-5e993dc06e26:0
[ 2240799ms] [ERROR] Failed to load resource: the server responded with a status of 400 (Bad Request) @ https://sync.adkernel.com/user-sync?zone=252325&gdpr=0&gdpr_consent=&us_privacy=&t=image&r=https%3A%2F%2Fittpx.eskimi.com%2Fsync%3Fdp_id%3D52%26gdpr%3D0%26gdpr_consent%3D%26us_privacy%3D%26user_id%3D%7BUID%7D:0
[ 2244911ms] [ERROR] Failed to load resource: net::ERR_CONNECTION_CLOSED @ https://tracker.rtb-oveeo.com/sync?id=187&uid=b2269997-201a-4594-ae33-5e993dc06e26:0
[ 2248949ms] [ERROR] Failed to load resource: the server responded with a status of 404 () @ https://cs.admanmedia.com/94fd017f496d404a25fc5546f959bf2f.gif?gdpr=&gdpr_consent=&us_privacy=&redir=https%3A%2F%2Fsync.kueezrtb.com%2Fapi%2Fcookie%3FpartnerId%3Dkueez-acuity%26gdpr%3D%26gdpr_consent%3D%26us_privacy%3D%26userId%3D%5BUID%5D:0
[ 2245847ms] [ERROR] Failed to load resource: net::ERR_NAME_NOT_RESOLVED @ https://cs.iqzone.com/6f0476ca45e1d6b67e3ee8d57532a022.gif?redir=https%3A%2F%2Fsync.cootlogix.com%2Fapi%2Fcookie%3FpartnerId%3Diqzone%26gdpr%3D0%26gdpr_consent%3D%26us_privacy%3D%26userId%3D%5BUID%5D&gdpr=0&gdpr_consent=&ccpa=:0
[ 2246206ms] [ERROR] Failed to load resource: the server responded with a status of 404 (Not Found) @ https://us4.shb-sync.com/a760a5a7-e35e-49b8-9f5e-723455346741.gif?puid=484d9680-6b9f-9997-2618-6be45a581869&gdpr=0&gdpr_consent=0ccpa=:0
[ 2248632ms] [ERROR] Failed to load resource: net::ERR_NAME_NOT_RESOLVED @ https://cs.iqzone.com/6f0476ca45e1d6b67e3ee8d57532a022.gif?redir=https%3A%2F%2Fsync.cootlogix.com%2Fapi%2Fcookie%3FpartnerId%3Diqzone%26gdpr%3D%26gdpr_consent%3D%26us_privacy%3D%26userId%3D%5BUID%5D&gdpr=&gdpr_consent=&ccpa=:0
[ 2248717ms] [ERROR] Failed to load resource: the server responded with a status of 404 (Not Found) @ https://us4.shb-sync.com/a760a5a7-e35e-49b8-9f5e-723455346741.gif?puid=484d9680-6b9f-9997-2618-6be45a581869&gdpr=&gdpr_consent=ccpa=:0
[ 2234399ms] [ERROR] Failed to load resource: the server responded with a status of 424 (Failed Dependency) @ https://t.adx.opera.com/pub/sync?pubid=pub10101531197440&gdpr=1&gdpr_consent=:0
[ 2234436ms] [ERROR] Failed to load resource: the server responded with a status of 424 (Failed Dependency) @ https://t.adx.opera.com/pub/sync?pubid=pub10101531197440&gdpr=1&gdpr_consent=:0
[ 2234953ms] [ERROR] Failed to load resource: net::ERR_HTTP2_SERVER_REFUSED_STREAM @ https://cs.admanmedia.com/73c1e1bfc3bde354d60b80e601ae3914.gif?puid=[UID]&redir=https%3A%2F%2Fonetag-sys.com%2Fmatch%2F%3Fint_id%3D164%26gdpr%3D0%26gdpr_consent%3D%26uid%3D%5BUID%5D&gdpr=0&gdpr_consent=&ccpa=&coppa=:0
[ 2245847ms] [ERROR] Failed to load resource: net::ERR_NAME_NOT_RESOLVED @ https://cs.iqzone.com/6f0476ca45e1d6b67e3ee8d57532a022.gif?redir=https%3A%2F%2Fsync.cootlogix.com%2Fapi%2Fcookie%3FpartnerId%3Diqzone%26gdpr%3D0%26gdpr_consent%3D%26us_privacy%3D%26userId%3D%5BUID%5D&gdpr=0&gdpr_consent=&ccpa=:0
[ 2246206ms] [ERROR] Failed to load resource: the server responded with a status of 404 (Not Found) @ https://us4.shb-sync.com/a760a5a7-e35e-49b8-9f5e-723455346741.gif?puid=484d9680-6b9f-9997-2618-6be45a581869&gdpr=0&gdpr_consent=0ccpa=:0
[ 2248632ms] [ERROR] Failed to load resource: net::ERR_NAME_NOT_RESOLVED @ https://cs.iqzone.com/6f0476ca45e1d6b67e3ee8d57532a022.gif?redir=https%3A%2F%2Fsync.cootlogix.com%2Fapi%2Fcookie%3FpartnerId%3Diqzone%26gdpr%3D%26gdpr_consent%3D%26us_privacy%3D%26userId%3D%5BUID%5D&gdpr=&gdpr_consent=&ccpa=:0
[ 2248717ms] [ERROR] Failed to load resource: the server responded with a status of 404 (Not Found) @ https://us4.shb-sync.com/a760a5a7-e35e-49b8-9f5e-723455346741.gif?puid=484d9680-6b9f-9997-2618-6be45a581869&gdpr=&gdpr_consent=ccpa=:0
[ 2234399ms] [ERROR] Failed to load resource: the server responded with a status of 424 (Failed Dependency) @ https://t.adx.opera.com/pub/sync?pubid=pub10101531197440&gdpr=1&gdpr_consent=:0
[ 2234436ms] [ERROR] Failed to load resource: the server responded with a status of 424 (Failed Dependency) @ https://t.adx.opera.com/pub/sync?pubid=pub10101531197440&gdpr=1&gdpr_consent=:0
[ 2234953ms] [ERROR] Failed to load resource: net::ERR_HTTP2_SERVER_REFUSED_STREAM @ https://cs.admanmedia.com/73c1e1bfc3bde354d60b80e601ae3914.gif?puid=[UID]&redir=https%3A%2F%2Fonetag-sys.com%2Fmatch%2F%3Fint_id%3D164%26gdpr%3D0%26gdpr_consent%3D%26uid%3D%5BUID%5D&gdpr=0&gdpr_consent=&ccpa=&coppa=:0
[ 2249142ms] [ERROR] Failed to load resource: net::ERR_NAME_NOT_RESOLVED @ https://cs.iqzone.com/6f0476ca45e1d6b67e3ee8d57532a022.gif?redir=https%3A%2F%2Fsync.cootlogix.com%2Fapi%2Fcookie%3FpartnerId%3Diqzone%26gdpr%3D%26gdpr_consent%3D%26us_privacy%3D%26userId%3D%5BUID%5D&gdpr=&gdpr_consent=&ccpa=:0
[ 2237991ms] [ERROR] Failed to load resource: net::ERR_NAME_NOT_RESOLVED @ https://cs.iqzone.com/570908b7e92df631fee32098aa272f7b.gif?puid=IWx692qGcqUe3%2FuoNW3oYQ%3D%3D&gdpr=&gdpr_consent=&ccpa=&coppa=&redir=https%3A%2F%2Fssc-cms.33across.com%2Fps%2F%3Fxi%3D145%26ts%3D1787196069929.6%26us_privacy%3D%26xu%3D%5BUID%5D%26gpp_sid%3D%26gpp%3D:0
[ 2238012ms] [ERROR] Failed to load resource: net::ERR_NAME_NOT_RESOLVED @ https://cs.iqzone.com/570908b7e92df631fee32098aa272f7b.gif?puid=IWx692qGcqUe3%2FuoNW3oYQ%3D%3D&gdpr=&gdpr_consent=&ccpa=&coppa=&redir=https%3A%2F%2Fssc-cms.33across.com%2Fps%2F%3Fxi%3D145%26ts%3D1787196069929.6%26us_privacy%3D%26xu%3D%5BUID%5D%26gpp_sid%3D%26gpp%3D:0
[ 2240200ms] [ERROR] Failed to load resource: net::ERR_NAME_NOT_RESOLVED @ https://usermatch.krxd.net/um/v2?partner=tapad:0
[ 2248558ms] [ERROR] Failed to load resource: net::ERR_NAME_NOT_RESOLVED @ https://tacoda.at.atwola.com/atx/sync/ak/ak/default:0
[ 2249244ms] [ERROR] Failed to load resource: net::ERR_NAME_NOT_RESOLVED @ https://cs.iqzone.com/6f0476ca45e1d6b67e3ee8d57532a022.gif?redir=https%3A%2F%2Fsync.cootlogix.com%2Fapi%2Fcookie%3FpartnerId%3Diqzone%26gdpr%3D%26gdpr_consent%3D%26us_privacy%3D%26userId%3D%5BUID%5D&gdpr=&gdpr_consent=&ccpa=:0
[ 2249285ms] [ERROR] Failed to load resource: the server responded with a status of 404 (Not Found) @ https://us4.shb-sync.com/a760a5a7-e35e-49b8-9f5e-723455346741.gif?puid=484d9680-6b9f-9997-2618-6be45a581869&gdpr=&gdpr_consent=ccpa=:0
[ 2249316ms] [ERROR] Failed to load resource: the server responded with a status of 404 (Not Found) @ https://us4.shb-sync.com/a760a5a7-e35e-49b8-9f5e-723455346741.gif?puid=484d9680-6b9f-9997-2618-6be45a581869&gdpr=&gdpr_consent=ccpa=:0
[ 2249391ms] [ERROR] Failed to load resource: the server responded with a status of 404 () @ https://ittpx.eskimi.com/sync?sp_id=238&gdpr=undefined&gdpr_consent=undefined&us_privacy=undefined&gpp=undefined&gpp_sid=undefined:0
[ 2249511ms] [ERROR] Failed to load resource: the server responded with a status of 404 (Not Found) @ https://b1sync.zemanta.com/usersync/ogury/?gdpr=0&gdpr_consent=&cb=https%3A%2F%2Fms-cookie-sync.presage.io%2Fuser-sync%3Foutbrain_id%3D__ZUID__:0
[ 2234399ms] [ERROR] Failed to load resource: the server responded with a status of 424 (Failed Dependency) @ https://t.adx.opera.com/pub/sync?pubid=pub10101531197440&gdpr=1&gdpr_consent=:0
[ 2234436ms] [ERROR] Failed to load resource: the server responded with a status of 424 (Failed Dependency) @ https://t.adx.opera.com/pub/sync?pubid=pub10101531197440&gdpr=1&gdpr_consent=:0
[ 2234953ms] [ERROR] Failed to load resource: net::ERR_HTTP2_SERVER_REFUSED_STREAM @ https://cs.admanmedia.com/73c1e1bfc3bde354d60b80e601ae3914.gif?puid=[UID]&redir=https%3A%2F%2Fonetag-sys.com%2Fmatch%2F%3Fint_id%3D164%26gdpr%3D0%26gdpr_consent%3D%26uid%3D%5BUID%5D&gdpr=0&gdpr_consent=&ccpa=&coppa=:0
[ 2250034ms] [ERROR] Failed to load resource: the server responded with a status of 424 (Failed Dependency) @ https://t.adx.opera.com/pub/sync?pubid=pub10101531197440&gdpr=1&gdpr_consent=:0
[ 2239804ms] [ERROR] Failed to load resource: net::ERR_NAME_NOT_RESOLVED @ https://px.owneriq.net/eox:0
[ 2249511ms] [ERROR] Failed to load resource: the server responded with a status of 404 (Not Found) @ https://b1sync.zemanta.com/usersync/ogury/?gdpr=0&gdpr_consent=&cb=https%3A%2F%2Fms-cookie-sync.presage.io%2Fuser-sync%3Foutbrain_id%3D__ZUID__:0
[ 2234399ms] [ERROR] Failed to load resource: the server responded with a status of 424 (Failed Dependency) @ https://t.adx.opera.com/pub/sync?pubid=pub10101531197440&gdpr=1&gdpr_consent=:0
[ 2234436ms] [ERROR] Failed to load resource: the server responded with a status of 424 (Failed Dependency) @ https://t.adx.opera.com/pub/sync?pubid=pub10101531197440&gdpr=1&gdpr_consent=:0
[ 2234953ms] [ERROR] Failed to load resource: net::ERR_HTTP2_SERVER_REFUSED_STREAM @ https://cs.admanmedia.com/73c1e1bfc3bde354d60b80e601ae3914.gif?puid=[UID]&redir=https%3A%2F%2Fonetag-sys.com%2Fmatch%2F%3Fint_id%3D164%26gdpr%3D0%26gdpr_consent%3D%26uid%3D%5BUID%5D&gdpr=0&gdpr_consent=&ccpa=&coppa=:0
[ 2250034ms] [ERROR] Failed to load resource: the server responded with a status of 424 (Failed Dependency) @ https://t.adx.opera.com/pub/sync?pubid=pub10101531197440&gdpr=1&gdpr_consent=:0
[ 2258915ms] [WARNING] An iframe which has both allow-scripts and allow-same-origin for its sandbox attribute can escape its sandboxing. @ https://scripts.webcontentassessor.com/scripts/fa866076b638fb98d1cc84e16435f506c69ce3f3d6433bb2591568441bb1a2ca:0
[ 2259044ms] [WARNING] An iframe which has both allow-scripts and allow-same-origin for its sandbox attribute can escape its sandboxing. @ https://scripts.webcontentassessor.com/scripts/fa866076b638fb98d1cc84e16435f506c69ce3f3d6433bb2591568441bb1a2ca:0
[ 2239804ms] [ERROR] Failed to load resource: net::ERR_NAME_NOT_RESOLVED @ https://px.owneriq.net/eox:0
[ 2239804ms] [ERROR] Failed to load resource: net::ERR_NAME_NOT_RESOLVED @ https://px.owneriq.net/eox:0
[ 2228765ms] [ERROR] Attestation check for Shared Storage on https://www.googleadservices.com failed. @ https://www.googleadservices.com/pagead/managed/js/activeview/current/reach_worklet.html:0
[ 2228782ms] [ERROR] Attestation check for Shared Storage on https://www.googleadservices.com failed. @ https://www.googleadservices.com/pagead/managed/js/activeview/current/reach_worklet.html:0
[ 2229061ms] [ERROR] Attestation check for Shared Storage on https://www.googleadservices.com failed. @ https://www.googleadservices.com/pagead/managed/js/activeview/current/reach_worklet.html:0
[ 2245293ms] [ERROR] Attestation check for Shared Storage on https://www.googleadservices.com failed. @ https://www.googleadservices.com/pagead/managed/js/activeview/current/reach_worklet.html:0
[ 2245989ms] [ERROR] Attestation check for Shared Storage on https://www.googleadservices.com failed. @ https://www.googleadservices.com/pagead/managed/js/activeview/current/reach_worklet.html:0
[ 2228765ms] [ERROR] Attestation check for Shared Storage on https://www.googleadservices.com failed. @ https://www.googleadservices.com/pagead/managed/js/activeview/current/reach_worklet.html:0
[ 2228782ms] [ERROR] Attestation check for Shared Storage on https://www.googleadservices.com failed. @ https://www.googleadservices.com/pagead/managed/js/activeview/current/reach_worklet.html:0
[ 2229061ms] [ERROR] Attestation check for Shared Storage on https://www.googleadservices.com failed. @ https://www.googleadservices.com/pagead/managed/js/activeview/current/reach_worklet.html:0
[ 2245293ms] [ERROR] Attestation check for Shared Storage on https://www.googleadservices.com failed. @ https://www.googleadservices.com/pagead/managed/js/activeview/current/reach_worklet.html:0
[ 2245989ms] [ERROR] Attestation check for Shared Storage on https://www.googleadservices.com failed. @ https://www.googleadservices.com/pagead/managed/js/activeview/current/reach_worklet.html:0
[ 2259250ms] [ERROR] Attestation check for Shared Storage on https://www.googleadservices.com failed. @ https://www.googleadservices.com/pagead/managed/js/activeview/current/reach_worklet.html:0
[ 2259334ms] [ERROR] Attestation check for Shared Storage on https://www.googleadservices.com failed. @ https://www.googleadservices.com/pagead/managed/js/activeview/current/reach_worklet.html:0
[ 2228765ms] [ERROR] Attestation check for Shared Storage on https://www.googleadservices.com failed. @ https://www.googleadservices.com/pagead/managed/js/activeview/current/reach_worklet.html:0
[ 2228782ms] [ERROR] Attestation check for Shared Storage on https://www.googleadservices.com failed. @ https://www.googleadservices.com/pagead/managed/js/activeview/current/reach_worklet.html:0
[ 2229061ms] [ERROR] Attestation check for Shared Storage on https://www.googleadservices.com failed. @ https://www.googleadservices.com/pagead/managed/js/activeview/current/reach_worklet.html:0
[ 2245293ms] [ERROR] Attestation check for Shared Storage on https://www.googleadservices.com failed. @ https://www.googleadservices.com/pagead/managed/js/activeview/current/reach_worklet.html:0
[ 2245989ms] [ERROR] Attestation check for Shared Storage on https://www.googleadservices.com failed. @ https://www.googleadservices.com/pagead/managed/js/activeview/current/reach_worklet.html:0
[ 2259250ms] [ERROR] Attestation check for Shared Storage on https://www.googleadservices.com failed. @ https://www.googleadservices.com/pagead/managed/js/activeview/current/reach_worklet.html:0
[ 2259334ms] [ERROR] Attestation check for Shared Storage on https://www.googleadservices.com failed. @ https://www.googleadservices.com/pagead/managed/js/activeview/current/reach_worklet.html:0
[ 2228765ms] [ERROR] Attestation check for Shared Storage on https://www.googleadservices.com failed. @ https://www.googleadservices.com/pagead/managed/js/activeview/current/reach_worklet.html:0
[ 2228782ms] [ERROR] Attestation check for Shared Storage on https://www.googleadservices.com failed. @ https://www.googleadservices.com/pagead/managed/js/activeview/current/reach_worklet.html:0
[ 2229061ms] [ERROR] Attestation check for Shared Storage on https://www.googleadservices.com failed. @ https://www.googleadservices.com/pagead/managed/js/activeview/current/reach_worklet.html:0
[ 2245293ms] [ERROR] Attestation check for Shared Storage on https://www.googleadservices.com failed. @ https://www.googleadservices.com/pagead/managed/js/activeview/current/reach_worklet.html:0
[ 2245989ms] [ERROR] Attestation check for Shared Storage on https://www.googleadservices.com failed. @ https://www.googleadservices.com/pagead/managed/js/activeview/current/reach_worklet.html:0
[ 2259250ms] [ERROR] Attestation check for Shared Storage on https://www.googleadservices.com failed. @ https://www.googleadservices.com/pagead/managed/js/activeview/current/reach_worklet.html:0
[ 2259334ms] [ERROR] Attestation check for Shared Storage on https://www.googleadservices.com failed. @ https://www.googleadservices.com/pagead/managed/js/activeview/current/reach_worklet.html:0
[ 2260193ms] [ERROR] Attestation check for Shared Storage on https://www.googleadservices.com failed. @ https://www.googleadservices.com/pagead/managed/js/activeview/current/reach_worklet.html:0
[ 2260311ms] Uncaught Error: Window playback event handlers are not defined
    at <anonymous> (https://d17ebhrlbr4s4.cloudfront.net/preview-utils.js:0:140)
    at <anonymous> (https://d17ebhrlbr4s4.cloudfront.net/preview-utils.js:0:295)
[ 2260318ms] [ERROR] Attestation check for Shared Storage on https://www.googleadservices.com failed. @ https://www.googleadservices.com/pagead/managed/js/activeview/current/reach_worklet.html:0
[ 2260326ms] Uncaught Error: Window playback event handlers are not defined
    at <anonymous> (https://d17ebhrlbr4s4.cloudfront.net/preview-utils.js:0:140)
    at <anonymous> (https://d17ebhrlbr4s4.cloudfront.net/preview-utils.js:0:295)
[ 2260329ms] Uncaught Error: Window playback event handlers are not defined
    at <anonymous> (https://d17ebhrlbr4s4.cloudfront.net/preview-utils.js:0:140)
    at <anonymous> (https://d17ebhrlbr4s4.cloudfront.net/preview-utils.js:0:295)
[ 2260332ms] Uncaught Error: Window playback event handlers are not defined
    at <anonymous> (https://d17ebhrlbr4s4.cloudfront.net/preview-utils.js:0:140)
    at <anonymous> (https://d17ebhrlbr4s4.cloudfront.net/preview-utils.js:0:295)
[ 2260332ms] Uncaught Error: Window playback event handlers are not defined
    at <anonymous> (https://d17ebhrlbr4s4.cloudfront.net/preview-utils.js:0:140)
    at <anonymous> (https://d17ebhrlbr4s4.cloudfront.net/preview-utils.js:0:295)
[ 2260332ms] Uncaught Error: Window playback event handlers are not defined
    at <anonymous> (https://d17ebhrlbr4s4.cloudfront.net/preview-utils.js:0:140)
    at <anonymous> (https://d17ebhrlbr4s4.cloudfront.net/preview-utils.js:0:295)
[ 2260344ms] Uncaught Error: Window playback event handlers are not defined
    at <anonymous> (https://d17ebhrlbr4s4.cloudfront.net/preview-utils.js:0:140)
    at <anonymous> (https://d17ebhrlbr4s4.cloudfront.net/preview-utils.js:0:295)
[ 2262724ms] [LOG] JSHandle@node @ https://s0.2mdn.net/sadbundle/705014368724838412/300x250-Display/animation.js:64
[ 2263962ms] [ERROR] Failed to load resource: net::ERR_CONNECTION_TIMED_OUT @ https://lyr33000c.pubmatic.com/AdServer/layer?pubid=156439&nwid=2967-OB&lyrenc=1&adtype=10&pimprid=69252635-c559-44dc-b55a-83c054896402&imprid=BIDSFO0226-07AC4090-DEA3-4506-AF3F-9350811CBA2C:1&uimprid=07AC4090-DEA3-4506-AF3F-9350811CBA2C:1&bid=0.11114889000000003&ts=1787196071&cet=1787196371&a=0.111149&cs=1:0
[ 2234980ms] [ERROR] Failed to load resource: the server responded with a status of 400 (Bad Request) @ https://sync.adkernel.com/user-sync?zone=252325&gdpr=0&gdpr_consent=&us_privacy=&t=image&r=https%3A%2F%2Fittpx.eskimi.com%2Fsync%3Fdp_id%3D52%26gdpr%3D0%26gdpr_consent%3D%26us_privacy%3D%26user_id%3D%7BUID%7D:0
[ 2235501ms] [ERROR] Failed to load resource: the server responded with a status of 400 (Bad Request) @ https://sync.adkernel.com/user-sync?zone=252325&gdpr=0&gdpr_consent=&us_privacy=&t=image&r=https%3A%2F%2Fittpx.eskimi.com%2Fsync%3Fdp_id%3D52%26gdpr%3D0%26gdpr_consent%3D%26us_privacy%3D%26user_id%3D%7BUID%7D:0
[ 2237333ms] [ERROR] Failed to load resource: net::ERR_SOCKET_NOT_CONNECTED @ https://tracker.rtb-oveeo.com/sync?id=187&uid=b2269997-201a-4594-ae33-5e993dc06e26:0
[ 2240799ms] [ERROR] Failed to load resource: the server responded with a status of 400 (Bad Request) @ https://sync.adkernel.com/user-sync?zone=252325&gdpr=0&gdpr_consent=&us_privacy=&t=image&r=https%3A%2F%2Fittpx.eskimi.com%2Fsync%3Fdp_id%3D52%26gdpr%3D0%26gdpr_consent%3D%26us_privacy%3D%26user_id%3D%7BUID%7D:0
[ 2244911ms] [ERROR] Failed to load resource: net::ERR_CONNECTION_CLOSED @ https://tracker.rtb-oveeo.com/sync?id=187&uid=b2269997-201a-4594-ae33-5e993dc06e26:0
[ 2249391ms] [ERROR] Failed to load resource: the server responded with a status of 404 () @ https://ittpx.eskimi.com/sync?sp_id=238&gdpr=undefined&gdpr_consent=undefined&us_privacy=undefined&gpp=undefined&gpp_sid=undefined:0
[ 2270752ms] [WARNING] An iframe which has both allow-scripts and allow-same-origin for its sandbox attribute can escape its sandboxing. @ https://scripts.webcontentassessor.com/scripts/fa866076b638fb98d1cc84e16435f506c69ce3f3d6433bb2591568441bb1a2ca:0
[ 2228765ms] [ERROR] Attestation check for Shared Storage on https://www.googleadservices.com failed. @ https://www.googleadservices.com/pagead/managed/js/activeview/current/reach_worklet.html:0
[ 2228782ms] [ERROR] Attestation check for Shared Storage on https://www.googleadservices.com failed. @ https://www.googleadservices.com/pagead/managed/js/activeview/current/reach_worklet.html:0
[ 2229061ms] [ERROR] Attestation check for Shared Storage on https://www.googleadservices.com failed. @ https://www.googleadservices.com/pagead/managed/js/activeview/current/reach_worklet.html:0
[ 2245293ms] [ERROR] Attestation check for Shared Storage on https://www.googleadservices.com failed. @ https://www.googleadservices.com/pagead/managed/js/activeview/current/reach_worklet.html:0
[ 2245989ms] [ERROR] Attestation check for Shared Storage on https://www.googleadservices.com failed. @ https://www.googleadservices.com/pagead/managed/js/activeview/current/reach_worklet.html:0
[ 2259250ms] [ERROR] Attestation check for Shared Storage on https://www.googleadservices.com failed. @ https://www.googleadservices.com/pagead/managed/js/activeview/current/reach_worklet.html:0
[ 2259334ms] [ERROR] Attestation check for Shared Storage on https://www.googleadservices.com failed. @ https://www.googleadservices.com/pagead/managed/js/activeview/current/reach_worklet.html:0
[ 2260193ms] [ERROR] Attestation check for Shared Storage on https://www.googleadservices.com failed. @ https://www.googleadservices.com/pagead/managed/js/activeview/current/reach_worklet.html:0
[ 2260318ms] [ERROR] Attestation check for Shared Storage on https://www.googleadservices.com failed. @ https://www.googleadservices.com/pagead/managed/js/activeview/current/reach_worklet.html:0
[ 2271072ms] [ERROR] Attestation check for Shared Storage on https://www.googleadservices.com failed. @ https://www.googleadservices.com/pagead/managed/js/activeview/current/reach_worklet.html:0
[ 2271232ms] [ERROR] Failed to load resource: the server responded with a status of 400 () @ https://eb2.3lift.com/xuid?idenv=:0
[ 2272891ms] [ERROR] Failed to load resource: net::ERR_TOO_MANY_REDIRECTS @ https://user-sync.fwmrm.net/ad/u?mode=user-register&dspid=143&dspuid=d611bfae-c972-866a-4fcb-a2ffbe746b4f&gdpr=0&gdpr_consent=:0
[ 2273127ms] [WARNING] The powerPreference option is currently ignored when calling requestAdapter() on Windows. See https://crbug.com/369219127 @ https://js.ad-score.com/score.min.js?pid=1000925&tt=g:1
[ 2290271ms] [WARNING] An iframe which has both allow-scripts and allow-same-origin for its sandbox attribute can escape its sandboxing. @ https://scripts.webcontentassessor.com/scripts/fa866076b638fb98d1cc84e16435f506c69ce3f3d6433bb2591568441bb1a2ca:0
[ 2290343ms] [WARNING] An iframe which has both allow-scripts and allow-same-origin for its sandbox attribute can escape its sandboxing. @ https://scripts.webcontentassessor.com/scripts/fa866076b638fb98d1cc84e16435f506c69ce3f3d6433bb2591568441bb1a2ca:0
[ 2228765ms] [ERROR] Attestation check for Shared Storage on https://www.googleadservices.com failed. @ https://www.googleadservices.com/pagead/managed/js/activeview/current/reach_worklet.html:0
[ 2228782ms] [ERROR] Attestation check for Shared Storage on https://www.googleadservices.com failed. @ https://www.googleadservices.com/pagead/managed/js/activeview/current/reach_worklet.html:0
[ 2229061ms] [ERROR] Attestation check for Shared Storage on https://www.googleadservices.com failed. @ https://www.googleadservices.com/pagead/managed/js/activeview/current/reach_worklet.html:0
[ 2245293ms] [ERROR] Attestation check for Shared Storage on https://www.googleadservices.com failed. @ https://www.googleadservices.com/pagead/managed/js/activeview/current/reach_worklet.html:0
[ 2245989ms] [ERROR] Attestation check for Shared Storage on https://www.googleadservices.com failed. @ https://www.googleadservices.com/pagead/managed/js/activeview/current/reach_worklet.html:0
[ 2259250ms] [ERROR] Attestation check for Shared Storage on https://www.googleadservices.com failed. @ https://www.googleadservices.com/pagead/managed/js/activeview/current/reach_worklet.html:0
[ 2259334ms] [ERROR] Attestation check for Shared Storage on https://www.googleadservices.com failed. @ https://www.googleadservices.com/pagead/managed/js/activeview/current/reach_worklet.html:0
[ 2260193ms] [ERROR] Attestation check for Shared Storage on https://www.googleadservices.com failed. @ https://www.googleadservices.com/pagead/managed/js/activeview/current/reach_worklet.html:0
[ 2260318ms] [ERROR] Attestation check for Shared Storage on https://www.googleadservices.com failed. @ https://www.googleadservices.com/pagead/managed/js/activeview/current/reach_worklet.html:0
[ 2271072ms] [ERROR] Attestation check for Shared Storage on https://www.googleadservices.com failed. @ https://www.googleadservices.com/pagead/managed/js/activeview/current/reach_worklet.html:0
[ 2290683ms] [ERROR] Attestation check for Shared Storage on https://www.googleadservices.com failed. @ https://www.googleadservices.com/pagead/managed/js/activeview/current/reach_worklet.html:0
[ 2228765ms] [ERROR] Attestation check for Shared Storage on https://www.googleadservices.com failed. @ https://www.googleadservices.com/pagead/managed/js/activeview/current/reach_worklet.html:0
[ 2228782ms] [ERROR] Attestation check for Shared Storage on https://www.googleadservices.com failed. @ https://www.googleadservices.com/pagead/managed/js/activeview/current/reach_worklet.html:0
[ 2229061ms] [ERROR] Attestation check for Shared Storage on https://www.googleadservices.com failed. @ https://www.googleadservices.com/pagead/managed/js/activeview/current/reach_worklet.html:0
[ 2245293ms] [ERROR] Attestation check for Shared Storage on https://www.googleadservices.com failed. @ https://www.googleadservices.com/pagead/managed/js/activeview/current/reach_worklet.html:0
[ 2245989ms] [ERROR] Attestation check for Shared Storage on https://www.googleadservices.com failed. @ https://www.googleadservices.com/pagead/managed/js/activeview/current/reach_worklet.html:0
[ 2259250ms] [ERROR] Attestation check for Shared Storage on https://www.googleadservices.com failed. @ https://www.googleadservices.com/pagead/managed/js/activeview/current/reach_worklet.html:0
[ 2259334ms] [ERROR] Attestation check for Shared Storage on https://www.googleadservices.com failed. @ https://www.googleadservices.com/pagead/managed/js/activeview/current/reach_worklet.html:0
[ 2260193ms] [ERROR] Attestation check for Shared Storage on https://www.googleadservices.com failed. @ https://www.googleadservices.com/pagead/managed/js/activeview/current/reach_worklet.html:0
[ 2260318ms] [ERROR] Attestation check for Shared Storage on https://www.googleadservices.com failed. @ https://www.googleadservices.com/pagead/managed/js/activeview/current/reach_worklet.html:0
[ 2271072ms] [ERROR] Attestation check for Shared Storage on https://www.googleadservices.com failed. @ https://www.googleadservices.com/pagead/managed/js/activeview/current/reach_worklet.html:0
[ 2290683ms] [ERROR] Attestation check for Shared Storage on https://www.googleadservices.com failed. @ https://www.googleadservices.com/pagead/managed/js/activeview/current/reach_worklet.html:0
[ 2239804ms] [ERROR] Failed to load resource: net::ERR_NAME_NOT_RESOLVED @ https://px.owneriq.net/eox:0
[ 2291154ms] [ERROR] Attestation check for Shared Storage on https://www.googleadservices.com failed. @ https://www.googleadservices.com/pagead/managed/js/activeview/current/reach_worklet.html:0
[ 2301297ms] [WARNING] An iframe which has both allow-scripts and allow-same-origin for its sandbox attribute can escape its sandboxing. @ https://scripts.webcontentassessor.com/scripts/fa866076b638fb98d1cc84e16435f506c69ce3f3d6433bb2591568441bb1a2ca:0
[ 2228765ms] [ERROR] Attestation check for Shared Storage on https://www.googleadservices.com failed. @ https://www.googleadservices.com/pagead/managed/js/activeview/current/reach_worklet.html:0
[ 2228782ms] [ERROR] Attestation check for Shared Storage on https://www.googleadservices.com failed. @ https://www.googleadservices.com/pagead/managed/js/activeview/current/reach_worklet.html:0
[ 2229061ms] [ERROR] Attestation check for Shared Storage on https://www.googleadservices.com failed. @ https://www.googleadservices.com/pagead/managed/js/activeview/current/reach_worklet.html:0
[ 2245293ms] [ERROR] Attestation check for Shared Storage on https://www.googleadservices.com failed. @ https://www.googleadservices.com/pagead/managed/js/activeview/current/reach_worklet.html:0
[ 2245989ms] [ERROR] Attestation check for Shared Storage on https://www.googleadservices.com failed. @ https://www.googleadservices.com/pagead/managed/js/activeview/current/reach_worklet.html:0
[ 2259250ms] [ERROR] Attestation check for Shared Storage on https://www.googleadservices.com failed. @ https://www.googleadservices.com/pagead/managed/js/activeview/current/reach_worklet.html:0
[ 2259334ms] [ERROR] Attestation check for Shared Storage on https://www.googleadservices.com failed. @ https://www.googleadservices.com/pagead/managed/js/activeview/current/reach_worklet.html:0
[ 2260193ms] [ERROR] Attestation check for Shared Storage on https://www.googleadservices.com failed. @ https://www.googleadservices.com/pagead/managed/js/activeview/current/reach_worklet.html:0
[ 2260318ms] [ERROR] Attestation check for Shared Storage on https://www.googleadservices.com failed. @ https://www.googleadservices.com/pagead/managed/js/activeview/current/reach_worklet.html:0
[ 2271072ms] [ERROR] Attestation check for Shared Storage on https://www.googleadservices.com failed. @ https://www.googleadservices.com/pagead/managed/js/activeview/current/reach_worklet.html:0
[ 2290683ms] [ERROR] Attestation check for Shared Storage on https://www.googleadservices.com failed. @ https://www.googleadservices.com/pagead/managed/js/activeview/current/reach_worklet.html:0
[ 2291154ms] [ERROR] Attestation check for Shared Storage on https://www.googleadservices.com failed. @ https://www.googleadservices.com/pagead/managed/js/activeview/current/reach_worklet.html:0
[ 2301532ms] [ERROR] Attestation check for Shared Storage on https://www.googleadservices.com failed. @ https://www.googleadservices.com/pagead/managed/js/activeview/current/reach_worklet.html:0
[ 2302347ms] [WARNING] The powerPreference option is currently ignored when calling requestAdapter() on Windows. See https://crbug.com/369219127 @ https://js.ad-score.com/score.min.js?pid=1000925&tt=g:1
[ 2315927ms] [WARNING] The resource https://securepubads.g.doubleclick.net/tag/js/gpt.js was preloaded using link preload but not used within a few seconds from the window's load event. Please make sure it has an appropriate `as` value and it is preloaded intentionally. @ https://calamitymod.wiki.gg/wiki/The_Codebreaker:0
[ 2315927ms] [WARNING] The resource https://00917082-71e9-498e-8343-00c3df06b798.edge.permutive.app/00917082-71e9-498e-8343-00c3df06b798-web.js was preloaded using link preload but not used within a few seconds from the window's load event. Please make sure it has an appropriate `as` value and it is preloaded intentionally. @ https://calamitymod.wiki.gg/wiki/The_Codebreaker:0
[ 2321405ms] [WARNING] An iframe which has both allow-scripts and allow-same-origin for its sandbox attribute can escape its sandboxing. @ https://scripts.webcontentassessor.com/scripts/fa866076b638fb98d1cc84e16435f506c69ce3f3d6433bb2591568441bb1a2ca:0
[ 2321504ms] [WARNING] An iframe which has both allow-scripts and allow-same-origin for its sandbox attribute can escape its sandboxing. @ https://scripts.webcontentassessor.com/scripts/fa866076b638fb98d1cc84e16435f506c69ce3f3d6433bb2591568441bb1a2ca:0
[ 2228765ms] [ERROR] Attestation check for Shared Storage on https://www.googleadservices.com failed. @ https://www.googleadservices.com/pagead/managed/js/activeview/current/reach_worklet.html:0
[ 2228782ms] [ERROR] Attestation check for Shared Storage on https://www.googleadservices.com failed. @ https://www.googleadservices.com/pagead/managed/js/activeview/current/reach_worklet.html:0
[ 2229061ms] [ERROR] Attestation check for Shared Storage on https://www.googleadservices.com failed. @ https://www.googleadservices.com/pagead/managed/js/activeview/current/reach_worklet.html:0
[ 2245293ms] [ERROR] Attestation check for Shared Storage on https://www.googleadservices.com failed. @ https://www.googleadservices.com/pagead/managed/js/activeview/current/reach_worklet.html:0
[ 2245989ms] [ERROR] Attestation check for Shared Storage on https://www.googleadservices.com failed. @ https://www.googleadservices.com/pagead/managed/js/activeview/current/reach_worklet.html:0
[ 2259250ms] [ERROR] Attestation check for Shared Storage on https://www.googleadservices.com failed. @ https://www.googleadservices.com/pagead/managed/js/activeview/current/reach_worklet.html:0
[ 2259334ms] [ERROR] Attestation check for Shared Storage on https://www.googleadservices.com failed. @ https://www.googleadservices.com/pagead/managed/js/activeview/current/reach_worklet.html:0
[ 2260193ms] [ERROR] Attestation check for Shared Storage on https://www.googleadservices.com failed. @ https://www.googleadservices.com/pagead/managed/js/activeview/current/reach_worklet.html:0
[ 2260318ms] [ERROR] Attestation check for Shared Storage on https://www.googleadservices.com failed. @ https://www.googleadservices.com/pagead/managed/js/activeview/current/reach_worklet.html:0
[ 2271072ms] [ERROR] Attestation check for Shared Storage on https://www.googleadservices.com failed. @ https://www.googleadservices.com/pagead/managed/js/activeview/current/reach_worklet.html:0
[ 2290683ms] [ERROR] Attestation check for Shared Storage on https://www.googleadservices.com failed. @ https://www.googleadservices.com/pagead/managed/js/activeview/current/reach_worklet.html:0
[ 2291154ms] [ERROR] Attestation check for Shared Storage on https://www.googleadservices.com failed. @ https://www.googleadservices.com/pagead/managed/js/activeview/current/reach_worklet.html:0
[ 2301532ms] [ERROR] Attestation check for Shared Storage on https://www.googleadservices.com failed. @ https://www.googleadservices.com/pagead/managed/js/activeview/current/reach_worklet.html:0
[ 2321746ms] [ERROR] Attestation check for Shared Storage on https://www.googleadservices.com failed. @ https://www.googleadservices.com/pagead/managed/js/activeview/current/reach_worklet.html:0
[ 2239804ms] [ERROR] Failed to load resource: net::ERR_NAME_NOT_RESOLVED @ https://px.owneriq.net/eox:0
[ 2228765ms] [ERROR] Attestation check for Shared Storage on https://www.googleadservices.com failed. @ https://www.googleadservices.com/pagead/managed/js/activeview/current/reach_worklet.html:0
[ 2228782ms] [ERROR] Attestation check for Shared Storage on https://www.googleadservices.com failed. @ https://www.googleadservices.com/pagead/managed/js/activeview/current/reach_worklet.html:0
[ 2229061ms] [ERROR] Attestation check for Shared Storage on https://www.googleadservices.com failed. @ https://www.googleadservices.com/pagead/managed/js/activeview/current/reach_worklet.html:0
[ 2245293ms] [ERROR] Attestation check for Shared Storage on https://www.googleadservices.com failed. @ https://www.googleadservices.com/pagead/managed/js/activeview/current/reach_worklet.html:0
[ 2245989ms] [ERROR] Attestation check for Shared Storage on https://www.googleadservices.com failed. @ https://www.googleadservices.com/pagead/managed/js/activeview/current/reach_worklet.html:0
[ 2259250ms] [ERROR] Attestation check for Shared Storage on https://www.googleadservices.com failed. @ https://www.googleadservices.com/pagead/managed/js/activeview/current/reach_worklet.html:0
[ 2259334ms] [ERROR] Attestation check for Shared Storage on https://www.googleadservices.com failed. @ https://www.googleadservices.com/pagead/managed/js/activeview/current/reach_worklet.html:0
[ 2260193ms] [ERROR] Attestation check for Shared Storage on https://www.googleadservices.com failed. @ https://www.googleadservices.com/pagead/managed/js/activeview/current/reach_worklet.html:0
[ 2260318ms] [ERROR] Attestation check for Shared Storage on https://www.googleadservices.com failed. @ https://www.googleadservices.com/pagead/managed/js/activeview/current/reach_worklet.html:0
[ 2271072ms] [ERROR] Attestation check for Shared Storage on https://www.googleadservices.com failed. @ https://www.googleadservices.com/pagead/managed/js/activeview/current/reach_worklet.html:0
[ 2290683ms] [ERROR] Attestation check for Shared Storage on https://www.googleadservices.com failed. @ https://www.googleadservices.com/pagead/managed/js/activeview/current/reach_worklet.html:0
[ 2291154ms] [ERROR] Attestation check for Shared Storage on https://www.googleadservices.com failed. @ https://www.googleadservices.com/pagead/managed/js/activeview/current/reach_worklet.html:0
[ 2301532ms] [ERROR] Attestation check for Shared Storage on https://www.googleadservices.com failed. @ https://www.googleadservices.com/pagead/managed/js/activeview/current/reach_worklet.html:0
[ 2321746ms] [ERROR] Attestation check for Shared Storage on https://www.googleadservices.com failed. @ https://www.googleadservices.com/pagead/managed/js/activeview/current/reach_worklet.html:0
[ 2322058ms] [ERROR] Attestation check for Shared Storage on https://www.googleadservices.com failed. @ https://www.googleadservices.com/pagead/managed/js/activeview/current/reach_worklet.html:0
[ 2323171ms] [WARNING] The powerPreference option is currently ignored when calling requestAdapter() on Windows. See https://crbug.com/369219127 @ https://js.ad-score.com/score.min.js?pid=1000925&tt=g:1
[ 2323330ms] [WARNING] The powerPreference option is currently ignored when calling requestAdapter() on Windows. See https://crbug.com/369219127 @ https://js.ad-score.com/score.min.js?pid=1000925&tt=g:1
[ 2332091ms] [WARNING] An iframe which has both allow-scripts and allow-same-origin for its sandbox attribute can escape its sandboxing. @ https://scripts.webcontentassessor.com/scripts/fa866076b638fb98d1cc84e16435f506c69ce3f3d6433bb2591568441bb1a2ca:0
[ 2228765ms] [ERROR] Attestation check for Shared Storage on https://www.googleadservices.com failed. @ https://www.googleadservices.com/pagead/managed/js/activeview/current/reach_worklet.html:0
[ 2228782ms] [ERROR] Attestation check for Shared Storage on https://www.googleadservices.com failed. @ https://www.googleadservices.com/pagead/managed/js/activeview/current/reach_worklet.html:0
[ 2229061ms] [ERROR] Attestation check for Shared Storage on https://www.googleadservices.com failed. @ https://www.googleadservices.com/pagead/managed/js/activeview/current/reach_worklet.html:0
[ 2245293ms] [ERROR] Attestation check for Shared Storage on https://www.googleadservices.com failed. @ https://www.googleadservices.com/pagead/managed/js/activeview/current/reach_worklet.html:0
[ 2245989ms] [ERROR] Attestation check for Shared Storage on https://www.googleadservices.com failed. @ https://www.googleadservices.com/pagead/managed/js/activeview/current/reach_worklet.html:0
[ 2259250ms] [ERROR] Attestation check for Shared Storage on https://www.googleadservices.com failed. @ https://www.googleadservices.com/pagead/managed/js/activeview/current/reach_worklet.html:0
[ 2259334ms] [ERROR] Attestation check for Shared Storage on https://www.googleadservices.com failed. @ https://www.googleadservices.com/pagead/managed/js/activeview/current/reach_worklet.html:0
[ 2260193ms] [ERROR] Attestation check for Shared Storage on https://www.googleadservices.com failed. @ https://www.googleadservices.com/pagead/managed/js/activeview/current/reach_worklet.html:0
[ 2260318ms] [ERROR] Attestation check for Shared Storage on https://www.googleadservices.com failed. @ https://www.googleadservices.com/pagead/managed/js/activeview/current/reach_worklet.html:0
[ 2271072ms] [ERROR] Attestation check for Shared Storage on https://www.googleadservices.com failed. @ https://www.googleadservices.com/pagead/managed/js/activeview/current/reach_worklet.html:0
[ 2290683ms] [ERROR] Attestation check for Shared Storage on https://www.googleadservices.com failed. @ https://www.googleadservices.com/pagead/managed/js/activeview/current/reach_worklet.html:0
[ 2291154ms] [ERROR] Attestation check for Shared Storage on https://www.googleadservices.com failed. @ https://www.googleadservices.com/pagead/managed/js/activeview/current/reach_worklet.html:0
[ 2301532ms] [ERROR] Attestation check for Shared Storage on https://www.googleadservices.com failed. @ https://www.googleadservices.com/pagead/managed/js/activeview/current/reach_worklet.html:0
[ 2321746ms] [ERROR] Attestation check for Shared Storage on https://www.googleadservices.com failed. @ https://www.googleadservices.com/pagead/managed/js/activeview/current/reach_worklet.html:0
[ 2322058ms] [ERROR] Attestation check for Shared Storage on https://www.googleadservices.com failed. @ https://www.googleadservices.com/pagead/managed/js/activeview/current/reach_worklet.html:0
[ 2332563ms] [ERROR] Attestation check for Shared Storage on https://www.googleadservices.com failed. @ https://www.googleadservices.com/pagead/managed/js/activeview/current/reach_worklet.html:0
[ 2333132ms] [WARNING] The powerPreference option is currently ignored when calling requestAdapter() on Windows. See https://crbug.com/369219127 @ https://js.ad-score.com/score.min.js?pid=1000925&tt=g:1
[ 2351100ms] [WARNING] The resource https://securepubads.g.doubleclick.net/tag/js/gpt.js was preloaded using link preload but not used within a few seconds from the window's load event. Please make sure it has an appropriate `as` value and it is preloaded intentionally. @ https://calamitymod.wiki.gg/wiki/The_Codebreaker:0
[ 2351100ms] [WARNING] The resource https://00917082-71e9-498e-8343-00c3df06b798.edge.permutive.app/00917082-71e9-498e-8343-00c3df06b798-web.js was preloaded using link preload but not used within a few seconds from the window's load event. Please make sure it has an appropriate `as` value and it is preloaded intentionally. @ https://calamitymod.wiki.gg/wiki/The_Codebreaker:0
[ 2353688ms] [WARNING] An iframe which has both allow-scripts and allow-same-origin for its sandbox attribute can escape its sandboxing. @ https://scripts.webcontentassessor.com/scripts/fa866076b638fb98d1cc84e16435f506c69ce3f3d6433bb2591568441bb1a2ca:0
[ 2353833ms] [WARNING] An iframe which has both allow-scripts and allow-same-origin for its sandbox attribute can escape its sandboxing. @ https://scripts.webcontentassessor.com/scripts/fa866076b638fb98d1cc84e16435f506c69ce3f3d6433bb2591568441bb1a2ca:0
[ 2228765ms] [ERROR] Attestation check for Shared Storage on https://www.googleadservices.com failed. @ https://www.googleadservices.com/pagead/managed/js/activeview/current/reach_worklet.html:0
[ 2228782ms] [ERROR] Attestation check for Shared Storage on https://www.googleadservices.com failed. @ https://www.googleadservices.com/pagead/managed/js/activeview/current/reach_worklet.html:0
[ 2229061ms] [ERROR] Attestation check for Shared Storage on https://www.googleadservices.com failed. @ https://www.googleadservices.com/pagead/managed/js/activeview/current/reach_worklet.html:0
[ 2245293ms] [ERROR] Attestation check for Shared Storage on https://www.googleadservices.com failed. @ https://www.googleadservices.com/pagead/managed/js/activeview/current/reach_worklet.html:0
[ 2245989ms] [ERROR] Attestation check for Shared Storage on https://www.googleadservices.com failed. @ https://www.googleadservices.com/pagead/managed/js/activeview/current/reach_worklet.html:0
[ 2259250ms] [ERROR] Attestation check for Shared Storage on https://www.googleadservices.com failed. @ https://www.googleadservices.com/pagead/managed/js/activeview/current/reach_worklet.html:0
[ 2259334ms] [ERROR] Attestation check for Shared Storage on https://www.googleadservices.com failed. @ https://www.googleadservices.com/pagead/managed/js/activeview/current/reach_worklet.html:0
[ 2260193ms] [ERROR] Attestation check for Shared Storage on https://www.googleadservices.com failed. @ https://www.googleadservices.com/pagead/managed/js/activeview/current/reach_worklet.html:0
[ 2260318ms] [ERROR] Attestation check for Shared Storage on https://www.googleadservices.com failed. @ https://www.googleadservices.com/pagead/managed/js/activeview/current/reach_worklet.html:0
[ 2271072ms] [ERROR] Attestation check for Shared Storage on https://www.googleadservices.com failed. @ https://www.googleadservices.com/pagead/managed/js/activeview/current/reach_worklet.html:0
[ 2290683ms] [ERROR] Attestation check for Shared Storage on https://www.googleadservices.com failed. @ https://www.googleadservices.com/pagead/managed/js/activeview/current/reach_worklet.html:0
[ 2291154ms] [ERROR] Attestation check for Shared Storage on https://www.googleadservices.com failed. @ https://www.googleadservices.com/pagead/managed/js/activeview/current/reach_worklet.html:0
[ 2301532ms] [ERROR] Attestation check for Shared Storage on https://www.googleadservices.com failed. @ https://www.googleadservices.com/pagead/managed/js/activeview/current/reach_worklet.html:0
[ 2321746ms] [ERROR] Attestation check for Shared Storage on https://www.googleadservices.com failed. @ https://www.googleadservices.com/pagead/managed/js/activeview/current/reach_worklet.html:0
[ 2322058ms] [ERROR] Attestation check for Shared Storage on https://www.googleadservices.com failed. @ https://www.googleadservices.com/pagead/managed/js/activeview/current/reach_worklet.html:0
[ 2332563ms] [ERROR] Attestation check for Shared Storage on https://www.googleadservices.com failed. @ https://www.googleadservices.com/pagead/managed/js/activeview/current/reach_worklet.html:0
[ 2239804ms] [ERROR] Failed to load resource: net::ERR_NAME_NOT_RESOLVED @ https://px.owneriq.net/eox:0
[ 2355043ms] [ERROR] Attestation check for Shared Storage on https://www.googleadservices.com failed. @ https://www.googleadservices.com/pagead/managed/js/activeview/current/reach_worklet.html:0
[ 2228765ms] [ERROR] Attestation check for Shared Storage on https://www.googleadservices.com failed. @ https://www.googleadservices.com/pagead/managed/js/activeview/current/reach_worklet.html:0
[ 2228782ms] [ERROR] Attestation check for Shared Storage on https://www.googleadservices.com failed. @ https://www.googleadservices.com/pagead/managed/js/activeview/current/reach_worklet.html:0
[ 2229061ms] [ERROR] Attestation check for Shared Storage on https://www.googleadservices.com failed. @ https://www.googleadservices.com/pagead/managed/js/activeview/current/reach_worklet.html:0
[ 2245293ms] [ERROR] Attestation check for Shared Storage on https://www.googleadservices.com failed. @ https://www.googleadservices.com/pagead/managed/js/activeview/current/reach_worklet.html:0
[ 2245989ms] [ERROR] Attestation check for Shared Storage on https://www.googleadservices.com failed. @ https://www.googleadservices.com/pagead/managed/js/activeview/current/reach_worklet.html:0
[ 2259250ms] [ERROR] Attestation check for Shared Storage on https://www.googleadservices.com failed. @ https://www.googleadservices.com/pagead/managed/js/activeview/current/reach_worklet.html:0
[ 2259334ms] [ERROR] Attestation check for Shared Storage on https://www.googleadservices.com failed. @ https://www.googleadservices.com/pagead/managed/js/activeview/current/reach_worklet.html:0
[ 2260193ms] [ERROR] Attestation check for Shared Storage on https://www.googleadservices.com failed. @ https://www.googleadservices.com/pagead/managed/js/activeview/current/reach_worklet.html:0
[ 2260318ms] [ERROR] Attestation check for Shared Storage on https://www.googleadservices.com failed. @ https://www.googleadservices.com/pagead/managed/js/activeview/current/reach_worklet.html:0
[ 2271072ms] [ERROR] Attestation check for Shared Storage on https://www.googleadservices.com failed. @ https://www.googleadservices.com/pagead/managed/js/activeview/current/reach_worklet.html:0
[ 2290683ms] [ERROR] Attestation check for Shared Storage on https://www.googleadservices.com failed. @ https://www.googleadservices.com/pagead/managed/js/activeview/current/reach_worklet.html:0
[ 2291154ms] [ERROR] Attestation check for Shared Storage on https://www.googleadservices.com failed. @ https://www.googleadservices.com/pagead/managed/js/activeview/current/reach_worklet.html:0
[ 2301532ms] [ERROR] Attestation check for Shared Storage on https://www.googleadservices.com failed. @ https://www.googleadservices.com/pagead/managed/js/activeview/current/reach_worklet.html:0
[ 2321746ms] [ERROR] Attestation check for Shared Storage on https://www.googleadservices.com failed. @ https://www.googleadservices.com/pagead/managed/js/activeview/current/reach_worklet.html:0
[ 2322058ms] [ERROR] Attestation check for Shared Storage on https://www.googleadservices.com failed. @ https://www.googleadservices.com/pagead/managed/js/activeview/current/reach_worklet.html:0
[ 2332563ms] [ERROR] Attestation check for Shared Storage on https://www.googleadservices.com failed. @ https://www.googleadservices.com/pagead/managed/js/activeview/current/reach_worklet.html:0
[ 2355043ms] [ERROR] Attestation check for Shared Storage on https://www.googleadservices.com failed. @ https://www.googleadservices.com/pagead/managed/js/activeview/current/reach_worklet.html:0
[ 2355248ms] [ERROR] Attestation check for Shared Storage on https://www.googleadservices.com failed. @ https://www.googleadservices.com/pagead/managed/js/activeview/current/reach_worklet.html:0
[ 2357575ms] [WARNING] The powerPreference option is currently ignored when calling requestAdapter() on Windows. See https://crbug.com/369219127 @ https://js.ad-score.com/score.min.js?pid=1000925&tt=g:1
[ 2363322ms] [WARNING] An iframe which has both allow-scripts and allow-same-origin for its sandbox attribute can escape its sandboxing. @ https://scripts.webcontentassessor.com/scripts/fa866076b638fb98d1cc84e16435f506c69ce3f3d6433bb2591568441bb1a2ca:0
[ 2365928ms] [WARNING] The powerPreference option is currently ignored when calling requestAdapter() on Windows. See https://crbug.com/369219127 @ https://js.ad-score.com/score.min.js?pid=1000925&tt=g:1
[ 2374396ms] [WARNING] The resource https://securepubads.g.doubleclick.net/tag/js/gpt.js was preloaded using link preload but not used within a few seconds from the window's load event. Please make sure it has an appropriate `as` value and it is preloaded intentionally. @ https://calamitymod.wiki.gg/wiki/The_Codebreaker:0
[ 2374396ms] [WARNING] The resource https://00917082-71e9-498e-8343-00c3df06b798.edge.permutive.app/00917082-71e9-498e-8343-00c3df06b798-web.js was preloaded using link preload but not used within a few seconds from the window's load event. Please make sure it has an appropriate `as` value and it is preloaded intentionally. @ https://calamitymod.wiki.gg/wiki/The_Codebreaker:0
[ 2378759ms] [WARNING] The resource https://securepubads.g.doubleclick.net/tag/js/gpt.js was preloaded using link preload but not used within a few seconds from the window's load event. Please make sure it has an appropriate `as` value and it is preloaded intentionally. @ https://calamitymod.wiki.gg/wiki/The_Codebreaker:0
[ 2378760ms] [WARNING] The resource https://00917082-71e9-498e-8343-00c3df06b798.edge.permutive.app/00917082-71e9-498e-8343-00c3df06b798-web.js was preloaded using link preload but not used within a few seconds from the window's load event. Please make sure it has an appropriate `as` value and it is preloaded intentionally. @ https://calamitymod.wiki.gg/wiki/The_Codebreaker:0
[ 2382705ms] [WARNING] The resource https://securepubads.g.doubleclick.net/tag/js/gpt.js was preloaded using link preload but not used within a few seconds from the window's load event. Please make sure it has an appropriate `as` value and it is preloaded intentionally. @ https://calamitymod.wiki.gg/wiki/The_Codebreaker:0
[ 2382705ms] [WARNING] The resource https://00917082-71e9-498e-8343-00c3df06b798.edge.permutive.app/00917082-71e9-498e-8343-00c3df06b798-web.js was preloaded using link preload but not used within a few seconds from the window's load event. Please make sure it has an appropriate `as` value and it is preloaded intentionally. @ https://calamitymod.wiki.gg/wiki/The_Codebreaker:0
[ 2384098ms] [WARNING] An iframe which has both allow-scripts and allow-same-origin for its sandbox attribute can escape its sandboxing. @ https://scripts.webcontentassessor.com/scripts/fa866076b638fb98d1cc84e16435f506c69ce3f3d6433bb2591568441bb1a2ca:0
[ 2384179ms] [WARNING] An iframe which has both allow-scripts and allow-same-origin for its sandbox attribute can escape its sandboxing. @ https://scripts.webcontentassessor.com/scripts/fa866076b638fb98d1cc84e16435f506c69ce3f3d6433bb2591568441bb1a2ca:0
[ 2384425ms] [WARNING] Mixed Content: The page at 'https://match.prod.bidr.io/cookie-msync?ai=ChIIldzkrwMQgwEYquu53KCulgMSDAoKc3RlZWxob3VzZRoCaWVgAJIBAmll&gdpr=0&gdpr_consent=&gdpr_pd=0&' was loaded over HTTPS, but requested an insecure element 'http://usersync.gumgum.com/usersync?b=bwx&i=AACQw07VDOUAAAHclEysLA'. This request was automatically upgraded to HTTPS, For more information see https://blog.chromium.org/2019/10/no-more-mixed-messages-about-https.html @ https://match.prod.bidr.io/cookie-msync?ai=ChIIldzkrwMQgwEYquu53KCulgMSDAoKc3RlZWxob3VzZRoCaWVgAJIBAmll&gdpr=0&gdpr_consent=&gdpr_pd=0&:0
[ 2384433ms] [WARNING] Mixed Content: The page at 'https://match.prod.bidr.io/cookie-msync?ai=ChIIldzkrwMQgwEYquu53KCulgMSDAoKc3RlZWxob3VzZRoCaWVgAJIBAmll&gdpr=0&gdpr_consent=&gdpr_pd=0&' was loaded over HTTPS, but requested an insecure element 'http://usersync.gumgum.com/usersync?b=bwx&i=AACQw07VDOUAAAHclEysLA'. This request was automatically upgraded to HTTPS, For more information see https://blog.chromium.org/2019/10/no-more-mixed-messages-about-https.html @ https://match.prod.bidr.io/cookie-msync?ai=ChIIldzkrwMQgwEYquu53KCulgMSDAoKc3RlZWxob3VzZRoCaWVgAJIBAmll&gdpr=0&gdpr_consent=&gdpr_pd=0&:10
[ 2384499ms] [ERROR] Failed to load resource: net::ERR_NAME_NOT_RESOLVED @ https://cookie-sync-service-prod.steelhousemedia.com/mapping/beeswax?partnerguid=AACQw07VDOUAAAHclEysLA:0
[ 2228765ms] [ERROR] Attestation check for Shared Storage on https://www.googleadservices.com failed. @ https://www.googleadservices.com/pagead/managed/js/activeview/current/reach_worklet.html:0
[ 2228782ms] [ERROR] Attestation check for Shared Storage on https://www.googleadservices.com failed. @ https://www.googleadservices.com/pagead/managed/js/activeview/current/reach_worklet.html:0
[ 2229061ms] [ERROR] Attestation check for Shared Storage on https://www.googleadservices.com failed. @ https://www.googleadservices.com/pagead/managed/js/activeview/current/reach_worklet.html:0
[ 2245293ms] [ERROR] Attestation check for Shared Storage on https://www.googleadservices.com failed. @ https://www.googleadservices.com/pagead/managed/js/activeview/current/reach_worklet.html:0
[ 2245989ms] [ERROR] Attestation check for Shared Storage on https://www.googleadservices.com failed. @ https://www.googleadservices.com/pagead/managed/js/activeview/current/reach_worklet.html:0
[ 2259250ms] [ERROR] Attestation check for Shared Storage on https://www.googleadservices.com failed. @ https://www.googleadservices.com/pagead/managed/js/activeview/current/reach_worklet.html:0
[ 2259334ms] [ERROR] Attestation check for Shared Storage on https://www.googleadservices.com failed. @ https://www.googleadservices.com/pagead/managed/js/activeview/current/reach_worklet.html:0
[ 2260193ms] [ERROR] Attestation check for Shared Storage on https://www.googleadservices.com failed. @ https://www.googleadservices.com/pagead/managed/js/activeview/current/reach_worklet.html:0
[ 2260318ms] [ERROR] Attestation check for Shared Storage on https://www.googleadservices.com failed. @ https://www.googleadservices.com/pagead/managed/js/activeview/current/reach_worklet.html:0
[ 2271072ms] [ERROR] Attestation check for Shared Storage on https://www.googleadservices.com failed. @ https://www.googleadservices.com/pagead/managed/js/activeview/current/reach_worklet.html:0
[ 2290683ms] [ERROR] Attestation check for Shared Storage on https://www.googleadservices.com failed. @ https://www.googleadservices.com/pagead/managed/js/activeview/current/reach_worklet.html:0
[ 2291154ms] [ERROR] Attestation check for Shared Storage on https://www.googleadservices.com failed. @ https://www.googleadservices.com/pagead/managed/js/activeview/current/reach_worklet.html:0
[ 2301532ms] [ERROR] Attestation check for Shared Storage on https://www.googleadservices.com failed. @ https://www.googleadservices.com/pagead/managed/js/activeview/current/reach_worklet.html:0
[ 2321746ms] [ERROR] Attestation check for Shared Storage on https://www.googleadservices.com failed. @ https://www.googleadservices.com/pagead/managed/js/activeview/current/reach_worklet.html:0
[ 2322058ms] [ERROR] Attestation check for Shared Storage on https://www.googleadservices.com failed. @ https://www.googleadservices.com/pagead/managed/js/activeview/current/reach_worklet.html:0
[ 2332563ms] [ERROR] Attestation check for Shared Storage on https://www.googleadservices.com failed. @ https://www.googleadservices.com/pagead/managed/js/activeview/current/reach_worklet.html:0
[ 2355043ms] [ERROR] Attestation check for Shared Storage on https://www.googleadservices.com failed. @ https://www.googleadservices.com/pagead/managed/js/activeview/current/reach_worklet.html:0
[ 2355248ms] [ERROR] Attestation check for Shared Storage on https://www.googleadservices.com failed. @ https://www.googleadservices.com/pagead/managed/js/activeview/current/reach_worklet.html:0
[ 2385014ms] [ERROR] Attestation check for Shared Storage on https://www.googleadservices.com failed. @ https://www.googleadservices.com/pagead/managed/js/activeview/current/reach_worklet.html:0
[ 2228765ms] [ERROR] Attestation check for Shared Storage on https://www.googleadservices.com failed. @ https://www.googleadservices.com/pagead/managed/js/activeview/current/reach_worklet.html:0
[ 2228782ms] [ERROR] Attestation check for Shared Storage on https://www.googleadservices.com failed. @ https://www.googleadservices.com/pagead/managed/js/activeview/current/reach_worklet.html:0
[ 2229061ms] [ERROR] Attestation check for Shared Storage on https://www.googleadservices.com failed. @ https://www.googleadservices.com/pagead/managed/js/activeview/current/reach_worklet.html:0
[ 2245293ms] [ERROR] Attestation check for Shared Storage on https://www.googleadservices.com failed. @ https://www.googleadservices.com/pagead/managed/js/activeview/current/reach_worklet.html:0
[ 2245989ms] [ERROR] Attestation check for Shared Storage on https://www.googleadservices.com failed. @ https://www.googleadservices.com/pagead/managed/js/activeview/current/reach_worklet.html:0
[ 2259250ms] [ERROR] Attestation check for Shared Storage on https://www.googleadservices.com failed. @ https://www.googleadservices.com/pagead/managed/js/activeview/current/reach_worklet.html:0
[ 2259334ms] [ERROR] Attestation check for Shared Storage on https://www.googleadservices.com failed. @ https://www.googleadservices.com/pagead/managed/js/activeview/current/reach_worklet.html:0
[ 2260193ms] [ERROR] Attestation check for Shared Storage on https://www.googleadservices.com failed. @ https://www.googleadservices.com/pagead/managed/js/activeview/current/reach_worklet.html:0
[ 2260318ms] [ERROR] Attestation check for Shared Storage on https://www.googleadservices.com failed. @ https://www.googleadservices.com/pagead/managed/js/activeview/current/reach_worklet.html:0
[ 2271072ms] [ERROR] Attestation check for Shared Storage on https://www.googleadservices.com failed. @ https://www.googleadservices.com/pagead/managed/js/activeview/current/reach_worklet.html:0
[ 2290683ms] [ERROR] Attestation check for Shared Storage on https://www.googleadservices.com failed. @ https://www.googleadservices.com/pagead/managed/js/activeview/current/reach_worklet.html:0
[ 2291154ms] [ERROR] Attestation check for Shared Storage on https://www.googleadservices.com failed. @ https://www.googleadservices.com/pagead/managed/js/activeview/current/reach_worklet.html:0
[ 2301532ms] [ERROR] Attestation check for Shared Storage on https://www.googleadservices.com failed. @ https://www.googleadservices.com/pagead/managed/js/activeview/current/reach_worklet.html:0
[ 2321746ms] [ERROR] Attestation check for Shared Storage on https://www.googleadservices.com failed. @ https://www.googleadservices.com/pagead/managed/js/activeview/current/reach_worklet.html:0
[ 2322058ms] [ERROR] Attestation check for Shared Storage on https://www.googleadservices.com failed. @ https://www.googleadservices.com/pagead/managed/js/activeview/current/reach_worklet.html:0
[ 2332563ms] [ERROR] Attestation check for Shared Storage on https://www.googleadservices.com failed. @ https://www.googleadservices.com/pagead/managed/js/activeview/current/reach_worklet.html:0
[ 2355043ms] [ERROR] Attestation check for Shared Storage on https://www.googleadservices.com failed. @ https://www.googleadservices.com/pagead/managed/js/activeview/current/reach_worklet.html:0
[ 2355248ms] [ERROR] Attestation check for Shared Storage on https://www.googleadservices.com failed. @ https://www.googleadservices.com/pagead/managed/js/activeview/current/reach_worklet.html:0
[ 2385014ms] [ERROR] Attestation check for Shared Storage on https://www.googleadservices.com failed. @ https://www.googleadservices.com/pagead/managed/js/activeview/current/reach_worklet.html:0
[ 2385217ms] [ERROR] Attestation check for Shared Storage on https://www.googleadservices.com failed. @ https://www.googleadservices.com/pagead/managed/js/activeview/current/reach_worklet.html:0
[ 2386776ms] [WARNING] The powerPreference option is currently ignored when calling requestAdapter() on Windows. See https://crbug.com/369219127 @ https://js.ad-score.com/score.min.js?pid=1000925&tt=g:1
[ 2393826ms] [WARNING] An iframe which has both allow-scripts and allow-same-origin for its sandbox attribute can escape its sandboxing. @ https://scripts.webcontentassessor.com/scripts/fa866076b638fb98d1cc84e16435f506c69ce3f3d6433bb2591568441bb1a2ca:0
[ 2228765ms] [ERROR] Attestation check for Shared Storage on https://www.googleadservices.com failed. @ https://www.googleadservices.com/pagead/managed/js/activeview/current/reach_worklet.html:0
[ 2228782ms] [ERROR] Attestation check for Shared Storage on https://www.googleadservices.com failed. @ https://www.googleadservices.com/pagead/managed/js/activeview/current/reach_worklet.html:0
[ 2229061ms] [ERROR] Attestation check for Shared Storage on https://www.googleadservices.com failed. @ https://www.googleadservices.com/pagead/managed/js/activeview/current/reach_worklet.html:0
[ 2245293ms] [ERROR] Attestation check for Shared Storage on https://www.googleadservices.com failed. @ https://www.googleadservices.com/pagead/managed/js/activeview/current/reach_worklet.html:0
[ 2245989ms] [ERROR] Attestation check for Shared Storage on https://www.googleadservices.com failed. @ https://www.googleadservices.com/pagead/managed/js/activeview/current/reach_worklet.html:0
[ 2259250ms] [ERROR] Attestation check for Shared Storage on https://www.googleadservices.com failed. @ https://www.googleadservices.com/pagead/managed/js/activeview/current/reach_worklet.html:0
[ 2259334ms] [ERROR] Attestation check for Shared Storage on https://www.googleadservices.com failed. @ https://www.googleadservices.com/pagead/managed/js/activeview/current/reach_worklet.html:0
[ 2260193ms] [ERROR] Attestation check for Shared Storage on https://www.googleadservices.com failed. @ https://www.googleadservices.com/pagead/managed/js/activeview/current/reach_worklet.html:0
[ 2260318ms] [ERROR] Attestation check for Shared Storage on https://www.googleadservices.com failed. @ https://www.googleadservices.com/pagead/managed/js/activeview/current/reach_worklet.html:0
[ 2271072ms] [ERROR] Attestation check for Shared Storage on https://www.googleadservices.com failed. @ https://www.googleadservices.com/pagead/managed/js/activeview/current/reach_worklet.html:0
[ 2290683ms] [ERROR] Attestation check for Shared Storage on https://www.googleadservices.com failed. @ https://www.googleadservices.com/pagead/managed/js/activeview/current/reach_worklet.html:0
[ 2291154ms] [ERROR] Attestation check for Shared Storage on https://www.googleadservices.com failed. @ https://www.googleadservices.com/pagead/managed/js/activeview/current/reach_worklet.html:0
[ 2301532ms] [ERROR] Attestation check for Shared Storage on https://www.googleadservices.com failed. @ https://www.googleadservices.com/pagead/managed/js/activeview/current/reach_worklet.html:0
[ 2321746ms] [ERROR] Attestation check for Shared Storage on https://www.googleadservices.com failed. @ https://www.googleadservices.com/pagead/managed/js/activeview/current/reach_worklet.html:0
[ 2322058ms] [ERROR] Attestation check for Shared Storage on https://www.googleadservices.com failed. @ https://www.googleadservices.com/pagead/managed/js/activeview/current/reach_worklet.html:0
[ 2332563ms] [ERROR] Attestation check for Shared Storage on https://www.googleadservices.com failed. @ https://www.googleadservices.com/pagead/managed/js/activeview/current/reach_worklet.html:0
[ 2355043ms] [ERROR] Attestation check for Shared Storage on https://www.googleadservices.com failed. @ https://www.googleadservices.com/pagead/managed/js/activeview/current/reach_worklet.html:0
[ 2355248ms] [ERROR] Attestation check for Shared Storage on https://www.googleadservices.com failed. @ https://www.googleadservices.com/pagead/managed/js/activeview/current/reach_worklet.html:0
[ 2385014ms] [ERROR] Attestation check for Shared Storage on https://www.googleadservices.com failed. @ https://www.googleadservices.com/pagead/managed/js/activeview/current/reach_worklet.html:0
[ 2385217ms] [ERROR] Attestation check for Shared Storage on https://www.googleadservices.com failed. @ https://www.googleadservices.com/pagead/managed/js/activeview/current/reach_worklet.html:0
[ 2394642ms] [ERROR] Attestation check for Shared Storage on https://www.googleadservices.com failed. @ https://www.googleadservices.com/pagead/managed/js/activeview/current/reach_worklet.html:0
[ 2395573ms] [WARNING] The powerPreference option is currently ignored when calling requestAdapter() on Windows. See https://crbug.com/369219127 @ https://js.ad-score.com/score.min.js?pid=1000925&tt=g:1
[ 2404484ms] [WARNING] The resource https://securepubads.g.doubleclick.net/tag/js/gpt.js was preloaded using link preload but not used within a few seconds from the window's load event. Please make sure it has an appropriate `as` value and it is preloaded intentionally. @ https://calamitymod.wiki.gg/wiki/The_Codebreaker:0
[ 2404484ms] [WARNING] The resource https://00917082-71e9-498e-8343-00c3df06b798.edge.permutive.app/00917082-71e9-498e-8343-00c3df06b798-web.js was preloaded using link preload but not used within a few seconds from the window's load event. Please make sure it has an appropriate `as` value and it is preloaded intentionally. @ https://calamitymod.wiki.gg/wiki/The_Codebreaker:0
[ 2409391ms] [WARNING] The resource https://securepubads.g.doubleclick.net/tag/js/gpt.js was preloaded using link preload but not used within a few seconds from the window's load event. Please make sure it has an appropriate `as` value and it is preloaded intentionally. @ https://calamitymod.wiki.gg/wiki/The_Codebreaker:0
[ 2409391ms] [WARNING] The resource https://00917082-71e9-498e-8343-00c3df06b798.edge.permutive.app/00917082-71e9-498e-8343-00c3df06b798-web.js was preloaded using link preload but not used within a few seconds from the window's load event. Please make sure it has an appropriate `as` value and it is preloaded intentionally. @ https://calamitymod.wiki.gg/wiki/The_Codebreaker:0
[ 2412827ms] [WARNING] The resource https://securepubads.g.doubleclick.net/tag/js/gpt.js was preloaded using link preload but not used within a few seconds from the window's load event. Please make sure it has an appropriate `as` value and it is preloaded intentionally. @ https://calamitymod.wiki.gg/wiki/The_Codebreaker:0
[ 2412827ms] [WARNING] The resource https://00917082-71e9-498e-8343-00c3df06b798.edge.permutive.app/00917082-71e9-498e-8343-00c3df06b798-web.js was preloaded using link preload but not used within a few seconds from the window's load event. Please make sure it has an appropriate `as` value and it is preloaded intentionally. @ https://calamitymod.wiki.gg/wiki/The_Codebreaker:0
[ 2415628ms] [WARNING] An iframe which has both allow-scripts and allow-same-origin for its sandbox attribute can escape its sandboxing. @ https://scripts.webcontentassessor.com/scripts/fa866076b638fb98d1cc84e16435f506c69ce3f3d6433bb2591568441bb1a2ca:0
[ 2415716ms] [WARNING] An iframe which has both allow-scripts and allow-same-origin for its sandbox attribute can escape its sandboxing. @ https://scripts.webcontentassessor.com/scripts/fa866076b638fb98d1cc84e16435f506c69ce3f3d6433bb2591568441bb1a2ca:0
[ 2416041ms] [ERROR] Failed to load resource: net::ERR_NAME_NOT_RESOLVED @ https://usync.proper.io/v1/usersync?uid=AACQw07VDOUAAAHclEysLA&bidder=beeswax_s2s:0
[ 2228765ms] [ERROR] Attestation check for Shared Storage on https://www.googleadservices.com failed. @ https://www.googleadservices.com/pagead/managed/js/activeview/current/reach_worklet.html:0
[ 2228782ms] [ERROR] Attestation check for Shared Storage on https://www.googleadservices.com failed. @ https://www.googleadservices.com/pagead/managed/js/activeview/current/reach_worklet.html:0
[ 2229061ms] [ERROR] Attestation check for Shared Storage on https://www.googleadservices.com failed. @ https://www.googleadservices.com/pagead/managed/js/activeview/current/reach_worklet.html:0
[ 2245293ms] [ERROR] Attestation check for Shared Storage on https://www.googleadservices.com failed. @ https://www.googleadservices.com/pagead/managed/js/activeview/current/reach_worklet.html:0
[ 2245989ms] [ERROR] Attestation check for Shared Storage on https://www.googleadservices.com failed. @ https://www.googleadservices.com/pagead/managed/js/activeview/current/reach_worklet.html:0
[ 2259250ms] [ERROR] Attestation check for Shared Storage on https://www.googleadservices.com failed. @ https://www.googleadservices.com/pagead/managed/js/activeview/current/reach_worklet.html:0
[ 2259334ms] [ERROR] Attestation check for Shared Storage on https://www.googleadservices.com failed. @ https://www.googleadservices.com/pagead/managed/js/activeview/current/reach_worklet.html:0
[ 2260193ms] [ERROR] Attestation check for Shared Storage on https://www.googleadservices.com failed. @ https://www.googleadservices.com/pagead/managed/js/activeview/current/reach_worklet.html:0
[ 2260318ms] [ERROR] Attestation check for Shared Storage on https://www.googleadservices.com failed. @ https://www.googleadservices.com/pagead/managed/js/activeview/current/reach_worklet.html:0
[ 2271072ms] [ERROR] Attestation check for Shared Storage on https://www.googleadservices.com failed. @ https://www.googleadservices.com/pagead/managed/js/activeview/current/reach_worklet.html:0
[ 2290683ms] [ERROR] Attestation check for Shared Storage on https://www.googleadservices.com failed. @ https://www.googleadservices.com/pagead/managed/js/activeview/current/reach_worklet.html:0
[ 2291154ms] [ERROR] Attestation check for Shared Storage on https://www.googleadservices.com failed. @ https://www.googleadservices.com/pagead/managed/js/activeview/current/reach_worklet.html:0
[ 2301532ms] [ERROR] Attestation check for Shared Storage on https://www.googleadservices.com failed. @ https://www.googleadservices.com/pagead/managed/js/activeview/current/reach_worklet.html:0
[ 2321746ms] [ERROR] Attestation check for Shared Storage on https://www.googleadservices.com failed. @ https://www.googleadservices.com/pagead/managed/js/activeview/current/reach_worklet.html:0
[ 2322058ms] [ERROR] Attestation check for Shared Storage on https://www.googleadservices.com failed. @ https://www.googleadservices.com/pagead/managed/js/activeview/current/reach_worklet.html:0
[ 2332563ms] [ERROR] Attestation check for Shared Storage on https://www.googleadservices.com failed. @ https://www.googleadservices.com/pagead/managed/js/activeview/current/reach_worklet.html:0
[ 2355043ms] [ERROR] Attestation check for Shared Storage on https://www.googleadservices.com failed. @ https://www.googleadservices.com/pagead/managed/js/activeview/current/reach_worklet.html:0
[ 2355248ms] [ERROR] Attestation check for Shared Storage on https://www.googleadservices.com failed. @ https://www.googleadservices.com/pagead/managed/js/activeview/current/reach_worklet.html:0
[ 2385014ms] [ERROR] Attestation check for Shared Storage on https://www.googleadservices.com failed. @ https://www.googleadservices.com/pagead/managed/js/activeview/current/reach_worklet.html:0
[ 2385217ms] [ERROR] Attestation check for Shared Storage on https://www.googleadservices.com failed. @ https://www.googleadservices.com/pagead/managed/js/activeview/current/reach_worklet.html:0
[ 2394642ms] [ERROR] Attestation check for Shared Storage on https://www.googleadservices.com failed. @ https://www.googleadservices.com/pagead/managed/js/activeview/current/reach_worklet.html:0
[ 2416461ms] [ERROR] Attestation check for Shared Storage on https://www.googleadservices.com failed. @ https://www.googleadservices.com/pagead/managed/js/activeview/current/reach_worklet.html:0
[ 2228765ms] [ERROR] Attestation check for Shared Storage on https://www.googleadservices.com failed. @ https://www.googleadservices.com/pagead/managed/js/activeview/current/reach_worklet.html:0
[ 2228782ms] [ERROR] Attestation check for Shared Storage on https://www.googleadservices.com failed. @ https://www.googleadservices.com/pagead/managed/js/activeview/current/reach_worklet.html:0
[ 2229061ms] [ERROR] Attestation check for Shared Storage on https://www.googleadservices.com failed. @ https://www.googleadservices.com/pagead/managed/js/activeview/current/reach_worklet.html:0
[ 2245293ms] [ERROR] Attestation check for Shared Storage on https://www.googleadservices.com failed. @ https://www.googleadservices.com/pagead/managed/js/activeview/current/reach_worklet.html:0
[ 2245989ms] [ERROR] Attestation check for Shared Storage on https://www.googleadservices.com failed. @ https://www.googleadservices.com/pagead/managed/js/activeview/current/reach_worklet.html:0
[ 2259250ms] [ERROR] Attestation check for Shared Storage on https://www.googleadservices.com failed. @ https://www.googleadservices.com/pagead/managed/js/activeview/current/reach_worklet.html:0
[ 2259334ms] [ERROR] Attestation check for Shared Storage on https://www.googleadservices.com failed. @ https://www.googleadservices.com/pagead/managed/js/activeview/current/reach_worklet.html:0
[ 2260193ms] [ERROR] Attestation check for Shared Storage on https://www.googleadservices.com failed. @ https://www.googleadservices.com/pagead/managed/js/activeview/current/reach_worklet.html:0
[ 2260318ms] [ERROR] Attestation check for Shared Storage on https://www.googleadservices.com failed. @ https://www.googleadservices.com/pagead/managed/js/activeview/current/reach_worklet.html:0
[ 2271072ms] [ERROR] Attestation check for Shared Storage on https://www.googleadservices.com failed. @ https://www.googleadservices.com/pagead/managed/js/activeview/current/reach_worklet.html:0
[ 2290683ms] [ERROR] Attestation check for Shared Storage on https://www.googleadservices.com failed. @ https://www.googleadservices.com/pagead/managed/js/activeview/current/reach_worklet.html:0
[ 2291154ms] [ERROR] Attestation check for Shared Storage on https://www.googleadservices.com failed. @ https://www.googleadservices.com/pagead/managed/js/activeview/current/reach_worklet.html:0
[ 2301532ms] [ERROR] Attestation check for Shared Storage on https://www.googleadservices.com failed. @ https://www.googleadservices.com/pagead/managed/js/activeview/current/reach_worklet.html:0
[ 2321746ms] [ERROR] Attestation check for Shared Storage on https://www.googleadservices.com failed. @ https://www.googleadservices.com/pagead/managed/js/activeview/current/reach_worklet.html:0
[ 2322058ms] [ERROR] Attestation check for Shared Storage on https://www.googleadservices.com failed. @ https://www.googleadservices.com/pagead/managed/js/activeview/current/reach_worklet.html:0
[ 2332563ms] [ERROR] Attestation check for Shared Storage on https://www.googleadservices.com failed. @ https://www.googleadservices.com/pagead/managed/js/activeview/current/reach_worklet.html:0
[ 2355043ms] [ERROR] Attestation check for Shared Storage on https://www.googleadservices.com failed. @ https://www.googleadservices.com/pagead/managed/js/activeview/current/reach_worklet.html:0
[ 2355248ms] [ERROR] Attestation check for Shared Storage on https://www.googleadservices.com failed. @ https://www.googleadservices.com/pagead/managed/js/activeview/current/reach_worklet.html:0
[ 2385014ms] [ERROR] Attestation check for Shared Storage on https://www.googleadservices.com failed. @ https://www.googleadservices.com/pagead/managed/js/activeview/current/reach_worklet.html:0
[ 2385217ms] [ERROR] Attestation check for Shared Storage on https://www.googleadservices.com failed. @ https://www.googleadservices.com/pagead/managed/js/activeview/current/reach_worklet.html:0
[ 2394642ms] [ERROR] Attestation check for Shared Storage on https://www.googleadservices.com failed. @ https://www.googleadservices.com/pagead/managed/js/activeview/current/reach_worklet.html:0
[ 2416461ms] [ERROR] Attestation check for Shared Storage on https://www.googleadservices.com failed. @ https://www.googleadservices.com/pagead/managed/js/activeview/current/reach_worklet.html:0
[ 2416644ms] [ERROR] Attestation check for Shared Storage on https://www.googleadservices.com failed. @ https://www.googleadservices.com/pagead/managed/js/activeview/current/reach_worklet.html:0
[ 2417800ms] [WARNING] The powerPreference option is currently ignored when calling requestAdapter() on Windows. See https://crbug.com/369219127 @ https://js.ad-score.com/score.min.js?pid=1000925&tt=g:1
[ 2424513ms] [WARNING] An iframe which has both allow-scripts and allow-same-origin for its sandbox attribute can escape its sandboxing. @ https://scripts.webcontentassessor.com/scripts/fa866076b638fb98d1cc84e16435f506c69ce3f3d6433bb2591568441bb1a2ca:0
[ 2228765ms] [ERROR] Attestation check for Shared Storage on https://www.googleadservices.com failed. @ https://www.googleadservices.com/pagead/managed/js/activeview/current/reach_worklet.html:0
[ 2228782ms] [ERROR] Attestation check for Shared Storage on https://www.googleadservices.com failed. @ https://www.googleadservices.com/pagead/managed/js/activeview/current/reach_worklet.html:0
[ 2229061ms] [ERROR] Attestation check for Shared Storage on https://www.googleadservices.com failed. @ https://www.googleadservices.com/pagead/managed/js/activeview/current/reach_worklet.html:0
[ 2245293ms] [ERROR] Attestation check for Shared Storage on https://www.googleadservices.com failed. @ https://www.googleadservices.com/pagead/managed/js/activeview/current/reach_worklet.html:0
[ 2245989ms] [ERROR] Attestation check for Shared Storage on https://www.googleadservices.com failed. @ https://www.googleadservices.com/pagead/managed/js/activeview/current/reach_worklet.html:0
[ 2259250ms] [ERROR] Attestation check for Shared Storage on https://www.googleadservices.com failed. @ https://www.googleadservices.com/pagead/managed/js/activeview/current/reach_worklet.html:0
[ 2259334ms] [ERROR] Attestation check for Shared Storage on https://www.googleadservices.com failed. @ https://www.googleadservices.com/pagead/managed/js/activeview/current/reach_worklet.html:0
[ 2260193ms] [ERROR] Attestation check for Shared Storage on https://www.googleadservices.com failed. @ https://www.googleadservices.com/pagead/managed/js/activeview/current/reach_worklet.html:0
[ 2260318ms] [ERROR] Attestation check for Shared Storage on https://www.googleadservices.com failed. @ https://www.googleadservices.com/pagead/managed/js/activeview/current/reach_worklet.html:0
[ 2271072ms] [ERROR] Attestation check for Shared Storage on https://www.googleadservices.com failed. @ https://www.googleadservices.com/pagead/managed/js/activeview/current/reach_worklet.html:0
[ 2290683ms] [ERROR] Attestation check for Shared Storage on https://www.googleadservices.com failed. @ https://www.googleadservices.com/pagead/managed/js/activeview/current/reach_worklet.html:0
[ 2291154ms] [ERROR] Attestation check for Shared Storage on https://www.googleadservices.com failed. @ https://www.googleadservices.com/pagead/managed/js/activeview/current/reach_worklet.html:0
[ 2301532ms] [ERROR] Attestation check for Shared Storage on https://www.googleadservices.com failed. @ https://www.googleadservices.com/pagead/managed/js/activeview/current/reach_worklet.html:0
[ 2321746ms] [ERROR] Attestation check for Shared Storage on https://www.googleadservices.com failed. @ https://www.googleadservices.com/pagead/managed/js/activeview/current/reach_worklet.html:0
[ 2322058ms] [ERROR] Attestation check for Shared Storage on https://www.googleadservices.com failed. @ https://www.googleadservices.com/pagead/managed/js/activeview/current/reach_worklet.html:0
[ 2332563ms] [ERROR] Attestation check for Shared Storage on https://www.googleadservices.com failed. @ https://www.googleadservices.com/pagead/managed/js/activeview/current/reach_worklet.html:0
[ 2355043ms] [ERROR] Attestation check for Shared Storage on https://www.googleadservices.com failed. @ https://www.googleadservices.com/pagead/managed/js/activeview/current/reach_worklet.html:0
[ 2355248ms] [ERROR] Attestation check for Shared Storage on https://www.googleadservices.com failed. @ https://www.googleadservices.com/pagead/managed/js/activeview/current/reach_worklet.html:0
[ 2385014ms] [ERROR] Attestation check for Shared Storage on https://www.googleadservices.com failed. @ https://www.googleadservices.com/pagead/managed/js/activeview/current/reach_worklet.html:0
[ 2385217ms] [ERROR] Attestation check for Shared Storage on https://www.googleadservices.com failed. @ https://www.googleadservices.com/pagead/managed/js/activeview/current/reach_worklet.html:0
[ 2394642ms] [ERROR] Attestation check for Shared Storage on https://www.googleadservices.com failed. @ https://www.googleadservices.com/pagead/managed/js/activeview/current/reach_worklet.html:0
[ 2416461ms] [ERROR] Attestation check for Shared Storage on https://www.googleadservices.com failed. @ https://www.googleadservices.com/pagead/managed/js/activeview/current/reach_worklet.html:0
[ 2416644ms] [ERROR] Attestation check for Shared Storage on https://www.googleadservices.com failed. @ https://www.googleadservices.com/pagead/managed/js/activeview/current/reach_worklet.html:0
[ 2425782ms] [ERROR] Attestation check for Shared Storage on https://www.googleadservices.com failed. @ https://www.googleadservices.com/pagead/managed/js/activeview/current/reach_worklet.html:0
[ 2426312ms] [WARNING] The powerPreference option is currently ignored when calling requestAdapter() on Windows. See https://crbug.com/369219127 @ https://js.ad-score.com/score.min.js?pid=1000925&tt=g:1
[ 2435701ms] [WARNING] The resource https://securepubads.g.doubleclick.net/tag/js/gpt.js was preloaded using link preload but not used within a few seconds from the window's load event. Please make sure it has an appropriate `as` value and it is preloaded intentionally. @ https://calamitymod.wiki.gg/wiki/The_Codebreaker:0
[ 2435701ms] [WARNING] The resource https://00917082-71e9-498e-8343-00c3df06b798.edge.permutive.app/00917082-71e9-498e-8343-00c3df06b798-web.js was preloaded using link preload but not used within a few seconds from the window's load event. Please make sure it has an appropriate `as` value and it is preloaded intentionally. @ https://calamitymod.wiki.gg/wiki/The_Codebreaker:0
[ 2440061ms] [WARNING] The resource https://securepubads.g.doubleclick.net/tag/js/gpt.js was preloaded using link preload but not used within a few seconds from the window's load event. Please make sure it has an appropriate `as` value and it is preloaded intentionally. @ https://calamitymod.wiki.gg/wiki/The_Codebreaker:0
[ 2440061ms] [WARNING] The resource https://00917082-71e9-498e-8343-00c3df06b798.edge.permutive.app/00917082-71e9-498e-8343-00c3df06b798-web.js was preloaded using link preload but not used within a few seconds from the window's load event. Please make sure it has an appropriate `as` value and it is preloaded intentionally. @ https://calamitymod.wiki.gg/wiki/The_Codebreaker:0
[ 2443382ms] [WARNING] The resource https://securepubads.g.doubleclick.net/tag/js/gpt.js was preloaded using link preload but not used within a few seconds from the window's load event. Please make sure it has an appropriate `as` value and it is preloaded intentionally. @ https://calamitymod.wiki.gg/wiki/The_Codebreaker:0
[ 2443382ms] [WARNING] The resource https://00917082-71e9-498e-8343-00c3df06b798.edge.permutive.app/00917082-71e9-498e-8343-00c3df06b798-web.js was preloaded using link preload but not used within a few seconds from the window's load event. Please make sure it has an appropriate `as` value and it is preloaded intentionally. @ https://calamitymod.wiki.gg/wiki/The_Codebreaker:0
[ 2447264ms] [WARNING] An iframe which has both allow-scripts and allow-same-origin for its sandbox attribute can escape its sandboxing. @ https://scripts.webcontentassessor.com/scripts/fa866076b638fb98d1cc84e16435f506c69ce3f3d6433bb2591568441bb1a2ca:0
[ 2263962ms] [ERROR] Failed to load resource: net::ERR_CONNECTION_TIMED_OUT @ https://lyr33000c.pubmatic.com/AdServer/layer?pubid=156439&nwid=2967-OB&lyrenc=1&adtype=10&pimprid=69252635-c559-44dc-b55a-83c054896402&imprid=BIDSFO0226-07AC4090-DEA3-4506-AF3F-9350811CBA2C:1&uimprid=07AC4090-DEA3-4506-AF3F-9350811CBA2C:1&bid=0.11114889000000003&ts=1787196071&cet=1787196371&a=0.111149&cs=1:0
[ 2228765ms] [ERROR] Attestation check for Shared Storage on https://www.googleadservices.com failed. @ https://www.googleadservices.com/pagead/managed/js/activeview/current/reach_worklet.html:0
[ 2228782ms] [ERROR] Attestation check for Shared Storage on https://www.googleadservices.com failed. @ https://www.googleadservices.com/pagead/managed/js/activeview/current/reach_worklet.html:0
[ 2229061ms] [ERROR] Attestation check for Shared Storage on https://www.googleadservices.com failed. @ https://www.googleadservices.com/pagead/managed/js/activeview/current/reach_worklet.html:0
[ 2245293ms] [ERROR] Attestation check for Shared Storage on https://www.googleadservices.com failed. @ https://www.googleadservices.com/pagead/managed/js/activeview/current/reach_worklet.html:0
[ 2245989ms] [ERROR] Attestation check for Shared Storage on https://www.googleadservices.com failed. @ https://www.googleadservices.com/pagead/managed/js/activeview/current/reach_worklet.html:0
[ 2259250ms] [ERROR] Attestation check for Shared Storage on https://www.googleadservices.com failed. @ https://www.googleadservices.com/pagead/managed/js/activeview/current/reach_worklet.html:0
[ 2259334ms] [ERROR] Attestation check for Shared Storage on https://www.googleadservices.com failed. @ https://www.googleadservices.com/pagead/managed/js/activeview/current/reach_worklet.html:0
[ 2260193ms] [ERROR] Attestation check for Shared Storage on https://www.googleadservices.com failed. @ https://www.googleadservices.com/pagead/managed/js/activeview/current/reach_worklet.html:0
[ 2260318ms] [ERROR] Attestation check for Shared Storage on https://www.googleadservices.com failed. @ https://www.googleadservices.com/pagead/managed/js/activeview/current/reach_worklet.html:0
[ 2271072ms] [ERROR] Attestation check for Shared Storage on https://www.googleadservices.com failed. @ https://www.googleadservices.com/pagead/managed/js/activeview/current/reach_worklet.html:0
[ 2290683ms] [ERROR] Attestation check for Shared Storage on https://www.googleadservices.com failed. @ https://www.googleadservices.com/pagead/managed/js/activeview/current/reach_worklet.html:0
[ 2291154ms] [ERROR] Attestation check for Shared Storage on https://www.googleadservices.com failed. @ https://www.googleadservices.com/pagead/managed/js/activeview/current/reach_worklet.html:0
[ 2301532ms] [ERROR] Attestation check for Shared Storage on https://www.googleadservices.com failed. @ https://www.googleadservices.com/pagead/managed/js/activeview/current/reach_worklet.html:0
[ 2321746ms] [ERROR] Attestation check for Shared Storage on https://www.googleadservices.com failed. @ https://www.googleadservices.com/pagead/managed/js/activeview/current/reach_worklet.html:0
[ 2322058ms] [ERROR] Attestation check for Shared Storage on https://www.googleadservices.com failed. @ https://www.googleadservices.com/pagead/managed/js/activeview/current/reach_worklet.html:0
[ 2332563ms] [ERROR] Attestation check for Shared Storage on https://www.googleadservices.com failed. @ https://www.googleadservices.com/pagead/managed/js/activeview/current/reach_worklet.html:0
[ 2355043ms] [ERROR] Attestation check for Shared Storage on https://www.googleadservices.com failed. @ https://www.googleadservices.com/pagead/managed/js/activeview/current/reach_worklet.html:0
[ 2355248ms] [ERROR] Attestation check for Shared Storage on https://www.googleadservices.com failed. @ https://www.googleadservices.com/pagead/managed/js/activeview/current/reach_worklet.html:0
[ 2385014ms] [ERROR] Attestation check for Shared Storage on https://www.googleadservices.com failed. @ https://www.googleadservices.com/pagead/managed/js/activeview/current/reach_worklet.html:0
[ 2385217ms] [ERROR] Attestation check for Shared Storage on https://www.googleadservices.com failed. @ https://www.googleadservices.com/pagead/managed/js/activeview/current/reach_worklet.html:0
[ 2394642ms] [ERROR] Attestation check for Shared Storage on https://www.googleadservices.com failed. @ https://www.googleadservices.com/pagead/managed/js/activeview/current/reach_worklet.html:0
[ 2416461ms] [ERROR] Attestation check for Shared Storage on https://www.googleadservices.com failed. @ https://www.googleadservices.com/pagead/managed/js/activeview/current/reach_worklet.html:0
[ 2416644ms] [ERROR] Attestation check for Shared Storage on https://www.googleadservices.com failed. @ https://www.googleadservices.com/pagead/managed/js/activeview/current/reach_worklet.html:0
[ 2425782ms] [ERROR] Attestation check for Shared Storage on https://www.googleadservices.com failed. @ https://www.googleadservices.com/pagead/managed/js/activeview/current/reach_worklet.html:0
[ 2447763ms] [ERROR] Attestation check for Shared Storage on https://www.googleadservices.com failed. @ https://www.googleadservices.com/pagead/managed/js/activeview/current/reach_worklet.html:0
[ 2228765ms] [ERROR] Attestation check for Shared Storage on https://www.googleadservices.com failed. @ https://www.googleadservices.com/pagead/managed/js/activeview/current/reach_worklet.html:0
[ 2228782ms] [ERROR] Attestation check for Shared Storage on https://www.googleadservices.com failed. @ https://www.googleadservices.com/pagead/managed/js/activeview/current/reach_worklet.html:0
[ 2229061ms] [ERROR] Attestation check for Shared Storage on https://www.googleadservices.com failed. @ https://www.googleadservices.com/pagead/managed/js/activeview/current/reach_worklet.html:0
[ 2245293ms] [ERROR] Attestation check for Shared Storage on https://www.googleadservices.com failed. @ https://www.googleadservices.com/pagead/managed/js/activeview/current/reach_worklet.html:0
[ 2245989ms] [ERROR] Attestation check for Shared Storage on https://www.googleadservices.com failed. @ https://www.googleadservices.com/pagead/managed/js/activeview/current/reach_worklet.html:0
[ 2259250ms] [ERROR] Attestation check for Shared Storage on https://www.googleadservices.com failed. @ https://www.googleadservices.com/pagead/managed/js/activeview/current/reach_worklet.html:0
[ 2259334ms] [ERROR] Attestation check for Shared Storage on https://www.googleadservices.com failed. @ https://www.googleadservices.com/pagead/managed/js/activeview/current/reach_worklet.html:0
[ 2260193ms] [ERROR] Attestation check for Shared Storage on https://www.googleadservices.com failed. @ https://www.googleadservices.com/pagead/managed/js/activeview/current/reach_worklet.html:0
[ 2260318ms] [ERROR] Attestation check for Shared Storage on https://www.googleadservices.com failed. @ https://www.googleadservices.com/pagead/managed/js/activeview/current/reach_worklet.html:0
[ 2271072ms] [ERROR] Attestation check for Shared Storage on https://www.googleadservices.com failed. @ https://www.googleadservices.com/pagead/managed/js/activeview/current/reach_worklet.html:0
[ 2290683ms] [ERROR] Attestation check for Shared Storage on https://www.googleadservices.com failed. @ https://www.googleadservices.com/pagead/managed/js/activeview/current/reach_worklet.html:0
[ 2291154ms] [ERROR] Attestation check for Shared Storage on https://www.googleadservices.com failed. @ https://www.googleadservices.com/pagead/managed/js/activeview/current/reach_worklet.html:0
[ 2301532ms] [ERROR] Attestation check for Shared Storage on https://www.googleadservices.com failed. @ https://www.googleadservices.com/pagead/managed/js/activeview/current/reach_worklet.html:0
[ 2321746ms] [ERROR] Attestation check for Shared Storage on https://www.googleadservices.com failed. @ https://www.googleadservices.com/pagead/managed/js/activeview/current/reach_worklet.html:0
[ 2322058ms] [ERROR] Attestation check for Shared Storage on https://www.googleadservices.com failed. @ https://www.googleadservices.com/pagead/managed/js/activeview/current/reach_worklet.html:0
[ 2332563ms] [ERROR] Attestation check for Shared Storage on https://www.googleadservices.com failed. @ https://www.googleadservices.com/pagead/managed/js/activeview/current/reach_worklet.html:0
[ 2355043ms] [ERROR] Attestation check for Shared Storage on https://www.googleadservices.com failed. @ https://www.googleadservices.com/pagead/managed/js/activeview/current/reach_worklet.html:0
[ 2355248ms] [ERROR] Attestation check for Shared Storage on https://www.googleadservices.com failed. @ https://www.googleadservices.com/pagead/managed/js/activeview/current/reach_worklet.html:0
[ 2385014ms] [ERROR] Attestation check for Shared Storage on https://www.googleadservices.com failed. @ https://www.googleadservices.com/pagead/managed/js/activeview/current/reach_worklet.html:0
[ 2385217ms] [ERROR] Attestation check for Shared Storage on https://www.googleadservices.com failed. @ https://www.googleadservices.com/pagead/managed/js/activeview/current/reach_worklet.html:0
[ 2394642ms] [ERROR] Attestation check for Shared Storage on https://www.googleadservices.com failed. @ https://www.googleadservices.com/pagead/managed/js/activeview/current/reach_worklet.html:0
[ 2416461ms] [ERROR] Attestation check for Shared Storage on https://www.googleadservices.com failed. @ https://www.googleadservices.com/pagead/managed/js/activeview/current/reach_worklet.html:0
[ 2416644ms] [ERROR] Attestation check for Shared Storage on https://www.googleadservices.com failed. @ https://www.googleadservices.com/pagead/managed/js/activeview/current/reach_worklet.html:0
[ 2425782ms] [ERROR] Attestation check for Shared Storage on https://www.googleadservices.com failed. @ https://www.googleadservices.com/pagead/managed/js/activeview/current/reach_worklet.html:0
[ 2447763ms] [ERROR] Attestation check for Shared Storage on https://www.googleadservices.com failed. @ https://www.googleadservices.com/pagead/managed/js/activeview/current/reach_worklet.html:0
[ 2448141ms] [ERROR] Attestation check for Shared Storage on https://www.googleadservices.com failed. @ https://www.googleadservices.com/pagead/managed/js/activeview/current/reach_worklet.html:0
[ 2449516ms] Failed to read a named property 'document' from 'Window': Blocked a frame with origin "https://89c39823bf3bc20e161cb6cdd4e155cb.safeframe.googlesyndication.com" from accessing a frame with origin "https://calamitymod.wiki.gg". Protocols, domains, and ports must match.
[ 2449749ms] [WARNING] The powerPreference option is currently ignored when calling requestAdapter() on Windows. See https://crbug.com/369219127 @ https://js.ad-score.com/score.min.js?pid=1000925&tt=g:1
[ 2455501ms] [WARNING] An iframe which has both allow-scripts and allow-same-origin for its sandbox attribute can escape its sandboxing. @ https://scripts.webcontentassessor.com/scripts/fa866076b638fb98d1cc84e16435f506c69ce3f3d6433bb2591568441bb1a2ca:0
[ 2228765ms] [ERROR] Attestation check for Shared Storage on https://www.googleadservices.com failed. @ https://www.googleadservices.com/pagead/managed/js/activeview/current/reach_worklet.html:0
[ 2228782ms] [ERROR] Attestation check for Shared Storage on https://www.googleadservices.com failed. @ https://www.googleadservices.com/pagead/managed/js/activeview/current/reach_worklet.html:0
[ 2229061ms] [ERROR] Attestation check for Shared Storage on https://www.googleadservices.com failed. @ https://www.googleadservices.com/pagead/managed/js/activeview/current/reach_worklet.html:0
[ 2245293ms] [ERROR] Attestation check for Shared Storage on https://www.googleadservices.com failed. @ https://www.googleadservices.com/pagead/managed/js/activeview/current/reach_worklet.html:0
[ 2245989ms] [ERROR] Attestation check for Shared Storage on https://www.googleadservices.com failed. @ https://www.googleadservices.com/pagead/managed/js/activeview/current/reach_worklet.html:0
[ 2259250ms] [ERROR] Attestation check for Shared Storage on https://www.googleadservices.com failed. @ https://www.googleadservices.com/pagead/managed/js/activeview/current/reach_worklet.html:0
[ 2259334ms] [ERROR] Attestation check for Shared Storage on https://www.googleadservices.com failed. @ https://www.googleadservices.com/pagead/managed/js/activeview/current/reach_worklet.html:0
[ 2260193ms] [ERROR] Attestation check for Shared Storage on https://www.googleadservices.com failed. @ https://www.googleadservices.com/pagead/managed/js/activeview/current/reach_worklet.html:0
[ 2260318ms] [ERROR] Attestation check for Shared Storage on https://www.googleadservices.com failed. @ https://www.googleadservices.com/pagead/managed/js/activeview/current/reach_worklet.html:0
[ 2271072ms] [ERROR] Attestation check for Shared Storage on https://www.googleadservices.com failed. @ https://www.googleadservices.com/pagead/managed/js/activeview/current/reach_worklet.html:0
[ 2290683ms] [ERROR] Attestation check for Shared Storage on https://www.googleadservices.com failed. @ https://www.googleadservices.com/pagead/managed/js/activeview/current/reach_worklet.html:0
[ 2291154ms] [ERROR] Attestation check for Shared Storage on https://www.googleadservices.com failed. @ https://www.googleadservices.com/pagead/managed/js/activeview/current/reach_worklet.html:0
[ 2301532ms] [ERROR] Attestation check for Shared Storage on https://www.googleadservices.com failed. @ https://www.googleadservices.com/pagead/managed/js/activeview/current/reach_worklet.html:0
[ 2321746ms] [ERROR] Attestation check for Shared Storage on https://www.googleadservices.com failed. @ https://www.googleadservices.com/pagead/managed/js/activeview/current/reach_worklet.html:0
[ 2322058ms] [ERROR] Attestation check for Shared Storage on https://www.googleadservices.com failed. @ https://www.googleadservices.com/pagead/managed/js/activeview/current/reach_worklet.html:0
[ 2332563ms] [ERROR] Attestation check for Shared Storage on https://www.googleadservices.com failed. @ https://www.googleadservices.com/pagead/managed/js/activeview/current/reach_worklet.html:0
[ 2355043ms] [ERROR] Attestation check for Shared Storage on https://www.googleadservices.com failed. @ https://www.googleadservices.com/pagead/managed/js/activeview/current/reach_worklet.html:0
[ 2355248ms] [ERROR] Attestation check for Shared Storage on https://www.googleadservices.com failed. @ https://www.googleadservices.com/pagead/managed/js/activeview/current/reach_worklet.html:0
[ 2385014ms] [ERROR] Attestation check for Shared Storage on https://www.googleadservices.com failed. @ https://www.googleadservices.com/pagead/managed/js/activeview/current/reach_worklet.html:0
[ 2385217ms] [ERROR] Attestation check for Shared Storage on https://www.googleadservices.com failed. @ https://www.googleadservices.com/pagead/managed/js/activeview/current/reach_worklet.html:0
[ 2394642ms] [ERROR] Attestation check for Shared Storage on https://www.googleadservices.com failed. @ https://www.googleadservices.com/pagead/managed/js/activeview/current/reach_worklet.html:0
[ 2416461ms] [ERROR] Attestation check for Shared Storage on https://www.googleadservices.com failed. @ https://www.googleadservices.com/pagead/managed/js/activeview/current/reach_worklet.html:0
[ 2416644ms] [ERROR] Attestation check for Shared Storage on https://www.googleadservices.com failed. @ https://www.googleadservices.com/pagead/managed/js/activeview/current/reach_worklet.html:0
[ 2425782ms] [ERROR] Attestation check for Shared Storage on https://www.googleadservices.com failed. @ https://www.googleadservices.com/pagead/managed/js/activeview/current/reach_worklet.html:0
[ 2447763ms] [ERROR] Attestation check for Shared Storage on https://www.googleadservices.com failed. @ https://www.googleadservices.com/pagead/managed/js/activeview/current/reach_worklet.html:0
[ 2448141ms] [ERROR] Attestation check for Shared Storage on https://www.googleadservices.com failed. @ https://www.googleadservices.com/pagead/managed/js/activeview/current/reach_worklet.html:0
[ 2456714ms] [ERROR] Attestation check for Shared Storage on https://www.googleadservices.com failed. @ https://www.googleadservices.com/pagead/managed/js/activeview/current/reach_worklet.html:0
[ 2457168ms] [WARNING] The powerPreference option is currently ignored when calling requestAdapter() on Windows. See https://crbug.com/369219127 @ https://js.ad-score.com/score.min.js?pid=1000925&tt=g:1
[ 2474336ms] [WARNING] The resource https://securepubads.g.doubleclick.net/tag/js/gpt.js was preloaded using link preload but not used within a few seconds from the window's load event. Please make sure it has an appropriate `as` value and it is preloaded intentionally. @ https://calamitymod.wiki.gg/wiki/The_Codebreaker:0
[ 2474336ms] [WARNING] The resource https://00917082-71e9-498e-8343-00c3df06b798.edge.permutive.app/00917082-71e9-498e-8343-00c3df06b798-web.js was preloaded using link preload but not used within a few seconds from the window's load event. Please make sure it has an appropriate `as` value and it is preloaded intentionally. @ https://calamitymod.wiki.gg/wiki/The_Codebreaker:0
[ 2477942ms] [WARNING] An iframe which has both allow-scripts and allow-same-origin for its sandbox attribute can escape its sandboxing. @ https://scripts.webcontentassessor.com/scripts/fa866076b638fb98d1cc84e16435f506c69ce3f3d6433bb2591568441bb1a2ca:0
[ 2263962ms] [ERROR] Failed to load resource: net::ERR_CONNECTION_TIMED_OUT @ https://lyr33000c.pubmatic.com/AdServer/layer?pubid=156439&nwid=2967-OB&lyrenc=1&adtype=10&pimprid=69252635-c559-44dc-b55a-83c054896402&imprid=BIDSFO0226-07AC4090-DEA3-4506-AF3F-9350811CBA2C:1&uimprid=07AC4090-DEA3-4506-AF3F-9350811CBA2C:1&bid=0.11114889000000003&ts=1787196071&cet=1787196371&a=0.111149&cs=1:0
[ 2449749ms] [WARNING] The powerPreference option is currently ignored when calling requestAdapter() on Windows. See https://crbug.com/369219127 @ https://js.ad-score.com/score.min.js?pid=1000925&tt=g:1
[ 2228765ms] [ERROR] Attestation check for Shared Storage on https://www.googleadservices.com failed. @ https://www.googleadservices.com/pagead/managed/js/activeview/current/reach_worklet.html:0
[ 2228782ms] [ERROR] Attestation check for Shared Storage on https://www.googleadservices.com failed. @ https://www.googleadservices.com/pagead/managed/js/activeview/current/reach_worklet.html:0
[ 2229061ms] [ERROR] Attestation check for Shared Storage on https://www.googleadservices.com failed. @ https://www.googleadservices.com/pagead/managed/js/activeview/current/reach_worklet.html:0
[ 2245293ms] [ERROR] Attestation check for Shared Storage on https://www.googleadservices.com failed. @ https://www.googleadservices.com/pagead/managed/js/activeview/current/reach_worklet.html:0
[ 2245989ms] [ERROR] Attestation check for Shared Storage on https://www.googleadservices.com failed. @ https://www.googleadservices.com/pagead/managed/js/activeview/current/reach_worklet.html:0
[ 2259250ms] [ERROR] Attestation check for Shared Storage on https://www.googleadservices.com failed. @ https://www.googleadservices.com/pagead/managed/js/activeview/current/reach_worklet.html:0
[ 2259334ms] [ERROR] Attestation check for Shared Storage on https://www.googleadservices.com failed. @ https://www.googleadservices.com/pagead/managed/js/activeview/current/reach_worklet.html:0
[ 2260193ms] [ERROR] Attestation check for Shared Storage on https://www.googleadservices.com failed. @ https://www.googleadservices.com/pagead/managed/js/activeview/current/reach_worklet.html:0
[ 2260318ms] [ERROR] Attestation check for Shared Storage on https://www.googleadservices.com failed. @ https://www.googleadservices.com/pagead/managed/js/activeview/current/reach_worklet.html:0
[ 2271072ms] [ERROR] Attestation check for Shared Storage on https://www.googleadservices.com failed. @ https://www.googleadservices.com/pagead/managed/js/activeview/current/reach_worklet.html:0
[ 2290683ms] [ERROR] Attestation check for Shared Storage on https://www.googleadservices.com failed. @ https://www.googleadservices.com/pagead/managed/js/activeview/current/reach_worklet.html:0
[ 2291154ms] [ERROR] Attestation check for Shared Storage on https://www.googleadservices.com failed. @ https://www.googleadservices.com/pagead/managed/js/activeview/current/reach_worklet.html:0
[ 2301532ms] [ERROR] Attestation check for Shared Storage on https://www.googleadservices.com failed. @ https://www.googleadservices.com/pagead/managed/js/activeview/current/reach_worklet.html:0
[ 2321746ms] [ERROR] Attestation check for Shared Storage on https://www.googleadservices.com failed. @ https://www.googleadservices.com/pagead/managed/js/activeview/current/reach_worklet.html:0
[ 2322058ms] [ERROR] Attestation check for Shared Storage on https://www.googleadservices.com failed. @ https://www.googleadservices.com/pagead/managed/js/activeview/current/reach_worklet.html:0
[ 2332563ms] [ERROR] Attestation check for Shared Storage on https://www.googleadservices.com failed. @ https://www.googleadservices.com/pagead/managed/js/activeview/current/reach_worklet.html:0
[ 2355043ms] [ERROR] Attestation check for Shared Storage on https://www.googleadservices.com failed. @ https://www.googleadservices.com/pagead/managed/js/activeview/current/reach_worklet.html:0
[ 2355248ms] [ERROR] Attestation check for Shared Storage on https://www.googleadservices.com failed. @ https://www.googleadservices.com/pagead/managed/js/activeview/current/reach_worklet.html:0
[ 2385014ms] [ERROR] Attestation check for Shared Storage on https://www.googleadservices.com failed. @ https://www.googleadservices.com/pagead/managed/js/activeview/current/reach_worklet.html:0
[ 2385217ms] [ERROR] Attestation check for Shared Storage on https://www.googleadservices.com failed. @ https://www.googleadservices.com/pagead/managed/js/activeview/current/reach_worklet.html:0
[ 2394642ms] [ERROR] Attestation check for Shared Storage on https://www.googleadservices.com failed. @ https://www.googleadservices.com/pagead/managed/js/activeview/current/reach_worklet.html:0
[ 2416461ms] [ERROR] Attestation check for Shared Storage on https://www.googleadservices.com failed. @ https://www.googleadservices.com/pagead/managed/js/activeview/current/reach_worklet.html:0
[ 2416644ms] [ERROR] Attestation check for Shared Storage on https://www.googleadservices.com failed. @ https://www.googleadservices.com/pagead/managed/js/activeview/current/reach_worklet.html:0
[ 2425782ms] [ERROR] Attestation check for Shared Storage on https://www.googleadservices.com failed. @ https://www.googleadservices.com/pagead/managed/js/activeview/current/reach_worklet.html:0
[ 2447763ms] [ERROR] Attestation check for Shared Storage on https://www.googleadservices.com failed. @ https://www.googleadservices.com/pagead/managed/js/activeview/current/reach_worklet.html:0
[ 2448141ms] [ERROR] Attestation check for Shared Storage on https://www.googleadservices.com failed. @ https://www.googleadservices.com/pagead/managed/js/activeview/current/reach_worklet.html:0
[ 2456714ms] [ERROR] Attestation check for Shared Storage on https://www.googleadservices.com failed. @ https://www.googleadservices.com/pagead/managed/js/activeview/current/reach_worklet.html:0
[ 2478844ms] [ERROR] Attestation check for Shared Storage on https://www.googleadservices.com failed. @ https://www.googleadservices.com/pagead/managed/js/activeview/current/reach_worklet.html:0
[ 2228765ms] [ERROR] Attestation check for Shared Storage on https://www.googleadservices.com failed. @ https://www.googleadservices.com/pagead/managed/js/activeview/current/reach_worklet.html:0
[ 2228782ms] [ERROR] Attestation check for Shared Storage on https://www.googleadservices.com failed. @ https://www.googleadservices.com/pagead/managed/js/activeview/current/reach_worklet.html:0
[ 2229061ms] [ERROR] Attestation check for Shared Storage on https://www.googleadservices.com failed. @ https://www.googleadservices.com/pagead/managed/js/activeview/current/reach_worklet.html:0
[ 2245293ms] [ERROR] Attestation check for Shared Storage on https://www.googleadservices.com failed. @ https://www.googleadservices.com/pagead/managed/js/activeview/current/reach_worklet.html:0
[ 2245989ms] [ERROR] Attestation check for Shared Storage on https://www.googleadservices.com failed. @ https://www.googleadservices.com/pagead/managed/js/activeview/current/reach_worklet.html:0
[ 2259250ms] [ERROR] Attestation check for Shared Storage on https://www.googleadservices.com failed. @ https://www.googleadservices.com/pagead/managed/js/activeview/current/reach_worklet.html:0
[ 2259334ms] [ERROR] Attestation check for Shared Storage on https://www.googleadservices.com failed. @ https://www.googleadservices.com/pagead/managed/js/activeview/current/reach_worklet.html:0
[ 2260193ms] [ERROR] Attestation check for Shared Storage on https://www.googleadservices.com failed. @ https://www.googleadservices.com/pagead/managed/js/activeview/current/reach_worklet.html:0
[ 2260318ms] [ERROR] Attestation check for Shared Storage on https://www.googleadservices.com failed. @ https://www.googleadservices.com/pagead/managed/js/activeview/current/reach_worklet.html:0
[ 2271072ms] [ERROR] Attestation check for Shared Storage on https://www.googleadservices.com failed. @ https://www.googleadservices.com/pagead/managed/js/activeview/current/reach_worklet.html:0
[ 2290683ms] [ERROR] Attestation check for Shared Storage on https://www.googleadservices.com failed. @ https://www.googleadservices.com/pagead/managed/js/activeview/current/reach_worklet.html:0
[ 2291154ms] [ERROR] Attestation check for Shared Storage on https://www.googleadservices.com failed. @ https://www.googleadservices.com/pagead/managed/js/activeview/current/reach_worklet.html:0
[ 2301532ms] [ERROR] Attestation check for Shared Storage on https://www.googleadservices.com failed. @ https://www.googleadservices.com/pagead/managed/js/activeview/current/reach_worklet.html:0
[ 2321746ms] [ERROR] Attestation check for Shared Storage on https://www.googleadservices.com failed. @ https://www.googleadservices.com/pagead/managed/js/activeview/current/reach_worklet.html:0
[ 2322058ms] [ERROR] Attestation check for Shared Storage on https://www.googleadservices.com failed. @ https://www.googleadservices.com/pagead/managed/js/activeview/current/reach_worklet.html:0
[ 2332563ms] [ERROR] Attestation check for Shared Storage on https://www.googleadservices.com failed. @ https://www.googleadservices.com/pagead/managed/js/activeview/current/reach_worklet.html:0
[ 2355043ms] [ERROR] Attestation check for Shared Storage on https://www.googleadservices.com failed. @ https://www.googleadservices.com/pagead/managed/js/activeview/current/reach_worklet.html:0
[ 2355248ms] [ERROR] Attestation check for Shared Storage on https://www.googleadservices.com failed. @ https://www.googleadservices.com/pagead/managed/js/activeview/current/reach_worklet.html:0
[ 2385014ms] [ERROR] Attestation check for Shared Storage on https://www.googleadservices.com failed. @ https://www.googleadservices.com/pagead/managed/js/activeview/current/reach_worklet.html:0
[ 2385217ms] [ERROR] Attestation check for Shared Storage on https://www.googleadservices.com failed. @ https://www.googleadservices.com/pagead/managed/js/activeview/current/reach_worklet.html:0
[ 2394642ms] [ERROR] Attestation check for Shared Storage on https://www.googleadservices.com failed. @ https://www.googleadservices.com/pagead/managed/js/activeview/current/reach_worklet.html:0
[ 2416461ms] [ERROR] Attestation check for Shared Storage on https://www.googleadservices.com failed. @ https://www.googleadservices.com/pagead/managed/js/activeview/current/reach_worklet.html:0
[ 2416644ms] [ERROR] Attestation check for Shared Storage on https://www.googleadservices.com failed. @ https://www.googleadservices.com/pagead/managed/js/activeview/current/reach_worklet.html:0
[ 2425782ms] [ERROR] Attestation check for Shared Storage on https://www.googleadservices.com failed. @ https://www.googleadservices.com/pagead/managed/js/activeview/current/reach_worklet.html:0
[ 2447763ms] [ERROR] Attestation check for Shared Storage on https://www.googleadservices.com failed. @ https://www.googleadservices.com/pagead/managed/js/activeview/current/reach_worklet.html:0
[ 2448141ms] [ERROR] Attestation check for Shared Storage on https://www.googleadservices.com failed. @ https://www.googleadservices.com/pagead/managed/js/activeview/current/reach_worklet.html:0
[ 2456714ms] [ERROR] Attestation check for Shared Storage on https://www.googleadservices.com failed. @ https://www.googleadservices.com/pagead/managed/js/activeview/current/reach_worklet.html:0
[ 2478844ms] [ERROR] Attestation check for Shared Storage on https://www.googleadservices.com failed. @ https://www.googleadservices.com/pagead/managed/js/activeview/current/reach_worklet.html:0
[ 2479026ms] [ERROR] Failed to load resource: net::ERR_NAME_NOT_RESOLVED @ https://tags.bluekai.com/site/2964?id=cwX8Oq9Q1WWTl35:0
[ 2479492ms] [ERROR] Attestation check for Shared Storage on https://www.googleadservices.com failed. @ https://www.googleadservices.com/pagead/managed/js/activeview/current/reach_worklet.html:0
[ 2480011ms] [WARNING] The powerPreference option is currently ignored when calling requestAdapter() on Windows. See https://crbug.com/369219127 @ https://js.ad-score.com/score.min.js?pid=1000925&tt=g:1
[ 2486360ms] [WARNING] An iframe which has both allow-scripts and allow-same-origin for its sandbox attribute can escape its sandboxing. @ https://scripts.webcontentassessor.com/scripts/fa866076b638fb98d1cc84e16435f506c69ce3f3d6433bb2591568441bb1a2ca:0
[ 2228765ms] [ERROR] Attestation check for Shared Storage on https://www.googleadservices.com failed. @ https://www.googleadservices.com/pagead/managed/js/activeview/current/reach_worklet.html:0
[ 2228782ms] [ERROR] Attestation check for Shared Storage on https://www.googleadservices.com failed. @ https://www.googleadservices.com/pagead/managed/js/activeview/current/reach_worklet.html:0
[ 2229061ms] [ERROR] Attestation check for Shared Storage on https://www.googleadservices.com failed. @ https://www.googleadservices.com/pagead/managed/js/activeview/current/reach_worklet.html:0
[ 2245293ms] [ERROR] Attestation check for Shared Storage on https://www.googleadservices.com failed. @ https://www.googleadservices.com/pagead/managed/js/activeview/current/reach_worklet.html:0
[ 2245989ms] [ERROR] Attestation check for Shared Storage on https://www.googleadservices.com failed. @ https://www.googleadservices.com/pagead/managed/js/activeview/current/reach_worklet.html:0
[ 2259250ms] [ERROR] Attestation check for Shared Storage on https://www.googleadservices.com failed. @ https://www.googleadservices.com/pagead/managed/js/activeview/current/reach_worklet.html:0
[ 2259334ms] [ERROR] Attestation check for Shared Storage on https://www.googleadservices.com failed. @ https://www.googleadservices.com/pagead/managed/js/activeview/current/reach_worklet.html:0
[ 2260193ms] [ERROR] Attestation check for Shared Storage on https://www.googleadservices.com failed. @ https://www.googleadservices.com/pagead/managed/js/activeview/current/reach_worklet.html:0
[ 2260318ms] [ERROR] Attestation check for Shared Storage on https://www.googleadservices.com failed. @ https://www.googleadservices.com/pagead/managed/js/activeview/current/reach_worklet.html:0
[ 2271072ms] [ERROR] Attestation check for Shared Storage on https://www.googleadservices.com failed. @ https://www.googleadservices.com/pagead/managed/js/activeview/current/reach_worklet.html:0
[ 2290683ms] [ERROR] Attestation check for Shared Storage on https://www.googleadservices.com failed. @ https://www.googleadservices.com/pagead/managed/js/activeview/current/reach_worklet.html:0
[ 2291154ms] [ERROR] Attestation check for Shared Storage on https://www.googleadservices.com failed. @ https://www.googleadservices.com/pagead/managed/js/activeview/current/reach_worklet.html:0
[ 2301532ms] [ERROR] Attestation check for Shared Storage on https://www.googleadservices.com failed. @ https://www.googleadservices.com/pagead/managed/js/activeview/current/reach_worklet.html:0
[ 2321746ms] [ERROR] Attestation check for Shared Storage on https://www.googleadservices.com failed. @ https://www.googleadservices.com/pagead/managed/js/activeview/current/reach_worklet.html:0
[ 2322058ms] [ERROR] Attestation check for Shared Storage on https://www.googleadservices.com failed. @ https://www.googleadservices.com/pagead/managed/js/activeview/current/reach_worklet.html:0
[ 2332563ms] [ERROR] Attestation check for Shared Storage on https://www.googleadservices.com failed. @ https://www.googleadservices.com/pagead/managed/js/activeview/current/reach_worklet.html:0
[ 2355043ms] [ERROR] Attestation check for Shared Storage on https://www.googleadservices.com failed. @ https://www.googleadservices.com/pagead/managed/js/activeview/current/reach_worklet.html:0
[ 2355248ms] [ERROR] Attestation check for Shared Storage on https://www.googleadservices.com failed. @ https://www.googleadservices.com/pagead/managed/js/activeview/current/reach_worklet.html:0
[ 2385014ms] [ERROR] Attestation check for Shared Storage on https://www.googleadservices.com failed. @ https://www.googleadservices.com/pagead/managed/js/activeview/current/reach_worklet.html:0
[ 2385217ms] [ERROR] Attestation check for Shared Storage on https://www.googleadservices.com failed. @ https://www.googleadservices.com/pagead/managed/js/activeview/current/reach_worklet.html:0
[ 2394642ms] [ERROR] Attestation check for Shared Storage on https://www.googleadservices.com failed. @ https://www.googleadservices.com/pagead/managed/js/activeview/current/reach_worklet.html:0
[ 2416461ms] [ERROR] Attestation check for Shared Storage on https://www.googleadservices.com failed. @ https://www.googleadservices.com/pagead/managed/js/activeview/current/reach_worklet.html:0
[ 2416644ms] [ERROR] Attestation check for Shared Storage on https://www.googleadservices.com failed. @ https://www.googleadservices.com/pagead/managed/js/activeview/current/reach_worklet.html:0
[ 2425782ms] [ERROR] Attestation check for Shared Storage on https://www.googleadservices.com failed. @ https://www.googleadservices.com/pagead/managed/js/activeview/current/reach_worklet.html:0
[ 2447763ms] [ERROR] Attestation check for Shared Storage on https://www.googleadservices.com failed. @ https://www.googleadservices.com/pagead/managed/js/activeview/current/reach_worklet.html:0
[ 2448141ms] [ERROR] Attestation check for Shared Storage on https://www.googleadservices.com failed. @ https://www.googleadservices.com/pagead/managed/js/activeview/current/reach_worklet.html:0
[ 2456714ms] [ERROR] Attestation check for Shared Storage on https://www.googleadservices.com failed. @ https://www.googleadservices.com/pagead/managed/js/activeview/current/reach_worklet.html:0
[ 2478844ms] [ERROR] Attestation check for Shared Storage on https://www.googleadservices.com failed. @ https://www.googleadservices.com/pagead/managed/js/activeview/current/reach_worklet.html:0
[ 2479492ms] [ERROR] Attestation check for Shared Storage on https://www.googleadservices.com failed. @ https://www.googleadservices.com/pagead/managed/js/activeview/current/reach_worklet.html:0
[ 2487016ms] [ERROR] Attestation check for Shared Storage on https://www.googleadservices.com failed. @ https://www.googleadservices.com/pagead/managed/js/activeview/current/reach_worklet.html:0
[ 2487999ms] [WARNING] The powerPreference option is currently ignored when calling requestAdapter() on Windows. See https://crbug.com/369219127 @ https://js.ad-score.com/score.min.js?pid=1000925&tt=g:1
[ 2501944ms] [WARNING] The resource https://securepubads.g.doubleclick.net/tag/js/gpt.js was preloaded using link preload but not used within a few seconds from the window's load event. Please make sure it has an appropriate `as` value and it is preloaded intentionally. @ https://calamitymod.wiki.gg/wiki/The_Codebreaker:0
[ 2501944ms] [WARNING] The resource https://00917082-71e9-498e-8343-00c3df06b798.edge.permutive.app/00917082-71e9-498e-8343-00c3df06b798-web.js was preloaded using link preload but not used within a few seconds from the window's load event. Please make sure it has an appropriate `as` value and it is preloaded intentionally. @ https://calamitymod.wiki.gg/wiki/The_Codebreaker:0
[ 2263962ms] [ERROR] Failed to load resource: net::ERR_CONNECTION_TIMED_OUT @ https://lyr33000c.pubmatic.com/AdServer/layer?pubid=156439&nwid=2967-OB&lyrenc=1&adtype=10&pimprid=69252635-c559-44dc-b55a-83c054896402&imprid=BIDSFO0226-07AC4090-DEA3-4506-AF3F-9350811CBA2C:1&uimprid=07AC4090-DEA3-4506-AF3F-9350811CBA2C:1&bid=0.11114889000000003&ts=1787196071&cet=1787196371&a=0.111149&cs=1:0
[ 2449749ms] [WARNING] The powerPreference option is currently ignored when calling requestAdapter() on Windows. See https://crbug.com/369219127 @ https://js.ad-score.com/score.min.js?pid=1000925&tt=g:1
[ 2263962ms] [ERROR] Failed to load resource: net::ERR_CONNECTION_TIMED_OUT @ https://lyr33000c.pubmatic.com/AdServer/layer?pubid=156439&nwid=2967-OB&lyrenc=1&adtype=10&pimprid=69252635-c559-44dc-b55a-83c054896402&imprid=BIDSFO0226-07AC4090-DEA3-4506-AF3F-9350811CBA2C:1&uimprid=07AC4090-DEA3-4506-AF3F-9350811CBA2C:1&bid=0.11114889000000003&ts=1787196071&cet=1787196371&a=0.111149&cs=1:0
[ 2449749ms] [WARNING] The powerPreference option is currently ignored when calling requestAdapter() on Windows. See https://crbug.com/369219127 @ https://js.ad-score.com/score.min.js?pid=1000925&tt=g:1
[ 2228765ms] [ERROR] Attestation check for Shared Storage on https://www.googleadservices.com failed. @ https://www.googleadservices.com/pagead/managed/js/activeview/current/reach_worklet.html:0
[ 2228782ms] [ERROR] Attestation check for Shared Storage on https://www.googleadservices.com failed. @ https://www.googleadservices.com/pagead/managed/js/activeview/current/reach_worklet.html:0
[ 2229061ms] [ERROR] Attestation check for Shared Storage on https://www.googleadservices.com failed. @ https://www.googleadservices.com/pagead/managed/js/activeview/current/reach_worklet.html:0
[ 2245293ms] [ERROR] Attestation check for Shared Storage on https://www.googleadservices.com failed. @ https://www.googleadservices.com/pagead/managed/js/activeview/current/reach_worklet.html:0
[ 2245989ms] [ERROR] Attestation check for Shared Storage on https://www.googleadservices.com failed. @ https://www.googleadservices.com/pagead/managed/js/activeview/current/reach_worklet.html:0
[ 2259250ms] [ERROR] Attestation check for Shared Storage on https://www.googleadservices.com failed. @ https://www.googleadservices.com/pagead/managed/js/activeview/current/reach_worklet.html:0
[ 2259334ms] [ERROR] Attestation check for Shared Storage on https://www.googleadservices.com failed. @ https://www.googleadservices.com/pagead/managed/js/activeview/current/reach_worklet.html:0
[ 2260193ms] [ERROR] Attestation check for Shared Storage on https://www.googleadservices.com failed. @ https://www.googleadservices.com/pagead/managed/js/activeview/current/reach_worklet.html:0
[ 2260318ms] [ERROR] Attestation check for Shared Storage on https://www.googleadservices.com failed. @ https://www.googleadservices.com/pagead/managed/js/activeview/current/reach_worklet.html:0
[ 2271072ms] [ERROR] Attestation check for Shared Storage on https://www.googleadservices.com failed. @ https://www.googleadservices.com/pagead/managed/js/activeview/current/reach_worklet.html:0
[ 2290683ms] [ERROR] Attestation check for Shared Storage on https://www.googleadservices.com failed. @ https://www.googleadservices.com/pagead/managed/js/activeview/current/reach_worklet.html:0
[ 2291154ms] [ERROR] Attestation check for Shared Storage on https://www.googleadservices.com failed. @ https://www.googleadservices.com/pagead/managed/js/activeview/current/reach_worklet.html:0
[ 2301532ms] [ERROR] Attestation check for Shared Storage on https://www.googleadservices.com failed. @ https://www.googleadservices.com/pagead/managed/js/activeview/current/reach_worklet.html:0
[ 2321746ms] [ERROR] Attestation check for Shared Storage on https://www.googleadservices.com failed. @ https://www.googleadservices.com/pagead/managed/js/activeview/current/reach_worklet.html:0
[ 2322058ms] [ERROR] Attestation check for Shared Storage on https://www.googleadservices.com failed. @ https://www.googleadservices.com/pagead/managed/js/activeview/current/reach_worklet.html:0
[ 2332563ms] [ERROR] Attestation check for Shared Storage on https://www.googleadservices.com failed. @ https://www.googleadservices.com/pagead/managed/js/activeview/current/reach_worklet.html:0
[ 2355043ms] [ERROR] Attestation check for Shared Storage on https://www.googleadservices.com failed. @ https://www.googleadservices.com/pagead/managed/js/activeview/current/reach_worklet.html:0
[ 2355248ms] [ERROR] Attestation check for Shared Storage on https://www.googleadservices.com failed. @ https://www.googleadservices.com/pagead/managed/js/activeview/current/reach_worklet.html:0
[ 2385014ms] [ERROR] Attestation check for Shared Storage on https://www.googleadservices.com failed. @ https://www.googleadservices.com/pagead/managed/js/activeview/current/reach_worklet.html:0
[ 2385217ms] [ERROR] Attestation check for Shared Storage on https://www.googleadservices.com failed. @ https://www.googleadservices.com/pagead/managed/js/activeview/current/reach_worklet.html:0
[ 2394642ms] [ERROR] Attestation check for Shared Storage on https://www.googleadservices.com failed. @ https://www.googleadservices.com/pagead/managed/js/activeview/current/reach_worklet.html:0
[ 2416461ms] [ERROR] Attestation check for Shared Storage on https://www.googleadservices.com failed. @ https://www.googleadservices.com/pagead/managed/js/activeview/current/reach_worklet.html:0
[ 2416644ms] [ERROR] Attestation check for Shared Storage on https://www.googleadservices.com failed. @ https://www.googleadservices.com/pagead/managed/js/activeview/current/reach_worklet.html:0
[ 2425782ms] [ERROR] Attestation check for Shared Storage on https://www.googleadservices.com failed. @ https://www.googleadservices.com/pagead/managed/js/activeview/current/reach_worklet.html:0
[ 2447763ms] [ERROR] Attestation check for Shared Storage on https://www.googleadservices.com failed. @ https://www.googleadservices.com/pagead/managed/js/activeview/current/reach_worklet.html:0
[ 2448141ms] [ERROR] Attestation check for Shared Storage on https://www.googleadservices.com failed. @ https://www.googleadservices.com/pagead/managed/js/activeview/current/reach_worklet.html:0
[ 2456714ms] [ERROR] Attestation check for Shared Storage on https://www.googleadservices.com failed. @ https://www.googleadservices.com/pagead/managed/js/activeview/current/reach_worklet.html:0
[ 2478844ms] [ERROR] Attestation check for Shared Storage on https://www.googleadservices.com failed. @ https://www.googleadservices.com/pagead/managed/js/activeview/current/reach_worklet.html:0
[ 2479492ms] [ERROR] Attestation check for Shared Storage on https://www.googleadservices.com failed. @ https://www.googleadservices.com/pagead/managed/js/activeview/current/reach_worklet.html:0
[ 2487016ms] [ERROR] Attestation check for Shared Storage on https://www.googleadservices.com failed. @ https://www.googleadservices.com/pagead/managed/js/activeview/current/reach_worklet.html:0
[ 2509957ms] [ERROR] Attestation check for Shared Storage on https://www.googleadservices.com failed. @ https://www.googleadservices.com/pagead/managed/js/activeview/current/reach_worklet.html:0
[ 2228765ms] [ERROR] Attestation check for Shared Storage on https://www.googleadservices.com failed. @ https://www.googleadservices.com/pagead/managed/js/activeview/current/reach_worklet.html:0
[ 2228782ms] [ERROR] Attestation check for Shared Storage on https://www.googleadservices.com failed. @ https://www.googleadservices.com/pagead/managed/js/activeview/current/reach_worklet.html:0
[ 2229061ms] [ERROR] Attestation check for Shared Storage on https://www.googleadservices.com failed. @ https://www.googleadservices.com/pagead/managed/js/activeview/current/reach_worklet.html:0
[ 2245293ms] [ERROR] Attestation check for Shared Storage on https://www.googleadservices.com failed. @ https://www.googleadservices.com/pagead/managed/js/activeview/current/reach_worklet.html:0
[ 2245989ms] [ERROR] Attestation check for Shared Storage on https://www.googleadservices.com failed. @ https://www.googleadservices.com/pagead/managed/js/activeview/current/reach_worklet.html:0
[ 2259250ms] [ERROR] Attestation check for Shared Storage on https://www.googleadservices.com failed. @ https://www.googleadservices.com/pagead/managed/js/activeview/current/reach_worklet.html:0
[ 2259334ms] [ERROR] Attestation check for Shared Storage on https://www.googleadservices.com failed. @ https://www.googleadservices.com/pagead/managed/js/activeview/current/reach_worklet.html:0
[ 2260193ms] [ERROR] Attestation check for Shared Storage on https://www.googleadservices.com failed. @ https://www.googleadservices.com/pagead/managed/js/activeview/current/reach_worklet.html:0
[ 2260318ms] [ERROR] Attestation check for Shared Storage on https://www.googleadservices.com failed. @ https://www.googleadservices.com/pagead/managed/js/activeview/current/reach_worklet.html:0
[ 2271072ms] [ERROR] Attestation check for Shared Storage on https://www.googleadservices.com failed. @ https://www.googleadservices.com/pagead/managed/js/activeview/current/reach_worklet.html:0
[ 2290683ms] [ERROR] Attestation check for Shared Storage on https://www.googleadservices.com failed. @ https://www.googleadservices.com/pagead/managed/js/activeview/current/reach_worklet.html:0
[ 2291154ms] [ERROR] Attestation check for Shared Storage on https://www.googleadservices.com failed. @ https://www.googleadservices.com/pagead/managed/js/activeview/current/reach_worklet.html:0
[ 2301532ms] [ERROR] Attestation check for Shared Storage on https://www.googleadservices.com failed. @ https://www.googleadservices.com/pagead/managed/js/activeview/current/reach_worklet.html:0
[ 2321746ms] [ERROR] Attestation check for Shared Storage on https://www.googleadservices.com failed. @ https://www.googleadservices.com/pagead/managed/js/activeview/current/reach_worklet.html:0
[ 2322058ms] [ERROR] Attestation check for Shared Storage on https://www.googleadservices.com failed. @ https://www.googleadservices.com/pagead/managed/js/activeview/current/reach_worklet.html:0
[ 2332563ms] [ERROR] Attestation check for Shared Storage on https://www.googleadservices.com failed. @ https://www.googleadservices.com/pagead/managed/js/activeview/current/reach_worklet.html:0
[ 2355043ms] [ERROR] Attestation check for Shared Storage on https://www.googleadservices.com failed. @ https://www.googleadservices.com/pagead/managed/js/activeview/current/reach_worklet.html:0
[ 2355248ms] [ERROR] Attestation check for Shared Storage on https://www.googleadservices.com failed. @ https://www.googleadservices.com/pagead/managed/js/activeview/current/reach_worklet.html:0
[ 2385014ms] [ERROR] Attestation check for Shared Storage on https://www.googleadservices.com failed. @ https://www.googleadservices.com/pagead/managed/js/activeview/current/reach_worklet.html:0
[ 2385217ms] [ERROR] Attestation check for Shared Storage on https://www.googleadservices.com failed. @ https://www.googleadservices.com/pagead/managed/js/activeview/current/reach_worklet.html:0
[ 2394642ms] [ERROR] Attestation check for Shared Storage on https://www.googleadservices.com failed. @ https://www.googleadservices.com/pagead/managed/js/activeview/current/reach_worklet.html:0
[ 2416461ms] [ERROR] Attestation check for Shared Storage on https://www.googleadservices.com failed. @ https://www.googleadservices.com/pagead/managed/js/activeview/current/reach_worklet.html:0
[ 2416644ms] [ERROR] Attestation check for Shared Storage on https://www.googleadservices.com failed. @ https://www.googleadservices.com/pagead/managed/js/activeview/current/reach_worklet.html:0
[ 2425782ms] [ERROR] Attestation check for Shared Storage on https://www.googleadservices.com failed. @ https://www.googleadservices.com/pagead/managed/js/activeview/current/reach_worklet.html:0
[ 2447763ms] [ERROR] Attestation check for Shared Storage on https://www.googleadservices.com failed. @ https://www.googleadservices.com/pagead/managed/js/activeview/current/reach_worklet.html:0
[ 2448141ms] [ERROR] Attestation check for Shared Storage on https://www.googleadservices.com failed. @ https://www.googleadservices.com/pagead/managed/js/activeview/current/reach_worklet.html:0
[ 2456714ms] [ERROR] Attestation check for Shared Storage on https://www.googleadservices.com failed. @ https://www.googleadservices.com/pagead/managed/js/activeview/current/reach_worklet.html:0
[ 2478844ms] [ERROR] Attestation check for Shared Storage on https://www.googleadservices.com failed. @ https://www.googleadservices.com/pagead/managed/js/activeview/current/reach_worklet.html:0
[ 2479492ms] [ERROR] Attestation check for Shared Storage on https://www.googleadservices.com failed. @ https://www.googleadservices.com/pagead/managed/js/activeview/current/reach_worklet.html:0
[ 2487016ms] [ERROR] Attestation check for Shared Storage on https://www.googleadservices.com failed. @ https://www.googleadservices.com/pagead/managed/js/activeview/current/reach_worklet.html:0
[ 2509957ms] [ERROR] Attestation check for Shared Storage on https://www.googleadservices.com failed. @ https://www.googleadservices.com/pagead/managed/js/activeview/current/reach_worklet.html:0
[ 2510339ms] [ERROR] Attestation check for Shared Storage on https://www.googleadservices.com failed. @ https://www.googleadservices.com/pagead/managed/js/activeview/current/reach_worklet.html:0
[ 2263962ms] [ERROR] Failed to load resource: net::ERR_CONNECTION_TIMED_OUT @ https://lyr33000c.pubmatic.com/AdServer/layer?pubid=156439&nwid=2967-OB&lyrenc=1&adtype=10&pimprid=69252635-c559-44dc-b55a-83c054896402&imprid=BIDSFO0226-07AC4090-DEA3-4506-AF3F-9350811CBA2C:1&uimprid=07AC4090-DEA3-4506-AF3F-9350811CBA2C:1&bid=0.11114889000000003&ts=1787196071&cet=1787196371&a=0.111149&cs=1:0
[ 2449749ms] [WARNING] The powerPreference option is currently ignored when calling requestAdapter() on Windows. See https://crbug.com/369219127 @ https://js.ad-score.com/score.min.js?pid=1000925&tt=g:1
[ 2228765ms] [ERROR] Attestation check for Shared Storage on https://www.googleadservices.com failed. @ https://www.googleadservices.com/pagead/managed/js/activeview/current/reach_worklet.html:0
[ 2228782ms] [ERROR] Attestation check for Shared Storage on https://www.googleadservices.com failed. @ https://www.googleadservices.com/pagead/managed/js/activeview/current/reach_worklet.html:0
[ 2229061ms] [ERROR] Attestation check for Shared Storage on https://www.googleadservices.com failed. @ https://www.googleadservices.com/pagead/managed/js/activeview/current/reach_worklet.html:0
[ 2245293ms] [ERROR] Attestation check for Shared Storage on https://www.googleadservices.com failed. @ https://www.googleadservices.com/pagead/managed/js/activeview/current/reach_worklet.html:0
[ 2245989ms] [ERROR] Attestation check for Shared Storage on https://www.googleadservices.com failed. @ https://www.googleadservices.com/pagead/managed/js/activeview/current/reach_worklet.html:0
[ 2259250ms] [ERROR] Attestation check for Shared Storage on https://www.googleadservices.com failed. @ https://www.googleadservices.com/pagead/managed/js/activeview/current/reach_worklet.html:0
[ 2259334ms] [ERROR] Attestation check for Shared Storage on https://www.googleadservices.com failed. @ https://www.googleadservices.com/pagead/managed/js/activeview/current/reach_worklet.html:0
[ 2260193ms] [ERROR] Attestation check for Shared Storage on https://www.googleadservices.com failed. @ https://www.googleadservices.com/pagead/managed/js/activeview/current/reach_worklet.html:0
[ 2260318ms] [ERROR] Attestation check for Shared Storage on https://www.googleadservices.com failed. @ https://www.googleadservices.com/pagead/managed/js/activeview/current/reach_worklet.html:0
[ 2271072ms] [ERROR] Attestation check for Shared Storage on https://www.googleadservices.com failed. @ https://www.googleadservices.com/pagead/managed/js/activeview/current/reach_worklet.html:0
[ 2290683ms] [ERROR] Attestation check for Shared Storage on https://www.googleadservices.com failed. @ https://www.googleadservices.com/pagead/managed/js/activeview/current/reach_worklet.html:0
[ 2291154ms] [ERROR] Attestation check for Shared Storage on https://www.googleadservices.com failed. @ https://www.googleadservices.com/pagead/managed/js/activeview/current/reach_worklet.html:0
[ 2301532ms] [ERROR] Attestation check for Shared Storage on https://www.googleadservices.com failed. @ https://www.googleadservices.com/pagead/managed/js/activeview/current/reach_worklet.html:0
[ 2321746ms] [ERROR] Attestation check for Shared Storage on https://www.googleadservices.com failed. @ https://www.googleadservices.com/pagead/managed/js/activeview/current/reach_worklet.html:0
[ 2322058ms] [ERROR] Attestation check for Shared Storage on https://www.googleadservices.com failed. @ https://www.googleadservices.com/pagead/managed/js/activeview/current/reach_worklet.html:0
[ 2332563ms] [ERROR] Attestation check for Shared Storage on https://www.googleadservices.com failed. @ https://www.googleadservices.com/pagead/managed/js/activeview/current/reach_worklet.html:0
[ 2355043ms] [ERROR] Attestation check for Shared Storage on https://www.googleadservices.com failed. @ https://www.googleadservices.com/pagead/managed/js/activeview/current/reach_worklet.html:0
[ 2355248ms] [ERROR] Attestation check for Shared Storage on https://www.googleadservices.com failed. @ https://www.googleadservices.com/pagead/managed/js/activeview/current/reach_worklet.html:0
[ 2385014ms] [ERROR] Attestation check for Shared Storage on https://www.googleadservices.com failed. @ https://www.googleadservices.com/pagead/managed/js/activeview/current/reach_worklet.html:0
[ 2385217ms] [ERROR] Attestation check for Shared Storage on https://www.googleadservices.com failed. @ https://www.googleadservices.com/pagead/managed/js/activeview/current/reach_worklet.html:0
[ 2394642ms] [ERROR] Attestation check for Shared Storage on https://www.googleadservices.com failed. @ https://www.googleadservices.com/pagead/managed/js/activeview/current/reach_worklet.html:0
[ 2416461ms] [ERROR] Attestation check for Shared Storage on https://www.googleadservices.com failed. @ https://www.googleadservices.com/pagead/managed/js/activeview/current/reach_worklet.html:0
[ 2416644ms] [ERROR] Attestation check for Shared Storage on https://www.googleadservices.com failed. @ https://www.googleadservices.com/pagead/managed/js/activeview/current/reach_worklet.html:0
[ 2425782ms] [ERROR] Attestation check for Shared Storage on https://www.googleadservices.com failed. @ https://www.googleadservices.com/pagead/managed/js/activeview/current/reach_worklet.html:0
[ 2447763ms] [ERROR] Attestation check for Shared Storage on https://www.googleadservices.com failed. @ https://www.googleadservices.com/pagead/managed/js/activeview/current/reach_worklet.html:0
[ 2448141ms] [ERROR] Attestation check for Shared Storage on https://www.googleadservices.com failed. @ https://www.googleadservices.com/pagead/managed/js/activeview/current/reach_worklet.html:0
[ 2456714ms] [ERROR] Attestation check for Shared Storage on https://www.googleadservices.com failed. @ https://www.googleadservices.com/pagead/managed/js/activeview/current/reach_worklet.html:0
[ 2478844ms] [ERROR] Attestation check for Shared Storage on https://www.googleadservices.com failed. @ https://www.googleadservices.com/pagead/managed/js/activeview/current/reach_worklet.html:0
[ 2479492ms] [ERROR] Attestation check for Shared Storage on https://www.googleadservices.com failed. @ https://www.googleadservices.com/pagead/managed/js/activeview/current/reach_worklet.html:0
[ 2487016ms] [ERROR] Attestation check for Shared Storage on https://www.googleadservices.com failed. @ https://www.googleadservices.com/pagead/managed/js/activeview/current/reach_worklet.html:0
[ 2509957ms] [ERROR] Attestation check for Shared Storage on https://www.googleadservices.com failed. @ https://www.googleadservices.com/pagead/managed/js/activeview/current/reach_worklet.html:0
[ 2510339ms] [ERROR] Attestation check for Shared Storage on https://www.googleadservices.com failed. @ https://www.googleadservices.com/pagead/managed/js/activeview/current/reach_worklet.html:0
[ 2517689ms] [ERROR] Attestation check for Shared Storage on https://www.googleadservices.com failed. @ https://www.googleadservices.com/pagead/managed/js/activeview/current/reach_worklet.html:0
[ 2517905ms] [TIMEEND] a: 0.0068359375 ms @ https://static.adsafeprotected.com/sca.17.6.4.js:31
[ 2528422ms] [WARNING] The resource https://securepubads.g.doubleclick.net/tag/js/gpt.js was preloaded using link preload but not used within a few seconds from the window's load event. Please make sure it has an appropriate `as` value and it is preloaded intentionally. @ https://calamitymod.wiki.gg/wiki/The_Codebreaker:0
[ 2528422ms] [WARNING] The resource https://00917082-71e9-498e-8343-00c3df06b798.edge.permutive.app/00917082-71e9-498e-8343-00c3df06b798-web.js was preloaded using link preload but not used within a few seconds from the window's load event. Please make sure it has an appropriate `as` value and it is preloaded intentionally. @ https://calamitymod.wiki.gg/wiki/The_Codebreaker:0
[ 2532910ms] [WARNING] The resource https://securepubads.g.doubleclick.net/tag/js/gpt.js was preloaded using link preload but not used within a few seconds from the window's load event. Please make sure it has an appropriate `as` value and it is preloaded intentionally. @ https://calamitymod.wiki.gg/wiki/The_Codebreaker:0
[ 2532910ms] [WARNING] The resource https://00917082-71e9-498e-8343-00c3df06b798.edge.permutive.app/00917082-71e9-498e-8343-00c3df06b798-web.js was preloaded using link preload but not used within a few seconds from the window's load event. Please make sure it has an appropriate `as` value and it is preloaded intentionally. @ https://calamitymod.wiki.gg/wiki/The_Codebreaker:0
[ 2535948ms] [WARNING] The resource https://securepubads.g.doubleclick.net/tag/js/gpt.js was preloaded using link preload but not used within a few seconds from the window's load event. Please make sure it has an appropriate `as` value and it is preloaded intentionally. @ https://calamitymod.wiki.gg/wiki/The_Codebreaker:0
[ 2535948ms] [WARNING] The resource https://00917082-71e9-498e-8343-00c3df06b798.edge.permutive.app/00917082-71e9-498e-8343-00c3df06b798-web.js was preloaded using link preload but not used within a few seconds from the window's load event. Please make sure it has an appropriate `as` value and it is preloaded intentionally. @ https://calamitymod.wiki.gg/wiki/The_Codebreaker:0
[ 2539804ms] [WARNING] An iframe which has both allow-scripts and allow-same-origin for its sandbox attribute can escape its sandboxing. @ https://scripts.webcontentassessor.com/scripts/fa866076b638fb98d1cc84e16435f506c69ce3f3d6433bb2591568441bb1a2ca:0
[ 2263962ms] [ERROR] Failed to load resource: net::ERR_CONNECTION_TIMED_OUT @ https://lyr33000c.pubmatic.com/AdServer/layer?pubid=156439&nwid=2967-OB&lyrenc=1&adtype=10&pimprid=69252635-c559-44dc-b55a-83c054896402&imprid=BIDSFO0226-07AC4090-DEA3-4506-AF3F-9350811CBA2C:1&uimprid=07AC4090-DEA3-4506-AF3F-9350811CBA2C:1&bid=0.11114889000000003&ts=1787196071&cet=1787196371&a=0.111149&cs=1:0
[ 2449749ms] [WARNING] The powerPreference option is currently ignored when calling requestAdapter() on Windows. See https://crbug.com/369219127 @ https://js.ad-score.com/score.min.js?pid=1000925&tt=g:1
[ 2228765ms] [ERROR] Attestation check for Shared Storage on https://www.googleadservices.com failed. @ https://www.googleadservices.com/pagead/managed/js/activeview/current/reach_worklet.html:0
[ 2228782ms] [ERROR] Attestation check for Shared Storage on https://www.googleadservices.com failed. @ https://www.googleadservices.com/pagead/managed/js/activeview/current/reach_worklet.html:0
[ 2229061ms] [ERROR] Attestation check for Shared Storage on https://www.googleadservices.com failed. @ https://www.googleadservices.com/pagead/managed/js/activeview/current/reach_worklet.html:0
[ 2245293ms] [ERROR] Attestation check for Shared Storage on https://www.googleadservices.com failed. @ https://www.googleadservices.com/pagead/managed/js/activeview/current/reach_worklet.html:0
[ 2245989ms] [ERROR] Attestation check for Shared Storage on https://www.googleadservices.com failed. @ https://www.googleadservices.com/pagead/managed/js/activeview/current/reach_worklet.html:0
[ 2259250ms] [ERROR] Attestation check for Shared Storage on https://www.googleadservices.com failed. @ https://www.googleadservices.com/pagead/managed/js/activeview/current/reach_worklet.html:0
[ 2259334ms] [ERROR] Attestation check for Shared Storage on https://www.googleadservices.com failed. @ https://www.googleadservices.com/pagead/managed/js/activeview/current/reach_worklet.html:0
[ 2260193ms] [ERROR] Attestation check for Shared Storage on https://www.googleadservices.com failed. @ https://www.googleadservices.com/pagead/managed/js/activeview/current/reach_worklet.html:0
[ 2260318ms] [ERROR] Attestation check for Shared Storage on https://www.googleadservices.com failed. @ https://www.googleadservices.com/pagead/managed/js/activeview/current/reach_worklet.html:0
[ 2271072ms] [ERROR] Attestation check for Shared Storage on https://www.googleadservices.com failed. @ https://www.googleadservices.com/pagead/managed/js/activeview/current/reach_worklet.html:0
[ 2290683ms] [ERROR] Attestation check for Shared Storage on https://www.googleadservices.com failed. @ https://www.googleadservices.com/pagead/managed/js/activeview/current/reach_worklet.html:0
[ 2291154ms] [ERROR] Attestation check for Shared Storage on https://www.googleadservices.com failed. @ https://www.googleadservices.com/pagead/managed/js/activeview/current/reach_worklet.html:0
[ 2301532ms] [ERROR] Attestation check for Shared Storage on https://www.googleadservices.com failed. @ https://www.googleadservices.com/pagead/managed/js/activeview/current/reach_worklet.html:0
[ 2321746ms] [ERROR] Attestation check for Shared Storage on https://www.googleadservices.com failed. @ https://www.googleadservices.com/pagead/managed/js/activeview/current/reach_worklet.html:0
[ 2322058ms] [ERROR] Attestation check for Shared Storage on https://www.googleadservices.com failed. @ https://www.googleadservices.com/pagead/managed/js/activeview/current/reach_worklet.html:0
[ 2332563ms] [ERROR] Attestation check for Shared Storage on https://www.googleadservices.com failed. @ https://www.googleadservices.com/pagead/managed/js/activeview/current/reach_worklet.html:0
[ 2355043ms] [ERROR] Attestation check for Shared Storage on https://www.googleadservices.com failed. @ https://www.googleadservices.com/pagead/managed/js/activeview/current/reach_worklet.html:0
[ 2355248ms] [ERROR] Attestation check for Shared Storage on https://www.googleadservices.com failed. @ https://www.googleadservices.com/pagead/managed/js/activeview/current/reach_worklet.html:0
[ 2385014ms] [ERROR] Attestation check for Shared Storage on https://www.googleadservices.com failed. @ https://www.googleadservices.com/pagead/managed/js/activeview/current/reach_worklet.html:0
[ 2385217ms] [ERROR] Attestation check for Shared Storage on https://www.googleadservices.com failed. @ https://www.googleadservices.com/pagead/managed/js/activeview/current/reach_worklet.html:0
[ 2394642ms] [ERROR] Attestation check for Shared Storage on https://www.googleadservices.com failed. @ https://www.googleadservices.com/pagead/managed/js/activeview/current/reach_worklet.html:0
[ 2416461ms] [ERROR] Attestation check for Shared Storage on https://www.googleadservices.com failed. @ https://www.googleadservices.com/pagead/managed/js/activeview/current/reach_worklet.html:0
[ 2416644ms] [ERROR] Attestation check for Shared Storage on https://www.googleadservices.com failed. @ https://www.googleadservices.com/pagead/managed/js/activeview/current/reach_worklet.html:0
[ 2425782ms] [ERROR] Attestation check for Shared Storage on https://www.googleadservices.com failed. @ https://www.googleadservices.com/pagead/managed/js/activeview/current/reach_worklet.html:0
[ 2447763ms] [ERROR] Attestation check for Shared Storage on https://www.googleadservices.com failed. @ https://www.googleadservices.com/pagead/managed/js/activeview/current/reach_worklet.html:0
[ 2448141ms] [ERROR] Attestation check for Shared Storage on https://www.googleadservices.com failed. @ https://www.googleadservices.com/pagead/managed/js/activeview/current/reach_worklet.html:0
[ 2456714ms] [ERROR] Attestation check for Shared Storage on https://www.googleadservices.com failed. @ https://www.googleadservices.com/pagead/managed/js/activeview/current/reach_worklet.html:0
[ 2478844ms] [ERROR] Attestation check for Shared Storage on https://www.googleadservices.com failed. @ https://www.googleadservices.com/pagead/managed/js/activeview/current/reach_worklet.html:0
[ 2479492ms] [ERROR] Attestation check for Shared Storage on https://www.googleadservices.com failed. @ https://www.googleadservices.com/pagead/managed/js/activeview/current/reach_worklet.html:0
[ 2487016ms] [ERROR] Attestation check for Shared Storage on https://www.googleadservices.com failed. @ https://www.googleadservices.com/pagead/managed/js/activeview/current/reach_worklet.html:0
[ 2509957ms] [ERROR] Attestation check for Shared Storage on https://www.googleadservices.com failed. @ https://www.googleadservices.com/pagead/managed/js/activeview/current/reach_worklet.html:0
[ 2510339ms] [ERROR] Attestation check for Shared Storage on https://www.googleadservices.com failed. @ https://www.googleadservices.com/pagead/managed/js/activeview/current/reach_worklet.html:0
[ 2517689ms] [ERROR] Attestation check for Shared Storage on https://www.googleadservices.com failed. @ https://www.googleadservices.com/pagead/managed/js/activeview/current/reach_worklet.html:0
[ 2540682ms] [ERROR] Attestation check for Shared Storage on https://www.googleadservices.com failed. @ https://www.googleadservices.com/pagead/managed/js/activeview/current/reach_worklet.html:0
[ 2228765ms] [ERROR] Attestation check for Shared Storage on https://www.googleadservices.com failed. @ https://www.googleadservices.com/pagead/managed/js/activeview/current/reach_worklet.html:0
[ 2228782ms] [ERROR] Attestation check for Shared Storage on https://www.googleadservices.com failed. @ https://www.googleadservices.com/pagead/managed/js/activeview/current/reach_worklet.html:0
[ 2229061ms] [ERROR] Attestation check for Shared Storage on https://www.googleadservices.com failed. @ https://www.googleadservices.com/pagead/managed/js/activeview/current/reach_worklet.html:0
[ 2245293ms] [ERROR] Attestation check for Shared Storage on https://www.googleadservices.com failed. @ https://www.googleadservices.com/pagead/managed/js/activeview/current/reach_worklet.html:0
[ 2245989ms] [ERROR] Attestation check for Shared Storage on https://www.googleadservices.com failed. @ https://www.googleadservices.com/pagead/managed/js/activeview/current/reach_worklet.html:0
[ 2259250ms] [ERROR] Attestation check for Shared Storage on https://www.googleadservices.com failed. @ https://www.googleadservices.com/pagead/managed/js/activeview/current/reach_worklet.html:0
[ 2259334ms] [ERROR] Attestation check for Shared Storage on https://www.googleadservices.com failed. @ https://www.googleadservices.com/pagead/managed/js/activeview/current/reach_worklet.html:0
[ 2260193ms] [ERROR] Attestation check for Shared Storage on https://www.googleadservices.com failed. @ https://www.googleadservices.com/pagead/managed/js/activeview/current/reach_worklet.html:0
[ 2260318ms] [ERROR] Attestation check for Shared Storage on https://www.googleadservices.com failed. @ https://www.googleadservices.com/pagead/managed/js/activeview/current/reach_worklet.html:0
[ 2271072ms] [ERROR] Attestation check for Shared Storage on https://www.googleadservices.com failed. @ https://www.googleadservices.com/pagead/managed/js/activeview/current/reach_worklet.html:0
[ 2290683ms] [ERROR] Attestation check for Shared Storage on https://www.googleadservices.com failed. @ https://www.googleadservices.com/pagead/managed/js/activeview/current/reach_worklet.html:0
[ 2291154ms] [ERROR] Attestation check for Shared Storage on https://www.googleadservices.com failed. @ https://www.googleadservices.com/pagead/managed/js/activeview/current/reach_worklet.html:0
[ 2301532ms] [ERROR] Attestation check for Shared Storage on https://www.googleadservices.com failed. @ https://www.googleadservices.com/pagead/managed/js/activeview/current/reach_worklet.html:0
[ 2321746ms] [ERROR] Attestation check for Shared Storage on https://www.googleadservices.com failed. @ https://www.googleadservices.com/pagead/managed/js/activeview/current/reach_worklet.html:0
[ 2322058ms] [ERROR] Attestation check for Shared Storage on https://www.googleadservices.com failed. @ https://www.googleadservices.com/pagead/managed/js/activeview/current/reach_worklet.html:0
[ 2332563ms] [ERROR] Attestation check for Shared Storage on https://www.googleadservices.com failed. @ https://www.googleadservices.com/pagead/managed/js/activeview/current/reach_worklet.html:0
[ 2355043ms] [ERROR] Attestation check for Shared Storage on https://www.googleadservices.com failed. @ https://www.googleadservices.com/pagead/managed/js/activeview/current/reach_worklet.html:0
[ 2355248ms] [ERROR] Attestation check for Shared Storage on https://www.googleadservices.com failed. @ https://www.googleadservices.com/pagead/managed/js/activeview/current/reach_worklet.html:0
[ 2385014ms] [ERROR] Attestation check for Shared Storage on https://www.googleadservices.com failed. @ https://www.googleadservices.com/pagead/managed/js/activeview/current/reach_worklet.html:0
[ 2385217ms] [ERROR] Attestation check for Shared Storage on https://www.googleadservices.com failed. @ https://www.googleadservices.com/pagead/managed/js/activeview/current/reach_worklet.html:0
[ 2394642ms] [ERROR] Attestation check for Shared Storage on https://www.googleadservices.com failed. @ https://www.googleadservices.com/pagead/managed/js/activeview/current/reach_worklet.html:0
[ 2416461ms] [ERROR] Attestation check for Shared Storage on https://www.googleadservices.com failed. @ https://www.googleadservices.com/pagead/managed/js/activeview/current/reach_worklet.html:0
[ 2416644ms] [ERROR] Attestation check for Shared Storage on https://www.googleadservices.com failed. @ https://www.googleadservices.com/pagead/managed/js/activeview/current/reach_worklet.html:0
[ 2425782ms] [ERROR] Attestation check for Shared Storage on https://www.googleadservices.com failed. @ https://www.googleadservices.com/pagead/managed/js/activeview/current/reach_worklet.html:0
[ 2447763ms] [ERROR] Attestation check for Shared Storage on https://www.googleadservices.com failed. @ https://www.googleadservices.com/pagead/managed/js/activeview/current/reach_worklet.html:0
[ 2448141ms] [ERROR] Attestation check for Shared Storage on https://www.googleadservices.com failed. @ https://www.googleadservices.com/pagead/managed/js/activeview/current/reach_worklet.html:0
[ 2456714ms] [ERROR] Attestation check for Shared Storage on https://www.googleadservices.com failed. @ https://www.googleadservices.com/pagead/managed/js/activeview/current/reach_worklet.html:0
[ 2478844ms] [ERROR] Attestation check for Shared Storage on https://www.googleadservices.com failed. @ https://www.googleadservices.com/pagead/managed/js/activeview/current/reach_worklet.html:0
[ 2479492ms] [ERROR] Attestation check for Shared Storage on https://www.googleadservices.com failed. @ https://www.googleadservices.com/pagead/managed/js/activeview/current/reach_worklet.html:0
[ 2487016ms] [ERROR] Attestation check for Shared Storage on https://www.googleadservices.com failed. @ https://www.googleadservices.com/pagead/managed/js/activeview/current/reach_worklet.html:0
[ 2509957ms] [ERROR] Attestation check for Shared Storage on https://www.googleadservices.com failed. @ https://www.googleadservices.com/pagead/managed/js/activeview/current/reach_worklet.html:0
[ 2510339ms] [ERROR] Attestation check for Shared Storage on https://www.googleadservices.com failed. @ https://www.googleadservices.com/pagead/managed/js/activeview/current/reach_worklet.html:0
[ 2517689ms] [ERROR] Attestation check for Shared Storage on https://www.googleadservices.com failed. @ https://www.googleadservices.com/pagead/managed/js/activeview/current/reach_worklet.html:0
[ 2540682ms] [ERROR] Attestation check for Shared Storage on https://www.googleadservices.com failed. @ https://www.googleadservices.com/pagead/managed/js/activeview/current/reach_worklet.html:0
[ 2540910ms] [ERROR] Attestation check for Shared Storage on https://www.googleadservices.com failed. @ https://www.googleadservices.com/pagead/managed/js/activeview/current/reach_worklet.html:0
[ 2541588ms] [WARNING] The powerPreference option is currently ignored when calling requestAdapter() on Windows. See https://crbug.com/369219127 @ https://js.ad-score.com/score.min.js?pid=1000925&tt=g:1
[ 2548631ms] [WARNING] An iframe which has both allow-scripts and allow-same-origin for its sandbox attribute can escape its sandboxing. @ https://scripts.webcontentassessor.com/scripts/fa866076b638fb98d1cc84e16435f506c69ce3f3d6433bb2591568441bb1a2ca:0
[ 2228765ms] [ERROR] Attestation check for Shared Storage on https://www.googleadservices.com failed. @ https://www.googleadservices.com/pagead/managed/js/activeview/current/reach_worklet.html:0
[ 2228782ms] [ERROR] Attestation check for Shared Storage on https://www.googleadservices.com failed. @ https://www.googleadservices.com/pagead/managed/js/activeview/current/reach_worklet.html:0
[ 2229061ms] [ERROR] Attestation check for Shared Storage on https://www.googleadservices.com failed. @ https://www.googleadservices.com/pagead/managed/js/activeview/current/reach_worklet.html:0
[ 2245293ms] [ERROR] Attestation check for Shared Storage on https://www.googleadservices.com failed. @ https://www.googleadservices.com/pagead/managed/js/activeview/current/reach_worklet.html:0
[ 2245989ms] [ERROR] Attestation check for Shared Storage on https://www.googleadservices.com failed. @ https://www.googleadservices.com/pagead/managed/js/activeview/current/reach_worklet.html:0
[ 2259250ms] [ERROR] Attestation check for Shared Storage on https://www.googleadservices.com failed. @ https://www.googleadservices.com/pagead/managed/js/activeview/current/reach_worklet.html:0
[ 2259334ms] [ERROR] Attestation check for Shared Storage on https://www.googleadservices.com failed. @ https://www.googleadservices.com/pagead/managed/js/activeview/current/reach_worklet.html:0
[ 2260193ms] [ERROR] Attestation check for Shared Storage on https://www.googleadservices.com failed. @ https://www.googleadservices.com/pagead/managed/js/activeview/current/reach_worklet.html:0
[ 2260318ms] [ERROR] Attestation check for Shared Storage on https://www.googleadservices.com failed. @ https://www.googleadservices.com/pagead/managed/js/activeview/current/reach_worklet.html:0
[ 2271072ms] [ERROR] Attestation check for Shared Storage on https://www.googleadservices.com failed. @ https://www.googleadservices.com/pagead/managed/js/activeview/current/reach_worklet.html:0
[ 2290683ms] [ERROR] Attestation check for Shared Storage on https://www.googleadservices.com failed. @ https://www.googleadservices.com/pagead/managed/js/activeview/current/reach_worklet.html:0
[ 2291154ms] [ERROR] Attestation check for Shared Storage on https://www.googleadservices.com failed. @ https://www.googleadservices.com/pagead/managed/js/activeview/current/reach_worklet.html:0
[ 2301532ms] [ERROR] Attestation check for Shared Storage on https://www.googleadservices.com failed. @ https://www.googleadservices.com/pagead/managed/js/activeview/current/reach_worklet.html:0
[ 2321746ms] [ERROR] Attestation check for Shared Storage on https://www.googleadservices.com failed. @ https://www.googleadservices.com/pagead/managed/js/activeview/current/reach_worklet.html:0
[ 2322058ms] [ERROR] Attestation check for Shared Storage on https://www.googleadservices.com failed. @ https://www.googleadservices.com/pagead/managed/js/activeview/current/reach_worklet.html:0
[ 2332563ms] [ERROR] Attestation check for Shared Storage on https://www.googleadservices.com failed. @ https://www.googleadservices.com/pagead/managed/js/activeview/current/reach_worklet.html:0
[ 2355043ms] [ERROR] Attestation check for Shared Storage on https://www.googleadservices.com failed. @ https://www.googleadservices.com/pagead/managed/js/activeview/current/reach_worklet.html:0
[ 2355248ms] [ERROR] Attestation check for Shared Storage on https://www.googleadservices.com failed. @ https://www.googleadservices.com/pagead/managed/js/activeview/current/reach_worklet.html:0
[ 2385014ms] [ERROR] Attestation check for Shared Storage on https://www.googleadservices.com failed. @ https://www.googleadservices.com/pagead/managed/js/activeview/current/reach_worklet.html:0
[ 2385217ms] [ERROR] Attestation check for Shared Storage on https://www.googleadservices.com failed. @ https://www.googleadservices.com/pagead/managed/js/activeview/current/reach_worklet.html:0
[ 2394642ms] [ERROR] Attestation check for Shared Storage on https://www.googleadservices.com failed. @ https://www.googleadservices.com/pagead/managed/js/activeview/current/reach_worklet.html:0
[ 2416461ms] [ERROR] Attestation check for Shared Storage on https://www.googleadservices.com failed. @ https://www.googleadservices.com/pagead/managed/js/activeview/current/reach_worklet.html:0
[ 2416644ms] [ERROR] Attestation check for Shared Storage on https://www.googleadservices.com failed. @ https://www.googleadservices.com/pagead/managed/js/activeview/current/reach_worklet.html:0
[ 2425782ms] [ERROR] Attestation check for Shared Storage on https://www.googleadservices.com failed. @ https://www.googleadservices.com/pagead/managed/js/activeview/current/reach_worklet.html:0
[ 2447763ms] [ERROR] Attestation check for Shared Storage on https://www.googleadservices.com failed. @ https://www.googleadservices.com/pagead/managed/js/activeview/current/reach_worklet.html:0
[ 2448141ms] [ERROR] Attestation check for Shared Storage on https://www.googleadservices.com failed. @ https://www.googleadservices.com/pagead/managed/js/activeview/current/reach_worklet.html:0
[ 2456714ms] [ERROR] Attestation check for Shared Storage on https://www.googleadservices.com failed. @ https://www.googleadservices.com/pagead/managed/js/activeview/current/reach_worklet.html:0
[ 2478844ms] [ERROR] Attestation check for Shared Storage on https://www.googleadservices.com failed. @ https://www.googleadservices.com/pagead/managed/js/activeview/current/reach_worklet.html:0
[ 2479492ms] [ERROR] Attestation check for Shared Storage on https://www.googleadservices.com failed. @ https://www.googleadservices.com/pagead/managed/js/activeview/current/reach_worklet.html:0
[ 2487016ms] [ERROR] Attestation check for Shared Storage on https://www.googleadservices.com failed. @ https://www.googleadservices.com/pagead/managed/js/activeview/current/reach_worklet.html:0
[ 2509957ms] [ERROR] Attestation check for Shared Storage on https://www.googleadservices.com failed. @ https://www.googleadservices.com/pagead/managed/js/activeview/current/reach_worklet.html:0
[ 2510339ms] [ERROR] Attestation check for Shared Storage on https://www.googleadservices.com failed. @ https://www.googleadservices.com/pagead/managed/js/activeview/current/reach_worklet.html:0
[ 2517689ms] [ERROR] Attestation check for Shared Storage on https://www.googleadservices.com failed. @ https://www.googleadservices.com/pagead/managed/js/activeview/current/reach_worklet.html:0
[ 2540682ms] [ERROR] Attestation check for Shared Storage on https://www.googleadservices.com failed. @ https://www.googleadservices.com/pagead/managed/js/activeview/current/reach_worklet.html:0
[ 2540910ms] [ERROR] Attestation check for Shared Storage on https://www.googleadservices.com failed. @ https://www.googleadservices.com/pagead/managed/js/activeview/current/reach_worklet.html:0
[ 2549164ms] [ERROR] Attestation check for Shared Storage on https://www.googleadservices.com failed. @ https://www.googleadservices.com/pagead/managed/js/activeview/current/reach_worklet.html:0
[ 2559152ms] [WARNING] The resource https://securepubads.g.doubleclick.net/tag/js/gpt.js was preloaded using link preload but not used within a few seconds from the window's load event. Please make sure it has an appropriate `as` value and it is preloaded intentionally. @ https://calamitymod.wiki.gg/wiki/The_Codebreaker:0
[ 2559152ms] [WARNING] The resource https://00917082-71e9-498e-8343-00c3df06b798.edge.permutive.app/00917082-71e9-498e-8343-00c3df06b798-web.js was preloaded using link preload but not used within a few seconds from the window's load event. Please make sure it has an appropriate `as` value and it is preloaded intentionally. @ https://calamitymod.wiki.gg/wiki/The_Codebreaker:0
[ 2563576ms] [WARNING] The resource https://securepubads.g.doubleclick.net/tag/js/gpt.js was preloaded using link preload but not used within a few seconds from the window's load event. Please make sure it has an appropriate `as` value and it is preloaded intentionally. @ https://calamitymod.wiki.gg/wiki/The_Codebreaker:0
[ 2563576ms] [WARNING] The resource https://00917082-71e9-498e-8343-00c3df06b798.edge.permutive.app/00917082-71e9-498e-8343-00c3df06b798-web.js was preloaded using link preload but not used within a few seconds from the window's load event. Please make sure it has an appropriate `as` value and it is preloaded intentionally. @ https://calamitymod.wiki.gg/wiki/The_Codebreaker:0
[ 2570907ms] [WARNING] An iframe which has both allow-scripts and allow-same-origin for its sandbox attribute can escape its sandboxing. @ https://scripts.webcontentassessor.com/scripts/fa866076b638fb98d1cc84e16435f506c69ce3f3d6433bb2591568441bb1a2ca:0
[ 2228765ms] [ERROR] Attestation check for Shared Storage on https://www.googleadservices.com failed. @ https://www.googleadservices.com/pagead/managed/js/activeview/current/reach_worklet.html:0
[ 2228782ms] [ERROR] Attestation check for Shared Storage on https://www.googleadservices.com failed. @ https://www.googleadservices.com/pagead/managed/js/activeview/current/reach_worklet.html:0
[ 2229061ms] [ERROR] Attestation check for Shared Storage on https://www.googleadservices.com failed. @ https://www.googleadservices.com/pagead/managed/js/activeview/current/reach_worklet.html:0
[ 2245293ms] [ERROR] Attestation check for Shared Storage on https://www.googleadservices.com failed. @ https://www.googleadservices.com/pagead/managed/js/activeview/current/reach_worklet.html:0
[ 2245989ms] [ERROR] Attestation check for Shared Storage on https://www.googleadservices.com failed. @ https://www.googleadservices.com/pagead/managed/js/activeview/current/reach_worklet.html:0
[ 2259250ms] [ERROR] Attestation check for Shared Storage on https://www.googleadservices.com failed. @ https://www.googleadservices.com/pagead/managed/js/activeview/current/reach_worklet.html:0
[ 2259334ms] [ERROR] Attestation check for Shared Storage on https://www.googleadservices.com failed. @ https://www.googleadservices.com/pagead/managed/js/activeview/current/reach_worklet.html:0
[ 2260193ms] [ERROR] Attestation check for Shared Storage on https://www.googleadservices.com failed. @ https://www.googleadservices.com/pagead/managed/js/activeview/current/reach_worklet.html:0
[ 2260318ms] [ERROR] Attestation check for Shared Storage on https://www.googleadservices.com failed. @ https://www.googleadservices.com/pagead/managed/js/activeview/current/reach_worklet.html:0
[ 2271072ms] [ERROR] Attestation check for Shared Storage on https://www.googleadservices.com failed. @ https://www.googleadservices.com/pagead/managed/js/activeview/current/reach_worklet.html:0
[ 2290683ms] [ERROR] Attestation check for Shared Storage on https://www.googleadservices.com failed. @ https://www.googleadservices.com/pagead/managed/js/activeview/current/reach_worklet.html:0
[ 2291154ms] [ERROR] Attestation check for Shared Storage on https://www.googleadservices.com failed. @ https://www.googleadservices.com/pagead/managed/js/activeview/current/reach_worklet.html:0
[ 2301532ms] [ERROR] Attestation check for Shared Storage on https://www.googleadservices.com failed. @ https://www.googleadservices.com/pagead/managed/js/activeview/current/reach_worklet.html:0
[ 2321746ms] [ERROR] Attestation check for Shared Storage on https://www.googleadservices.com failed. @ https://www.googleadservices.com/pagead/managed/js/activeview/current/reach_worklet.html:0
[ 2322058ms] [ERROR] Attestation check for Shared Storage on https://www.googleadservices.com failed. @ https://www.googleadservices.com/pagead/managed/js/activeview/current/reach_worklet.html:0
[ 2332563ms] [ERROR] Attestation check for Shared Storage on https://www.googleadservices.com failed. @ https://www.googleadservices.com/pagead/managed/js/activeview/current/reach_worklet.html:0
[ 2355043ms] [ERROR] Attestation check for Shared Storage on https://www.googleadservices.com failed. @ https://www.googleadservices.com/pagead/managed/js/activeview/current/reach_worklet.html:0
[ 2355248ms] [ERROR] Attestation check for Shared Storage on https://www.googleadservices.com failed. @ https://www.googleadservices.com/pagead/managed/js/activeview/current/reach_worklet.html:0
[ 2385014ms] [ERROR] Attestation check for Shared Storage on https://www.googleadservices.com failed. @ https://www.googleadservices.com/pagead/managed/js/activeview/current/reach_worklet.html:0
[ 2385217ms] [ERROR] Attestation check for Shared Storage on https://www.googleadservices.com failed. @ https://www.googleadservices.com/pagead/managed/js/activeview/current/reach_worklet.html:0
[ 2394642ms] [ERROR] Attestation check for Shared Storage on https://www.googleadservices.com failed. @ https://www.googleadservices.com/pagead/managed/js/activeview/current/reach_worklet.html:0
[ 2416461ms] [ERROR] Attestation check for Shared Storage on https://www.googleadservices.com failed. @ https://www.googleadservices.com/pagead/managed/js/activeview/current/reach_worklet.html:0
[ 2416644ms] [ERROR] Attestation check for Shared Storage on https://www.googleadservices.com failed. @ https://www.googleadservices.com/pagead/managed/js/activeview/current/reach_worklet.html:0
[ 2425782ms] [ERROR] Attestation check for Shared Storage on https://www.googleadservices.com failed. @ https://www.googleadservices.com/pagead/managed/js/activeview/current/reach_worklet.html:0
[ 2447763ms] [ERROR] Attestation check for Shared Storage on https://www.googleadservices.com failed. @ https://www.googleadservices.com/pagead/managed/js/activeview/current/reach_worklet.html:0
[ 2448141ms] [ERROR] Attestation check for Shared Storage on https://www.googleadservices.com failed. @ https://www.googleadservices.com/pagead/managed/js/activeview/current/reach_worklet.html:0
[ 2456714ms] [ERROR] Attestation check for Shared Storage on https://www.googleadservices.com failed. @ https://www.googleadservices.com/pagead/managed/js/activeview/current/reach_worklet.html:0
[ 2478844ms] [ERROR] Attestation check for Shared Storage on https://www.googleadservices.com failed. @ https://www.googleadservices.com/pagead/managed/js/activeview/current/reach_worklet.html:0
[ 2479492ms] [ERROR] Attestation check for Shared Storage on https://www.googleadservices.com failed. @ https://www.googleadservices.com/pagead/managed/js/activeview/current/reach_worklet.html:0
[ 2487016ms] [ERROR] Attestation check for Shared Storage on https://www.googleadservices.com failed. @ https://www.googleadservices.com/pagead/managed/js/activeview/current/reach_worklet.html:0
[ 2509957ms] [ERROR] Attestation check for Shared Storage on https://www.googleadservices.com failed. @ https://www.googleadservices.com/pagead/managed/js/activeview/current/reach_worklet.html:0
[ 2510339ms] [ERROR] Attestation check for Shared Storage on https://www.googleadservices.com failed. @ https://www.googleadservices.com/pagead/managed/js/activeview/current/reach_worklet.html:0
[ 2517689ms] [ERROR] Attestation check for Shared Storage on https://www.googleadservices.com failed. @ https://www.googleadservices.com/pagead/managed/js/activeview/current/reach_worklet.html:0
[ 2540682ms] [ERROR] Attestation check for Shared Storage on https://www.googleadservices.com failed. @ https://www.googleadservices.com/pagead/managed/js/activeview/current/reach_worklet.html:0
[ 2540910ms] [ERROR] Attestation check for Shared Storage on https://www.googleadservices.com failed. @ https://www.googleadservices.com/pagead/managed/js/activeview/current/reach_worklet.html:0
[ 2549164ms] [ERROR] Attestation check for Shared Storage on https://www.googleadservices.com failed. @ https://www.googleadservices.com/pagead/managed/js/activeview/current/reach_worklet.html:0
[ 2571149ms] [ERROR] Attestation check for Shared Storage on https://www.googleadservices.com failed. @ https://www.googleadservices.com/pagead/managed/js/activeview/current/reach_worklet.html:0
[ 2263962ms] [ERROR] Failed to load resource: net::ERR_CONNECTION_TIMED_OUT @ https://lyr33000c.pubmatic.com/AdServer/layer?pubid=156439&nwid=2967-OB&lyrenc=1&adtype=10&pimprid=69252635-c559-44dc-b55a-83c054896402&imprid=BIDSFO0226-07AC4090-DEA3-4506-AF3F-9350811CBA2C:1&uimprid=07AC4090-DEA3-4506-AF3F-9350811CBA2C:1&bid=0.11114889000000003&ts=1787196071&cet=1787196371&a=0.111149&cs=1:0
[ 2449749ms] [WARNING] The powerPreference option is currently ignored when calling requestAdapter() on Windows. See https://crbug.com/369219127 @ https://js.ad-score.com/score.min.js?pid=1000925&tt=g:1
[ 2588938ms] [WARNING] The resource https://securepubads.g.doubleclick.net/tag/js/gpt.js was preloaded using link preload but not used within a few seconds from the window's load event. Please make sure it has an appropriate `as` value and it is preloaded intentionally. @ https://calamitymod.wiki.gg/wiki/The_Codebreaker:0
[ 2588938ms] [WARNING] The resource https://00917082-71e9-498e-8343-00c3df06b798.edge.permutive.app/00917082-71e9-498e-8343-00c3df06b798-web.js was preloaded using link preload but not used within a few seconds from the window's load event. Please make sure it has an appropriate `as` value and it is preloaded intentionally. @ https://calamitymod.wiki.gg/wiki/The_Codebreaker:0
[ 2601341ms] [LOG] Starting 3pc test @ https://static.anonm.io/light/check3pc.html:10
[ 2601344ms] [LOG] 3PC enabled: true @ https://static.anonm.io/light/check3pc.html:33
[ 2601344ms] [LOG] Storage API: cookie access granted @ https://static.anonm.io/light/check3pc.html:16
[ 2602813ms] [ERROR] Attestation check for Shared Storage on https://www.googleadservices.com failed. @ https://www.googleadservices.com/pagead/managed/js/activeview/current/reach_worklet.html:0
[ 2603050ms] [DIR] SyntaxError @ https://js.ad-score.com/score.min.js?pid=1000925&tt=g:1
[ 2603288ms] [TIMEEND] a: 0.005859375 ms @ https://static.adsafeprotected.com/sca.17.6.4.js:31
[ 2603412ms] [WARNING] The powerPreference option is currently ignored when calling requestAdapter() on Windows. See https://crbug.com/369219127 @ https://js.ad-score.com/score.min.js?pid=1000925&tt=g:1
[ 2603795ms] Failed to read a named property 'document' from 'Window': Blocked a frame with origin "https://9c3594c7fd9ed11a343ca1146d73d7bb.safeframe.googlesyndication.com" from accessing a frame with origin "https://calamitymod.wiki.gg". Protocols, domains, and ports must match.
[ 2607521ms] [ERROR] Failed to load resource: the server responded with a status of 400 () @ https://eb2.3lift.com/getuid?gdpr=0&gdpr_consent=&redir=https%3A%2F%2Fvisitor.us-east4.gcp.omnitagjs.com%2Fvisitor%2Fsync%3Fgdpr%3D0%26gdpr_consent%3D%26is_cookie_sync_uid%3D1%26name%3DTRIPLELIFT_cookie_sync%26ttl%3D720%26uid%3D771bebe2d6221e9ca65e16ebf8d2f6f3%26visitor%3D%24UID:0
[ 2609551ms] [LOG] Starting 3pc test @ https://static.anonm.io/light/check3pc.html:10
[ 2609553ms] [LOG] 3PC enabled: true @ https://static.anonm.io/light/check3pc.html:33
[ 2609554ms] [LOG] Storage API: cookie access granted @ https://static.anonm.io/light/check3pc.html:16
[ 2610963ms] [WARNING] An iframe which has both allow-scripts and allow-same-origin for its sandbox attribute can escape its sandboxing. @ https://scripts.webcontentassessor.com/scripts/fa866076b638fb98d1cc84e16435f506c69ce3f3d6433bb2591568441bb1a2ca:0
[ 2611613ms] [TIMEEND] a: 0.0048828125 ms @ https://static.adsafeprotected.com/sca.17.6.4.js:31
[ 2611991ms] [ERROR] Attestation check for Shared Storage on https://www.googleadservices.com failed. @ https://www.googleadservices.com/pagead/managed/js/activeview/current/reach_worklet.html:0
[ 2612163ms] [DIR] SyntaxError @ https://js.ad-score.com/score.min.js?pid=1000925&tt=g:1
[ 2612252ms] [ERROR] Attestation check for Shared Storage on https://www.googleadservices.com failed. @ https://www.googleadservices.com/pagead/managed/js/activeview/current/reach_worklet.html:0
[ 2612620ms] Failed to read a named property 'document' from 'Window': Blocked a frame with origin "https://48d21a981dbf3acaa8d10389ab821ced.safeframe.googlesyndication.com" from accessing a frame with origin "https://calamitymod.wiki.gg". Protocols, domains, and ports must match.
[ 2612672ms] [WARNING] The powerPreference option is currently ignored when calling requestAdapter() on Windows. See https://crbug.com/369219127 @ https://js.ad-score.com/score.min.js?pid=1000925&tt=g:1
[ 2616660ms] [ERROR] Failed to load resource: the server responded with a status of 404 () @ https://cs.admanmedia.com/c899400112bd5b9243b3993d9a074653.gif?puid=[UID]&redir=https%3A%2F%2Fcsync.smilewanted.com%2Fset_partner_userid_get%2Fillumin%2F%5BUID%5D&gdpr=0&gdpr_consent=:0
[ 2617557ms] [WARNING] The resource https://securepubads.g.doubleclick.net/tag/js/gpt.js was preloaded using link preload but not used within a few seconds from the window's load event. Please make sure it has an appropriate `as` value and it is preloaded intentionally. @ https://calamitymod.wiki.gg/wiki/The_Codebreaker:0
[ 2617558ms] [WARNING] The resource https://00917082-71e9-498e-8343-00c3df06b798.edge.permutive.app/00917082-71e9-498e-8343-00c3df06b798-web.js was preloaded using link preload but not used within a few seconds from the window's load event. Please make sure it has an appropriate `as` value and it is preloaded intentionally. @ https://calamitymod.wiki.gg/wiki/The_Codebreaker:0
[ 2618290ms] [ERROR] Failed to load resource: the server responded with a status of 404 (Not Found) @ https://cs.pgammedia.com/cbdb586cd68b10cee2b22c77d69571f1.gif?puid=%5bUID%5d&redir=https%3A%2F%2Fsync.lemmatechnologies.com%2Fsetuid%3Fbidder%3Dpgammedia%26uid%3D&gdpr=%5bGDPR%5d&gdpr_consent=%5bGDPR_CONSENT%5d&coppa=%5bCOPPA%5d&gpp=%5bGPP%5d&gpp_sid=%5bGPP_SID%5d:0
