[    1023ms] [INFO] %cDownload the React DevTools for a better development experience: https://react.dev/link/react-devtools font-weight:bold @ http://localhost:3000/_next/static/chunks/node_modules_next_dist_115brz8._.js:2431
[    1066ms] [LOG] [HMR] connected @ http://localhost:3000/_next/static/chunks/node_modules_next_dist_115brz8._.js:2431
[    1178ms] [LOG] [Fast Refresh] rebuilding @ http://localhost:3000/_next/static/chunks/node_modules_next_dist_115brz8._.js:2431
[    1331ms] [LOG] [Fast Refresh] done in 255ms @ http://localhost:3000/_next/static/chunks/node_modules_next_dist_115brz8._.js:2431
[    1516ms] [WARNING] The width(-1) and height(-1) of chart should be greater than 0,
       please check the style of container, or the props width(100%) and height(100%),
       or add a minWidth(0) or minHeight(undefined) or use aspect(undefined) to control the
       height and width. @ http://localhost:3000/_next/static/chunks/node_modules_next_dist_115brz8._.js:2431
[    1517ms] [WARNING] The width(-1) and height(-1) of chart should be greater than 0,
       please check the style of container, or the props width(100%) and height(100%),
       or add a minWidth(0) or minHeight(undefined) or use aspect(undefined) to control the
       height and width. @ http://localhost:3000/_next/static/chunks/node_modules_next_dist_115brz8._.js:2431
[    1755ms] [INFO] Loading the script 'https://va.vercel-scripts.com/v1/script.debug.js' violates the following Content Security Policy directive: "script-src 'self' 'unsafe-inline' 'unsafe-eval'". Note that 'script-src-elem' was not explicitly set, so 'script-src' is used as a fallback. The policy is report-only, so the violation has been logged but no further action has been taken. @ http://localhost:3000/_next/static/chunks/node_modules_04laho7._.js:174
[    1773ms] [LOG] %c[Vercel Web Analytics]%c Debug mode is enabled by default in development. No requests will be sent to the server. color: rgb(120, 120, 120) color: inherit @ http://localhost:3000/_next/static/chunks/node_modules_next_dist_115brz8._.js:2431
[    1773ms] [LOG] %c[Vercel Web Analytics]%c Running queued event color: rgb(120, 120, 120) color: inherit pageview {route: /app/dashboard, path: /app/dashboard} @ http://localhost:3000/_next/static/chunks/node_modules_next_dist_115brz8._.js:2431
[    1773ms] [LOG] %c[Vercel Web Analytics]%c [view] http://localhost:3000/app/dashboard color: rgb(120, 120, 120) color: inherit {o: http://localhost:3000/app/dashboard, sv: 0.1.3, sdkn: @vercel/analytics/next, sdkv: 2.0.1, ts: 1787246786403} /_vercel/insights/view @ http://localhost:3000/_next/static/chunks/node_modules_next_dist_115brz8._.js:2431
[   45468ms] [INFO] %cDownload the React DevTools for a better development experience: https://react.dev/link/react-devtools font-weight:bold @ http://localhost:3000/_next/static/chunks/node_modules_next_dist_115brz8._.js:2431
[   45489ms] [LOG] [HMR] connected @ http://localhost:3000/_next/static/chunks/node_modules_next_dist_115brz8._.js:2431
[   45935ms] [WARNING] The width(-1) and height(-1) of chart should be greater than 0,
       please check the style of container, or the props width(100%) and height(100%),
       or add a minWidth(0) or minHeight(undefined) or use aspect(undefined) to control the
       height and width. @ http://localhost:3000/_next/static/chunks/node_modules_next_dist_115brz8._.js:2431
[   45936ms] [WARNING] The width(-1) and height(-1) of chart should be greater than 0,
       please check the style of container, or the props width(100%) and height(100%),
       or add a minWidth(0) or minHeight(undefined) or use aspect(undefined) to control the
       height and width. @ http://localhost:3000/_next/static/chunks/node_modules_next_dist_115brz8._.js:2431
[   46315ms] [INFO] Loading the script 'https://va.vercel-scripts.com/v1/script.debug.js' violates the following Content Security Policy directive: "script-src 'self' 'unsafe-inline' 'unsafe-eval'". Note that 'script-src-elem' was not explicitly set, so 'script-src' is used as a fallback. The policy is report-only, so the violation has been logged but no further action has been taken. @ http://localhost:3000/_next/static/chunks/node_modules_04laho7._.js:174
[   46318ms] [LOG] %c[Vercel Web Analytics]%c Debug mode is enabled by default in development. No requests will be sent to the server. color: rgb(120, 120, 120) color: inherit @ http://localhost:3000/_next/static/chunks/node_modules_next_dist_115brz8._.js:2431
[   46318ms] [LOG] %c[Vercel Web Analytics]%c Running queued event color: rgb(120, 120, 120) color: inherit pageview {route: /app/dashboard, path: /app/dashboard} @ http://localhost:3000/_next/static/chunks/node_modules_next_dist_115brz8._.js:2431
[   46318ms] [LOG] %c[Vercel Web Analytics]%c [view] http://localhost:3000/app/dashboard color: rgb(120, 120, 120) color: inherit {o: http://localhost:3000/app/dashboard, sv: 0.1.3, sdkn: @vercel/analytics/next, sdkv: 2.0.1, ts: 1787246830947} /_vercel/insights/view @ http://localhost:3000/_next/static/chunks/node_modules_next_dist_115brz8._.js:2431
[   47895ms] [LOG] [Fast Refresh] rebuilding @ http://localhost:3000/_next/static/chunks/node_modules_next_dist_115brz8._.js:2431
[   48519ms] [LOG] [Fast Refresh] done in 738ms @ http://localhost:3000/_next/static/chunks/node_modules_next_dist_115brz8._.js:2431
[   48891ms] [INFO] %cDownload the React DevTools for a better development experience: https://react.dev/link/react-devtools font-weight:bold @ http://localhost:3000/_next/static/chunks/node_modules_next_dist_115brz8._.js:2431
[   48908ms] [LOG] [HMR] connected @ http://localhost:3000/_next/static/chunks/node_modules_next_dist_115brz8._.js:2431
[   50367ms] [INFO] Loading the script 'https://va.vercel-scripts.com/v1/script.debug.js' violates the following Content Security Policy directive: "script-src 'self' 'unsafe-inline' 'unsafe-eval'". Note that 'script-src-elem' was not explicitly set, so 'script-src' is used as a fallback. The policy is report-only, so the violation has been logged but no further action has been taken. @ http://localhost:3000/_next/static/chunks/node_modules_04laho7._.js:174
[   50369ms] [LOG] %c[Vercel Web Analytics]%c Debug mode is enabled by default in development. No requests will be sent to the server. color: rgb(120, 120, 120) color: inherit @ http://localhost:3000/_next/static/chunks/node_modules_next_dist_115brz8._.js:2431
[   50369ms] [LOG] %c[Vercel Web Analytics]%c Running queued event color: rgb(120, 120, 120) color: inherit pageview {route: /app/inventory, path: /app/inventory} @ http://localhost:3000/_next/static/chunks/node_modules_next_dist_115brz8._.js:2431
[   50369ms] [LOG] %c[Vercel Web Analytics]%c [view] http://localhost:3000/app/inventory color: rgb(120, 120, 120) color: inherit {o: http://localhost:3000/app/inventory, sv: 0.1.3, sdkn: @vercel/analytics/next, sdkv: 2.0.1, ts: 1787246834999} /_vercel/insights/view @ http://localhost:3000/_next/static/chunks/node_modules_next_dist_115brz8._.js:2431
[   51934ms] [LOG] [Fast Refresh] rebuilding @ http://localhost:3000/_next/static/chunks/node_modules_next_dist_115brz8._.js:2431
[   52681ms] [LOG] [Fast Refresh] done in 847ms @ http://localhost:3000/_next/static/chunks/node_modules_next_dist_115brz8._.js:2431
[   53090ms] [INFO] %cDownload the React DevTools for a better development experience: https://react.dev/link/react-devtools font-weight:bold @ http://localhost:3000/_next/static/chunks/node_modules_next_dist_115brz8._.js:2431
[   53107ms] [LOG] [HMR] connected @ http://localhost:3000/_next/static/chunks/node_modules_next_dist_115brz8._.js:2431
[   53702ms] [WARNING] The width(-1) and height(-1) of chart should be greater than 0,
       please check the style of container, or the props width(100%) and height(100%),
       or add a minWidth(0) or minHeight(undefined) or use aspect(undefined) to control the
       height and width. @ http://localhost:3000/_next/static/chunks/node_modules_next_dist_115brz8._.js:2431
[   53702ms] [WARNING] The width(-1) and height(-1) of chart should be greater than 0,
       please check the style of container, or the props width(100%) and height(100%),
       or add a minWidth(0) or minHeight(undefined) or use aspect(undefined) to control the
       height and width. @ http://localhost:3000/_next/static/chunks/node_modules_next_dist_115brz8._.js:2431
[   53708ms] [WARNING] The width(-1) and height(-1) of chart should be greater than 0,
       please check the style of container, or the props width(100%) and height(100%),
       or add a minWidth(0) or minHeight(undefined) or use aspect(undefined) to control the
       height and width. @ http://localhost:3000/_next/static/chunks/node_modules_next_dist_115brz8._.js:2431
[   53709ms] [WARNING] The width(-1) and height(-1) of chart should be greater than 0,
       please check the style of container, or the props width(100%) and height(100%),
       or add a minWidth(0) or minHeight(undefined) or use aspect(undefined) to control the
       height and width. @ http://localhost:3000/_next/static/chunks/node_modules_next_dist_115brz8._.js:2431
[   53713ms] [WARNING] The width(-1) and height(-1) of chart should be greater than 0,
       please check the style of container, or the props width(100%) and height(100%),
       or add a minWidth(0) or minHeight(undefined) or use aspect(undefined) to control the
       height and width. @ http://localhost:3000/_next/static/chunks/node_modules_next_dist_115brz8._.js:2431
[   53713ms] [WARNING] The width(-1) and height(-1) of chart should be greater than 0,
       please check the style of container, or the props width(100%) and height(100%),
       or add a minWidth(0) or minHeight(undefined) or use aspect(undefined) to control the
       height and width. @ http://localhost:3000/_next/static/chunks/node_modules_next_dist_115brz8._.js:2431
[   53718ms] [WARNING] The width(-1) and height(-1) of chart should be greater than 0,
       please check the style of container, or the props width(100%) and height(100%),
       or add a minWidth(0) or minHeight(undefined) or use aspect(undefined) to control the
       height and width. @ http://localhost:3000/_next/static/chunks/node_modules_next_dist_115brz8._.js:2431
[   53718ms] [WARNING] The width(-1) and height(-1) of chart should be greater than 0,
       please check the style of container, or the props width(100%) and height(100%),
       or add a minWidth(0) or minHeight(undefined) or use aspect(undefined) to control the
       height and width. @ http://localhost:3000/_next/static/chunks/node_modules_next_dist_115brz8._.js:2431
[   53721ms] [WARNING] The width(-1) and height(-1) of chart should be greater than 0,
       please check the style of container, or the props width(100%) and height(100%),
       or add a minWidth(0) or minHeight(undefined) or use aspect(undefined) to control the
       height and width. @ http://localhost:3000/_next/static/chunks/node_modules_next_dist_115brz8._.js:2431
[   53721ms] [WARNING] The width(-1) and height(-1) of chart should be greater than 0,
       please check the style of container, or the props width(100%) and height(100%),
       or add a minWidth(0) or minHeight(undefined) or use aspect(undefined) to control the
       height and width. @ http://localhost:3000/_next/static/chunks/node_modules_next_dist_115brz8._.js:2431
[   53728ms] [WARNING] The width(-1) and height(-1) of chart should be greater than 0,
       please check the style of container, or the props width(100%) and height(100%),
       or add a minWidth(0) or minHeight(undefined) or use aspect(undefined) to control the
       height and width. @ http://localhost:3000/_next/static/chunks/node_modules_next_dist_115brz8._.js:2431
[   53729ms] [WARNING] The width(-1) and height(-1) of chart should be greater than 0,
       please check the style of container, or the props width(100%) and height(100%),
       or add a minWidth(0) or minHeight(undefined) or use aspect(undefined) to control the
       height and width. @ http://localhost:3000/_next/static/chunks/node_modules_next_dist_115brz8._.js:2431
[   54358ms] [INFO] Loading the script 'https://va.vercel-scripts.com/v1/script.debug.js' violates the following Content Security Policy directive: "script-src 'self' 'unsafe-inline' 'unsafe-eval'". Note that 'script-src-elem' was not explicitly set, so 'script-src' is used as a fallback. The policy is report-only, so the violation has been logged but no further action has been taken. @ http://localhost:3000/_next/static/chunks/node_modules_04laho7._.js:174
[   54363ms] [LOG] %c[Vercel Web Analytics]%c Debug mode is enabled by default in development. No requests will be sent to the server. color: rgb(120, 120, 120) color: inherit @ http://localhost:3000/_next/static/chunks/node_modules_next_dist_115brz8._.js:2431
[   54363ms] [LOG] %c[Vercel Web Analytics]%c Running queued event color: rgb(120, 120, 120) color: inherit pageview {route: /app/inventory/analytics, path: /app/inventory/analytics} @ http://localhost:3000/_next/static/chunks/node_modules_next_dist_115brz8._.js:2431
[   54363ms] [LOG] %c[Vercel Web Analytics]%c [view] http://localhost:3000/app/inventory/analytics color: rgb(120, 120, 120) color: inherit {o: http://localhost:3000/app/inventory/analytics, sv: 0.1.3, sdkn: @vercel/analytics/next, sdkv: 2.0.1, ts: 1787246838993} /_vercel/insights/view @ http://localhost:3000/_next/static/chunks/node_modules_next_dist_115brz8._.js:2431
[   56537ms] [INFO] %cDownload the React DevTools for a better development experience: https://react.dev/link/react-devtools font-weight:bold @ http://localhost:3000/_next/static/chunks/node_modules_next_dist_115brz8._.js:2431
[   56554ms] [LOG] [HMR] connected @ http://localhost:3000/_next/static/chunks/node_modules_next_dist_115brz8._.js:2431
[   56667ms] [LOG] [Fast Refresh] rebuilding @ http://localhost:3000/_next/static/chunks/node_modules_next_dist_115brz8._.js:2431
[   56675ms] [LOG] [Fast Refresh] done in 110ms @ http://localhost:3000/_next/static/chunks/node_modules_next_dist_115brz8._.js:2431
[   57183ms] [INFO] Loading the script 'https://va.vercel-scripts.com/v1/script.debug.js' violates the following Content Security Policy directive: "script-src 'self' 'unsafe-inline' 'unsafe-eval'". Note that 'script-src-elem' was not explicitly set, so 'script-src' is used as a fallback. The policy is report-only, so the violation has been logged but no further action has been taken. @ http://localhost:3000/_next/static/chunks/node_modules_04laho7._.js:174
[   57185ms] [LOG] %c[Vercel Web Analytics]%c Debug mode is enabled by default in development. No requests will be sent to the server. color: rgb(120, 120, 120) color: inherit @ http://localhost:3000/_next/static/chunks/node_modules_next_dist_115brz8._.js:2431
[   57185ms] [LOG] %c[Vercel Web Analytics]%c Running queued event color: rgb(120, 120, 120) color: inherit pageview {route: /app/inventory/setup, path: /app/inventory/setup} @ http://localhost:3000/_next/static/chunks/node_modules_next_dist_115brz8._.js:2431
[   57185ms] [LOG] %c[Vercel Web Analytics]%c [view] http://localhost:3000/app/inventory/setup color: rgb(120, 120, 120) color: inherit {o: http://localhost:3000/app/inventory/setup, sv: 0.1.3, sdkn: @vercel/analytics/next, sdkv: 2.0.1, ts: 1787246841815} /_vercel/insights/view @ http://localhost:3000/_next/static/chunks/node_modules_next_dist_115brz8._.js:2431
[   58748ms] [LOG] [Fast Refresh] rebuilding @ http://localhost:3000/_next/static/chunks/node_modules_next_dist_115brz8._.js:2431
[   59120ms] [LOG] [Fast Refresh] done in 474ms @ http://localhost:3000/_next/static/chunks/node_modules_next_dist_115brz8._.js:2431
[   59481ms] [INFO] %cDownload the React DevTools for a better development experience: https://react.dev/link/react-devtools font-weight:bold @ http://localhost:3000/_next/static/chunks/node_modules_next_dist_115brz8._.js:2431
[   59494ms] [LOG] [HMR] connected @ http://localhost:3000/_next/static/chunks/node_modules_next_dist_115brz8._.js:2431
[   60130ms] [INFO] Loading the script 'https://va.vercel-scripts.com/v1/script.debug.js' violates the following Content Security Policy directive: "script-src 'self' 'unsafe-inline' 'unsafe-eval'". Note that 'script-src-elem' was not explicitly set, so 'script-src' is used as a fallback. The policy is report-only, so the violation has been logged but no further action has been taken. @ http://localhost:3000/_next/static/chunks/node_modules_04laho7._.js:174
[   60131ms] [LOG] %c[Vercel Web Analytics]%c Debug mode is enabled by default in development. No requests will be sent to the server. color: rgb(120, 120, 120) color: inherit @ http://localhost:3000/_next/static/chunks/node_modules_next_dist_115brz8._.js:2431
[   60132ms] [LOG] %c[Vercel Web Analytics]%c Running queued event color: rgb(120, 120, 120) color: inherit pageview {route: /app/inventory/weigh, path: /app/inventory/weigh} @ http://localhost:3000/_next/static/chunks/node_modules_next_dist_115brz8._.js:2431
[   60132ms] [LOG] %c[Vercel Web Analytics]%c [view] http://localhost:3000/app/inventory/weigh color: rgb(120, 120, 120) color: inherit {o: http://localhost:3000/app/inventory/weigh, sv: 0.1.3, sdkn: @vercel/analytics/next, sdkv: 2.0.1, ts: 1787246844761} /_vercel/insights/view @ http://localhost:3000/_next/static/chunks/node_modules_next_dist_115brz8._.js:2431
[   61702ms] [LOG] [Fast Refresh] rebuilding @ http://localhost:3000/_next/static/chunks/node_modules_next_dist_115brz8._.js:2431
[   62078ms] [LOG] [Fast Refresh] done in 477ms @ http://localhost:3000/_next/static/chunks/node_modules_next_dist_115brz8._.js:2431
[   62434ms] [INFO] %cDownload the React DevTools for a better development experience: https://react.dev/link/react-devtools font-weight:bold @ http://localhost:3000/_next/static/chunks/node_modules_next_dist_115brz8._.js:2431
[   62453ms] [LOG] [HMR] connected @ http://localhost:3000/_next/static/chunks/node_modules_next_dist_115brz8._.js:2431
[   63771ms] [INFO] Loading the script 'https://va.vercel-scripts.com/v1/script.debug.js' violates the following Content Security Policy directive: "script-src 'self' 'unsafe-inline' 'unsafe-eval'". Note that 'script-src-elem' was not explicitly set, so 'script-src' is used as a fallback. The policy is report-only, so the violation has been logged but no further action has been taken. @ http://localhost:3000/_next/static/chunks/node_modules_04laho7._.js:174
[   63778ms] [WARNING] The width(-1) and height(-1) of chart should be greater than 0,
       please check the style of container, or the props width(100%) and height(100%),
       or add a minWidth(0) or minHeight(undefined) or use aspect(undefined) to control the
       height and width. @ http://localhost:3000/_next/static/chunks/node_modules_next_dist_115brz8._.js:2431
[   63779ms] [WARNING] The width(-1) and height(-1) of chart should be greater than 0,
       please check the style of container, or the props width(100%) and height(100%),
       or add a minWidth(0) or minHeight(undefined) or use aspect(undefined) to control the
       height and width. @ http://localhost:3000/_next/static/chunks/node_modules_next_dist_115brz8._.js:2431
[   63818ms] [LOG] %c[Vercel Web Analytics]%c Debug mode is enabled by default in development. No requests will be sent to the server. color: rgb(120, 120, 120) color: inherit @ http://localhost:3000/_next/static/chunks/node_modules_next_dist_115brz8._.js:2431
[   63818ms] [LOG] %c[Vercel Web Analytics]%c Running queued event color: rgb(120, 120, 120) color: inherit pageview {route: /app/payroll, path: /app/payroll} @ http://localhost:3000/_next/static/chunks/node_modules_next_dist_115brz8._.js:2431
[   63818ms] [LOG] %c[Vercel Web Analytics]%c [view] http://localhost:3000/app/payroll color: rgb(120, 120, 120) color: inherit {o: http://localhost:3000/app/payroll, sv: 0.1.3, sdkn: @vercel/analytics/next, sdkv: 2.0.1, ts: 1787246848447} /_vercel/insights/view @ http://localhost:3000/_next/static/chunks/node_modules_next_dist_115brz8._.js:2431
[   65448ms] [LOG] [Fast Refresh] rebuilding @ http://localhost:3000/_next/static/chunks/node_modules_next_dist_115brz8._.js:2431
[   66515ms] [LOG] [Fast Refresh] done in 1170ms @ http://localhost:3000/_next/static/chunks/node_modules_next_dist_115brz8._.js:2431
[   66861ms] [INFO] %cDownload the React DevTools for a better development experience: https://react.dev/link/react-devtools font-weight:bold @ http://localhost:3000/_next/static/chunks/node_modules_next_dist_115brz8._.js:2431
[   66877ms] [LOG] [HMR] connected @ http://localhost:3000/_next/static/chunks/node_modules_next_dist_115brz8._.js:2431
[   67445ms] [INFO] Loading the script 'https://va.vercel-scripts.com/v1/script.debug.js' violates the following Content Security Policy directive: "script-src 'self' 'unsafe-inline' 'unsafe-eval'". Note that 'script-src-elem' was not explicitly set, so 'script-src' is used as a fallback. The policy is report-only, so the violation has been logged but no further action has been taken. @ http://localhost:3000/_next/static/chunks/node_modules_04laho7._.js:174
[   67449ms] [LOG] %c[Vercel Web Analytics]%c Debug mode is enabled by default in development. No requests will be sent to the server. color: rgb(120, 120, 120) color: inherit @ http://localhost:3000/_next/static/chunks/node_modules_next_dist_115brz8._.js:2431
[   67450ms] [LOG] %c[Vercel Web Analytics]%c Running queued event color: rgb(120, 120, 120) color: inherit pageview {route: /app/payroll/direct-deposit, path: /app/payroll/direct-deposit} @ http://localhost:3000/_next/static/chunks/node_modules_next_dist_115brz8._.js:2431
[   67450ms] [LOG] %c[Vercel Web Analytics]%c [view] http://localhost:3000/app/payroll/direct-deposit color: rgb(120, 120, 120) color: inherit {o: http://localhost:3000/app/payroll/direct-deposit, sv: 0.1.3, sdkn: @vercel/analytics/next, sdkv: 2.0.1, ts: 1787246852080} /_vercel/insights/view @ http://localhost:3000/_next/static/chunks/node_modules_next_dist_115brz8._.js:2431
[   69013ms] [LOG] [Fast Refresh] rebuilding @ http://localhost:3000/_next/static/chunks/node_modules_next_dist_115brz8._.js:2431
[   69489ms] [LOG] [Fast Refresh] done in 583ms @ http://localhost:3000/_next/static/chunks/node_modules_next_dist_115brz8._.js:2431
[   69967ms] [INFO] %cDownload the React DevTools for a better development experience: https://react.dev/link/react-devtools font-weight:bold @ http://localhost:3000/_next/static/chunks/node_modules_next_dist_115brz8._.js:2431
[   69987ms] [LOG] [HMR] connected @ http://localhost:3000/_next/static/chunks/node_modules_next_dist_115brz8._.js:2431
[   70584ms] [INFO] Loading the script 'https://va.vercel-scripts.com/v1/script.debug.js' violates the following Content Security Policy directive: "script-src 'self' 'unsafe-inline' 'unsafe-eval'". Note that 'script-src-elem' was not explicitly set, so 'script-src' is used as a fallback. The policy is report-only, so the violation has been logged but no further action has been taken. @ http://localhost:3000/_next/static/chunks/node_modules_04laho7._.js:174
[   70586ms] [LOG] %c[Vercel Web Analytics]%c Debug mode is enabled by default in development. No requests will be sent to the server. color: rgb(120, 120, 120) color: inherit @ http://localhost:3000/_next/static/chunks/node_modules_next_dist_115brz8._.js:2431
[   70586ms] [LOG] %c[Vercel Web Analytics]%c Running queued event color: rgb(120, 120, 120) color: inherit pageview {route: /app/payroll/employees, path: /app/payroll/employees} @ http://localhost:3000/_next/static/chunks/node_modules_next_dist_115brz8._.js:2431
[   70587ms] [LOG] %c[Vercel Web Analytics]%c [view] http://localhost:3000/app/payroll/employees color: rgb(120, 120, 120) color: inherit {o: http://localhost:3000/app/payroll/employees, sv: 0.1.3, sdkn: @vercel/analytics/next, sdkv: 2.0.1, ts: 1787246855216} /_vercel/insights/view @ http://localhost:3000/_next/static/chunks/node_modules_next_dist_115brz8._.js:2431
[   72150ms] [LOG] [Fast Refresh] rebuilding @ http://localhost:3000/_next/static/chunks/node_modules_next_dist_115brz8._.js:2431
[   72643ms] [LOG] [Fast Refresh] done in 597ms @ http://localhost:3000/_next/static/chunks/node_modules_next_dist_115brz8._.js:2431
[   72974ms] [INFO] %cDownload the React DevTools for a better development experience: https://react.dev/link/react-devtools font-weight:bold @ http://localhost:3000/_next/static/chunks/node_modules_next_dist_115brz8._.js:2431
[   72990ms] [LOG] [HMR] connected @ http://localhost:3000/_next/static/chunks/node_modules_next_dist_115brz8._.js:2431
[   73578ms] [INFO] Loading the script 'https://va.vercel-scripts.com/v1/script.debug.js' violates the following Content Security Policy directive: "script-src 'self' 'unsafe-inline' 'unsafe-eval'". Note that 'script-src-elem' was not explicitly set, so 'script-src' is used as a fallback. The policy is report-only, so the violation has been logged but no further action has been taken. @ http://localhost:3000/_next/static/chunks/node_modules_04laho7._.js:174
[   73580ms] [LOG] %c[Vercel Web Analytics]%c Debug mode is enabled by default in development. No requests will be sent to the server. color: rgb(120, 120, 120) color: inherit @ http://localhost:3000/_next/static/chunks/node_modules_next_dist_115brz8._.js:2431
[   73580ms] [LOG] %c[Vercel Web Analytics]%c Running queued event color: rgb(120, 120, 120) color: inherit pageview {route: /app/payroll/review, path: /app/payroll/review} @ http://localhost:3000/_next/static/chunks/node_modules_next_dist_115brz8._.js:2431
[   73580ms] [LOG] %c[Vercel Web Analytics]%c [view] http://localhost:3000/app/payroll/review color: rgb(120, 120, 120) color: inherit {o: http://localhost:3000/app/payroll/review, sv: 0.1.3, sdkn: @vercel/analytics/next, sdkv: 2.0.1, ts: 1787246858210} /_vercel/insights/view @ http://localhost:3000/_next/static/chunks/node_modules_next_dist_115brz8._.js:2431
[   73696ms] [LOG] [Fast Refresh] rebuilding @ http://localhost:3000/_next/static/chunks/node_modules_next_dist_115brz8._.js:2431
[   73708ms] [LOG] [Fast Refresh] done in 114ms @ http://localhost:3000/_next/static/chunks/node_modules_next_dist_115brz8._.js:2431
[   75640ms] [LOG] [Fast Refresh] rebuilding @ http://localhost:3000/_next/static/chunks/node_modules_next_dist_115brz8._.js:2431
[   76165ms] [LOG] [Fast Refresh] done in 629ms @ http://localhost:3000/_next/static/chunks/node_modules_next_dist_115brz8._.js:2431
[   76559ms] [INFO] %cDownload the React DevTools for a better development experience: https://react.dev/link/react-devtools font-weight:bold @ http://localhost:3000/_next/static/chunks/node_modules_next_dist_115brz8._.js:2431
[   76598ms] [LOG] [HMR] connected @ http://localhost:3000/_next/static/chunks/node_modules_next_dist_115brz8._.js:2431
[   78731ms] [INFO] Loading the script 'https://va.vercel-scripts.com/v1/script.debug.js' violates the following Content Security Policy directive: "script-src 'self' 'unsafe-inline' 'unsafe-eval'". Note that 'script-src-elem' was not explicitly set, so 'script-src' is used as a fallback. The policy is report-only, so the violation has been logged but no further action has been taken. @ http://localhost:3000/_next/static/chunks/node_modules_04laho7._.js:174
[   78734ms] [LOG] %c[Vercel Web Analytics]%c Debug mode is enabled by default in development. No requests will be sent to the server. color: rgb(120, 120, 120) color: inherit @ http://localhost:3000/_next/static/chunks/node_modules_next_dist_115brz8._.js:2431
[   78735ms] [LOG] %c[Vercel Web Analytics]%c Running queued event color: rgb(120, 120, 120) color: inherit pageview {route: /app/payroll/split, path: /app/payroll/split} @ http://localhost:3000/_next/static/chunks/node_modules_next_dist_115brz8._.js:2431
[   78735ms] [LOG] %c[Vercel Web Analytics]%c [view] http://localhost:3000/app/payroll/split color: rgb(120, 120, 120) color: inherit {o: http://localhost:3000/app/payroll/split, sv: 0.1.3, sdkn: @vercel/analytics/next, sdkv: 2.0.1, ts: 1787246863365} /_vercel/insights/view @ http://localhost:3000/_next/static/chunks/node_modules_next_dist_115brz8._.js:2431
[   80316ms] [LOG] [Fast Refresh] rebuilding @ http://localhost:3000/_next/static/chunks/node_modules_next_dist_115brz8._.js:2431
[   81060ms] [LOG] [Fast Refresh] done in 853ms @ http://localhost:3000/_next/static/chunks/node_modules_next_dist_115brz8._.js:2431
[   81532ms] [INFO] %cDownload the React DevTools for a better development experience: https://react.dev/link/react-devtools font-weight:bold @ http://localhost:3000/_next/static/chunks/node_modules_next_dist_115brz8._.js:2431
[   81555ms] [LOG] [HMR] connected @ http://localhost:3000/_next/static/chunks/node_modules_next_dist_115brz8._.js:2431
[   82159ms] [INFO] Loading the script 'https://va.vercel-scripts.com/v1/script.debug.js' violates the following Content Security Policy directive: "script-src 'self' 'unsafe-inline' 'unsafe-eval'". Note that 'script-src-elem' was not explicitly set, so 'script-src' is used as a fallback. The policy is report-only, so the violation has been logged but no further action has been taken. @ http://localhost:3000/_next/static/chunks/node_modules_04laho7._.js:174
[   82162ms] [LOG] %c[Vercel Web Analytics]%c Debug mode is enabled by default in development. No requests will be sent to the server. color: rgb(120, 120, 120) color: inherit @ http://localhost:3000/_next/static/chunks/node_modules_next_dist_115brz8._.js:2431
[   82162ms] [LOG] %c[Vercel Web Analytics]%c Running queued event color: rgb(120, 120, 120) color: inherit pageview {route: /app/reps, path: /app/reps} @ http://localhost:3000/_next/static/chunks/node_modules_next_dist_115brz8._.js:2431
[   82162ms] [LOG] %c[Vercel Web Analytics]%c [view] http://localhost:3000/app/reps color: rgb(120, 120, 120) color: inherit {o: http://localhost:3000/app/reps, sv: 0.1.3, sdkn: @vercel/analytics/next, sdkv: 2.0.1, ts: 1787246866792} /_vercel/insights/view @ http://localhost:3000/_next/static/chunks/node_modules_next_dist_115brz8._.js:2431
[   83743ms] [LOG] [Fast Refresh] rebuilding @ http://localhost:3000/_next/static/chunks/node_modules_next_dist_115brz8._.js:2431
[   84101ms] [LOG] [Fast Refresh] done in 467ms @ http://localhost:3000/_next/static/chunks/node_modules_next_dist_115brz8._.js:2431
[   84618ms] [INFO] %cDownload the React DevTools for a better development experience: https://react.dev/link/react-devtools font-weight:bold @ http://localhost:3000/_next/static/chunks/node_modules_next_dist_115brz8._.js:2431
[   84645ms] [LOG] [HMR] connected @ http://localhost:3000/_next/static/chunks/node_modules_next_dist_115brz8._.js:2431
[   85380ms] [INFO] Loading the script 'https://va.vercel-scripts.com/v1/script.debug.js' violates the following Content Security Policy directive: "script-src 'self' 'unsafe-inline' 'unsafe-eval'". Note that 'script-src-elem' was not explicitly set, so 'script-src' is used as a fallback. The policy is report-only, so the violation has been logged but no further action has been taken. @ http://localhost:3000/_next/static/chunks/node_modules_04laho7._.js:174
[   85387ms] [LOG] %c[Vercel Web Analytics]%c Debug mode is enabled by default in development. No requests will be sent to the server. color: rgb(120, 120, 120) color: inherit @ http://localhost:3000/_next/static/chunks/node_modules_next_dist_115brz8._.js:2431
[   85388ms] [LOG] %c[Vercel Web Analytics]%c Running queued event color: rgb(120, 120, 120) color: inherit pageview {route: /app/settings, path: /app/settings} @ http://localhost:3000/_next/static/chunks/node_modules_next_dist_115brz8._.js:2431
[   85388ms] [LOG] %c[Vercel Web Analytics]%c [view] http://localhost:3000/app/settings color: rgb(120, 120, 120) color: inherit {o: http://localhost:3000/app/settings, sv: 0.1.3, sdkn: @vercel/analytics/next, sdkv: 2.0.1, ts: 1787246870017} /_vercel/insights/view @ http://localhost:3000/_next/static/chunks/node_modules_next_dist_115brz8._.js:2431
[   86977ms] [LOG] [Fast Refresh] rebuilding @ http://localhost:3000/_next/static/chunks/node_modules_next_dist_115brz8._.js:2431
[   87485ms] [LOG] [Fast Refresh] done in 622ms @ http://localhost:3000/_next/static/chunks/node_modules_next_dist_115brz8._.js:2431
[   87861ms] [INFO] %cDownload the React DevTools for a better development experience: https://react.dev/link/react-devtools font-weight:bold @ http://localhost:3000/_next/static/chunks/node_modules_next_dist_115brz8._.js:2431
[   87877ms] [LOG] [HMR] connected @ http://localhost:3000/_next/static/chunks/node_modules_next_dist_115brz8._.js:2431
[   88517ms] [INFO] Loading the script 'https://va.vercel-scripts.com/v1/script.debug.js' violates the following Content Security Policy directive: "script-src 'self' 'unsafe-inline' 'unsafe-eval'". Note that 'script-src-elem' was not explicitly set, so 'script-src' is used as a fallback. The policy is report-only, so the violation has been logged but no further action has been taken. @ http://localhost:3000/_next/static/chunks/node_modules_04laho7._.js:174
[   88519ms] [LOG] %c[Vercel Web Analytics]%c Debug mode is enabled by default in development. No requests will be sent to the server. color: rgb(120, 120, 120) color: inherit @ http://localhost:3000/_next/static/chunks/node_modules_next_dist_115brz8._.js:2431
[   88520ms] [LOG] %c[Vercel Web Analytics]%c Running queued event color: rgb(120, 120, 120) color: inherit pageview {route: /app/tax, path: /app/tax} @ http://localhost:3000/_next/static/chunks/node_modules_next_dist_115brz8._.js:2431
[   88520ms] [LOG] %c[Vercel Web Analytics]%c [view] http://localhost:3000/app/tax color: rgb(120, 120, 120) color: inherit {o: http://localhost:3000/app/tax, sv: 0.1.3, sdkn: @vercel/analytics/next, sdkv: 2.0.1, ts: 1787246873149} /_vercel/insights/view @ http://localhost:3000/_next/static/chunks/node_modules_next_dist_115brz8._.js:2431
[   90093ms] [LOG] [Fast Refresh] rebuilding @ http://localhost:3000/_next/static/chunks/node_modules_next_dist_115brz8._.js:2431
[   91767ms] [LOG] [Fast Refresh] done in 1786ms @ http://localhost:3000/_next/static/chunks/node_modules_next_dist_115brz8._.js:2431
[   92107ms] [INFO] %cDownload the React DevTools for a better development experience: https://react.dev/link/react-devtools font-weight:bold @ http://localhost:3000/_next/static/chunks/node_modules_next_dist_115brz8._.js:2431
[   92131ms] [LOG] [HMR] connected @ http://localhost:3000/_next/static/chunks/node_modules_next_dist_115brz8._.js:2431
[   92587ms] [WARNING] The width(-1) and height(-1) of chart should be greater than 0,
       please check the style of container, or the props width(100%) and height(100%),
       or add a minWidth(0) or minHeight(undefined) or use aspect(undefined) to control the
       height and width. @ http://localhost:3000/_next/static/chunks/node_modules_next_dist_115brz8._.js:2431
[   92588ms] [WARNING] The width(-1) and height(-1) of chart should be greater than 0,
       please check the style of container, or the props width(100%) and height(100%),
       or add a minWidth(0) or minHeight(undefined) or use aspect(undefined) to control the
       height and width. @ http://localhost:3000/_next/static/chunks/node_modules_next_dist_115brz8._.js:2431
[   92830ms] [INFO] Loading the script 'https://va.vercel-scripts.com/v1/script.debug.js' violates the following Content Security Policy directive: "script-src 'self' 'unsafe-inline' 'unsafe-eval'". Note that 'script-src-elem' was not explicitly set, so 'script-src' is used as a fallback. The policy is report-only, so the violation has been logged but no further action has been taken. @ http://localhost:3000/_next/static/chunks/node_modules_04laho7._.js:174
[   92833ms] [LOG] %c[Vercel Web Analytics]%c Debug mode is enabled by default in development. No requests will be sent to the server. color: rgb(120, 120, 120) color: inherit @ http://localhost:3000/_next/static/chunks/node_modules_next_dist_115brz8._.js:2431
[   92834ms] [LOG] %c[Vercel Web Analytics]%c Running queued event color: rgb(120, 120, 120) color: inherit pageview {route: /app/tips, path: /app/tips} @ http://localhost:3000/_next/static/chunks/node_modules_next_dist_115brz8._.js:2431
[   92834ms] [LOG] %c[Vercel Web Analytics]%c [view] http://localhost:3000/app/tips color: rgb(120, 120, 120) color: inherit {o: http://localhost:3000/app/tips, sv: 0.1.3, sdkn: @vercel/analytics/next, sdkv: 2.0.1, ts: 1787246877464} /_vercel/insights/view @ http://localhost:3000/_next/static/chunks/node_modules_next_dist_115brz8._.js:2431
[   94410ms] [LOG] [Fast Refresh] rebuilding @ http://localhost:3000/_next/static/chunks/node_modules_next_dist_115brz8._.js:2431
[   95586ms] [LOG] [Fast Refresh] done in 1282ms @ http://localhost:3000/_next/static/chunks/node_modules_next_dist_115brz8._.js:2431
[   95941ms] [INFO] %cDownload the React DevTools for a better development experience: https://react.dev/link/react-devtools font-weight:bold @ http://localhost:3000/_next/static/chunks/node_modules_next_dist_115brz8._.js:2431
[   95975ms] [LOG] [HMR] connected @ http://localhost:3000/_next/static/chunks/node_modules_next_dist_115brz8._.js:2431
[   96158ms] [LOG] [Fast Refresh] rebuilding @ http://localhost:3000/_next/static/chunks/node_modules_next_dist_115brz8._.js:2431
[   96165ms] [LOG] [Fast Refresh] done in 110ms @ http://localhost:3000/_next/static/chunks/node_modules_next_dist_115brz8._.js:2431
[   96806ms] [INFO] Loading the script 'https://va.vercel-scripts.com/v1/script.debug.js' violates the following Content Security Policy directive: "script-src 'self' 'unsafe-inline' 'unsafe-eval'". Note that 'script-src-elem' was not explicitly set, so 'script-src' is used as a fallback. The policy is report-only, so the violation has been logged but no further action has been taken. @ http://localhost:3000/_next/static/chunks/node_modules_04laho7._.js:174
[   96807ms] [LOG] %c[Vercel Web Analytics]%c Debug mode is enabled by default in development. No requests will be sent to the server. color: rgb(120, 120, 120) color: inherit @ http://localhost:3000/_next/static/chunks/node_modules_next_dist_115brz8._.js:2431
[   96808ms] [LOG] %c[Vercel Web Analytics]%c Running queued event color: rgb(120, 120, 120) color: inherit pageview {route: /app/books, path: /app/books} @ http://localhost:3000/_next/static/chunks/node_modules_next_dist_115brz8._.js:2431
[   96808ms] [LOG] %c[Vercel Web Analytics]%c [view] http://localhost:3000/app/books color: rgb(120, 120, 120) color: inherit {o: http://localhost:3000/app/books, sv: 0.1.3, sdkn: @vercel/analytics/next, sdkv: 2.0.1, ts: 1787246881437} /_vercel/insights/view @ http://localhost:3000/_next/static/chunks/node_modules_next_dist_115brz8._.js:2431
[   96858ms] [WARNING] The width(-1) and height(-1) of chart should be greater than 0,
       please check the style of container, or the props width(100%) and height(100%),
       or add a minWidth(0) or minHeight(undefined) or use aspect(undefined) to control the
       height and width. @ http://localhost:3000/_next/static/chunks/node_modules_next_dist_115brz8._.js:2431
[   96858ms] [WARNING] The width(-1) and height(-1) of chart should be greater than 0,
       please check the style of container, or the props width(100%) and height(100%),
       or add a minWidth(0) or minHeight(undefined) or use aspect(undefined) to control the
       height and width. @ http://localhost:3000/_next/static/chunks/node_modules_next_dist_115brz8._.js:2431
[   96860ms] [WARNING] The width(-1) and height(-1) of chart should be greater than 0,
       please check the style of container, or the props width(100%) and height(100%),
       or add a minWidth(0) or minHeight(undefined) or use aspect(undefined) to control the
       height and width. @ http://localhost:3000/_next/static/chunks/node_modules_next_dist_115brz8._.js:2431
[   96860ms] [WARNING] The width(-1) and height(-1) of chart should be greater than 0,
       please check the style of container, or the props width(100%) and height(100%),
       or add a minWidth(0) or minHeight(undefined) or use aspect(undefined) to control the
       height and width. @ http://localhost:3000/_next/static/chunks/node_modules_next_dist_115brz8._.js:2431
[  134315ms] [INFO] %cDownload the React DevTools for a better development experience: https://react.dev/link/react-devtools font-weight:bold @ http://localhost:3000/_next/static/chunks/node_modules_next_dist_115brz8._.js:2431
[  134331ms] [LOG] [HMR] connected @ http://localhost:3000/_next/static/chunks/node_modules_next_dist_115brz8._.js:2431
[  134971ms] [INFO] Loading the script 'https://va.vercel-scripts.com/v1/script.debug.js' violates the following Content Security Policy directive: "script-src 'self' 'unsafe-inline' 'unsafe-eval'". Note that 'script-src-elem' was not explicitly set, so 'script-src' is used as a fallback. The policy is report-only, so the violation has been logged but no further action has been taken. @ http://localhost:3000/_next/static/chunks/node_modules_04laho7._.js:174
[  134975ms] [LOG] %c[Vercel Web Analytics]%c Debug mode is enabled by default in development. No requests will be sent to the server. color: rgb(120, 120, 120) color: inherit @ http://localhost:3000/_next/static/chunks/node_modules_next_dist_115brz8._.js:2431
[  134976ms] [LOG] %c[Vercel Web Analytics]%c Running queued event color: rgb(120, 120, 120) color: inherit pageview {route: /app/payroll/employees, path: /app/payroll/employees} @ http://localhost:3000/_next/static/chunks/node_modules_next_dist_115brz8._.js:2431
[  134976ms] [LOG] %c[Vercel Web Analytics]%c [view] http://localhost:3000/app/payroll/employees color: rgb(120, 120, 120) color: inherit {o: http://localhost:3000/app/payroll/employees, sv: 0.1.3, sdkn: @vercel/analytics/next, sdkv: 2.0.1, ts: 1787246919605} /_vercel/insights/view @ http://localhost:3000/_next/static/chunks/node_modules_next_dist_115brz8._.js:2431
[  136432ms] [INFO] %cDownload the React DevTools for a better development experience: https://react.dev/link/react-devtools font-weight:bold @ http://localhost:3000/_next/static/chunks/node_modules_next_dist_115brz8._.js:2431
[  136455ms] [LOG] [HMR] connected @ http://localhost:3000/_next/static/chunks/node_modules_next_dist_115brz8._.js:2431
[  137072ms] [INFO] Loading the script 'https://va.vercel-scripts.com/v1/script.debug.js' violates the following Content Security Policy directive: "script-src 'self' 'unsafe-inline' 'unsafe-eval'". Note that 'script-src-elem' was not explicitly set, so 'script-src' is used as a fallback. The policy is report-only, so the violation has been logged but no further action has been taken. @ http://localhost:3000/_next/static/chunks/node_modules_04laho7._.js:174
[  137074ms] [LOG] %c[Vercel Web Analytics]%c Debug mode is enabled by default in development. No requests will be sent to the server. color: rgb(120, 120, 120) color: inherit @ http://localhost:3000/_next/static/chunks/node_modules_next_dist_115brz8._.js:2431
[  137075ms] [LOG] %c[Vercel Web Analytics]%c Running queued event color: rgb(120, 120, 120) color: inherit pageview {route: /app/reps, path: /app/reps} @ http://localhost:3000/_next/static/chunks/node_modules_next_dist_115brz8._.js:2431
[  137075ms] [LOG] %c[Vercel Web Analytics]%c [view] http://localhost:3000/app/reps color: rgb(120, 120, 120) color: inherit {o: http://localhost:3000/app/reps, sv: 0.1.3, sdkn: @vercel/analytics/next, sdkv: 2.0.1, ts: 1787246921705} /_vercel/insights/view @ http://localhost:3000/_next/static/chunks/node_modules_next_dist_115brz8._.js:2431
[  194412ms] [LOG] [Fast Refresh] rebuilding @ http://localhost:3000/_next/static/chunks/node_modules_next_dist_115brz8._.js:2431
[  194673ms] [LOG] [Fast Refresh] done in 339ms @ http://localhost:3000/_next/static/chunks/node_modules_next_dist_115brz8._.js:2431
[  195066ms] [LOG] [Fast Refresh] rebuilding @ http://localhost:3000/_next/static/chunks/node_modules_next_dist_115brz8._.js:2431
[  195298ms] [LOG] [Fast Refresh] done in 344ms @ http://localhost:3000/_next/static/chunks/node_modules_next_dist_115brz8._.js:2431
[  195428ms] [LOG] [Fast Refresh] rebuilding @ http://localhost:3000/_next/static/chunks/node_modules_next_dist_115brz8._.js:2431
[  195711ms] [LOG] [Fast Refresh] done in 387ms @ http://localhost:3000/_next/static/chunks/node_modules_next_dist_115brz8._.js:2431
[  229530ms] [LOG] [Fast Refresh] rebuilding @ http://localhost:3000/_next/static/chunks/node_modules_next_dist_115brz8._.js:2431
[  229590ms] [LOG] [Fast Refresh] done in 166ms @ http://localhost:3000/_next/static/chunks/node_modules_next_dist_115brz8._.js:2431
[  229888ms] [LOG] [Fast Refresh] rebuilding @ http://localhost:3000/_next/static/chunks/node_modules_next_dist_115brz8._.js:2431
[  230034ms] [LOG] [Fast Refresh] done in 257ms @ http://localhost:3000/_next/static/chunks/node_modules_next_dist_115brz8._.js:2431
[  261859ms] [LOG] [Fast Refresh] rebuilding @ http://localhost:3000/_next/static/chunks/node_modules_next_dist_115brz8._.js:2431
[  262019ms] [LOG] [Fast Refresh] done in 268ms @ http://localhost:3000/_next/static/chunks/node_modules_next_dist_115brz8._.js:2431
[  262422ms] [LOG] [Fast Refresh] rebuilding @ http://localhost:3000/_next/static/chunks/node_modules_next_dist_115brz8._.js:2431
[  262760ms] [LOG] [Fast Refresh] done in 452ms @ http://localhost:3000/_next/static/chunks/node_modules_next_dist_115brz8._.js:2431
[  346250ms] [LOG] [Fast Refresh] rebuilding @ http://localhost:3000/_next/static/chunks/node_modules_next_dist_115brz8._.js:2431
[  346672ms] [LOG] [Fast Refresh] done in 529ms @ http://localhost:3000/_next/static/chunks/node_modules_next_dist_115brz8._.js:2431
[  347129ms] [INFO] %cDownload the React DevTools for a better development experience: https://react.dev/link/react-devtools font-weight:bold @ http://localhost:3000/_next/static/chunks/node_modules_next_dist_115brz8._.js:2431
[  347146ms] [LOG] [HMR] connected @ http://localhost:3000/_next/static/chunks/node_modules_next_dist_115brz8._.js:2431
[  347576ms] [WARNING] The width(-1) and height(-1) of chart should be greater than 0,
       please check the style of container, or the props width(100%) and height(100%),
       or add a minWidth(0) or minHeight(undefined) or use aspect(undefined) to control the
       height and width. @ http://localhost:3000/_next/static/chunks/node_modules_next_dist_115brz8._.js:2431
[  347577ms] [WARNING] The width(-1) and height(-1) of chart should be greater than 0,
       please check the style of container, or the props width(100%) and height(100%),
       or add a minWidth(0) or minHeight(undefined) or use aspect(undefined) to control the
       height and width. @ http://localhost:3000/_next/static/chunks/node_modules_next_dist_115brz8._.js:2431
[  347897ms] [INFO] Loading the script 'https://va.vercel-scripts.com/v1/script.debug.js' violates the following Content Security Policy directive: "script-src 'self' 'unsafe-inline' 'unsafe-eval'". Note that 'script-src-elem' was not explicitly set, so 'script-src' is used as a fallback. The policy is report-only, so the violation has been logged but no further action has been taken. @ http://localhost:3000/_next/static/chunks/node_modules_04laho7._.js:174
[  347900ms] [LOG] %c[Vercel Web Analytics]%c Debug mode is enabled by default in development. No requests will be sent to the server. color: rgb(120, 120, 120) color: inherit @ http://localhost:3000/_next/static/chunks/node_modules_next_dist_115brz8._.js:2431
[  347900ms] [LOG] %c[Vercel Web Analytics]%c Running queued event color: rgb(120, 120, 120) color: inherit pageview {route: /app/dashboard, path: /app/dashboard} @ http://localhost:3000/_next/static/chunks/node_modules_next_dist_115brz8._.js:2431
[  347900ms] [LOG] %c[Vercel Web Analytics]%c [view] http://localhost:3000/app/dashboard color: rgb(120, 120, 120) color: inherit {o: http://localhost:3000/app/dashboard, sv: 0.1.3, sdkn: @vercel/analytics/next, sdkv: 2.0.1, ts: 1787247132530} /_vercel/insights/view @ http://localhost:3000/_next/static/chunks/node_modules_next_dist_115brz8._.js:2431
[  349301ms] [LOG] [Fast Refresh] rebuilding @ http://localhost:3000/_next/static/chunks/node_modules_next_dist_115brz8._.js:2431
[  349626ms] [LOG] [Fast Refresh] done in 429ms @ http://localhost:3000/_next/static/chunks/node_modules_next_dist_115brz8._.js:2431
[  349967ms] [INFO] %cDownload the React DevTools for a better development experience: https://react.dev/link/react-devtools font-weight:bold @ http://localhost:3000/_next/static/chunks/node_modules_next_dist_115brz8._.js:2431
[  350000ms] [LOG] [HMR] connected @ http://localhost:3000/_next/static/chunks/node_modules_next_dist_115brz8._.js:2431
[  351295ms] [INFO] Loading the script 'https://va.vercel-scripts.com/v1/script.debug.js' violates the following Content Security Policy directive: "script-src 'self' 'unsafe-inline' 'unsafe-eval'". Note that 'script-src-elem' was not explicitly set, so 'script-src' is used as a fallback. The policy is report-only, so the violation has been logged but no further action has been taken. @ http://localhost:3000/_next/static/chunks/node_modules_04laho7._.js:174
[  351299ms] [LOG] %c[Vercel Web Analytics]%c Debug mode is enabled by default in development. No requests will be sent to the server. color: rgb(120, 120, 120) color: inherit @ http://localhost:3000/_next/static/chunks/node_modules_next_dist_115brz8._.js:2431
[  351299ms] [LOG] %c[Vercel Web Analytics]%c Running queued event color: rgb(120, 120, 120) color: inherit pageview {route: /app/inventory, path: /app/inventory} @ http://localhost:3000/_next/static/chunks/node_modules_next_dist_115brz8._.js:2431
[  351300ms] [LOG] %c[Vercel Web Analytics]%c [view] http://localhost:3000/app/inventory color: rgb(120, 120, 120) color: inherit {o: http://localhost:3000/app/inventory, sv: 0.1.3, sdkn: @vercel/analytics/next, sdkv: 2.0.1, ts: 1787247135928} /_vercel/insights/view @ http://localhost:3000/_next/static/chunks/node_modules_next_dist_115brz8._.js:2431
[  352729ms] [LOG] [Fast Refresh] rebuilding @ http://localhost:3000/_next/static/chunks/node_modules_next_dist_115brz8._.js:2431
[  353096ms] [LOG] [Fast Refresh] done in 476ms @ http://localhost:3000/_next/static/chunks/node_modules_next_dist_115brz8._.js:2431
[  353446ms] [INFO] %cDownload the React DevTools for a better development experience: https://react.dev/link/react-devtools font-weight:bold @ http://localhost:3000/_next/static/chunks/node_modules_next_dist_115brz8._.js:2431
[  353463ms] [LOG] [HMR] connected @ http://localhost:3000/_next/static/chunks/node_modules_next_dist_115brz8._.js:2431
[  353728ms] [WARNING] The width(-1) and height(-1) of chart should be greater than 0,
       please check the style of container, or the props width(100%) and height(100%),
       or add a minWidth(0) or minHeight(undefined) or use aspect(undefined) to control the
       height and width. @ http://localhost:3000/_next/static/chunks/node_modules_next_dist_115brz8._.js:2431
[  353729ms] [WARNING] The width(-1) and height(-1) of chart should be greater than 0,
       please check the style of container, or the props width(100%) and height(100%),
       or add a minWidth(0) or minHeight(undefined) or use aspect(undefined) to control the
       height and width. @ http://localhost:3000/_next/static/chunks/node_modules_next_dist_115brz8._.js:2431
[  353733ms] [WARNING] The width(-1) and height(-1) of chart should be greater than 0,
       please check the style of container, or the props width(100%) and height(100%),
       or add a minWidth(0) or minHeight(undefined) or use aspect(undefined) to control the
       height and width. @ http://localhost:3000/_next/static/chunks/node_modules_next_dist_115brz8._.js:2431
[  353733ms] [WARNING] The width(-1) and height(-1) of chart should be greater than 0,
       please check the style of container, or the props width(100%) and height(100%),
       or add a minWidth(0) or minHeight(undefined) or use aspect(undefined) to control the
       height and width. @ http://localhost:3000/_next/static/chunks/node_modules_next_dist_115brz8._.js:2431
[  353739ms] [WARNING] The width(-1) and height(-1) of chart should be greater than 0,
       please check the style of container, or the props width(100%) and height(100%),
       or add a minWidth(0) or minHeight(undefined) or use aspect(undefined) to control the
       height and width. @ http://localhost:3000/_next/static/chunks/node_modules_next_dist_115brz8._.js:2431
[  353739ms] [WARNING] The width(-1) and height(-1) of chart should be greater than 0,
       please check the style of container, or the props width(100%) and height(100%),
       or add a minWidth(0) or minHeight(undefined) or use aspect(undefined) to control the
       height and width. @ http://localhost:3000/_next/static/chunks/node_modules_next_dist_115brz8._.js:2431
[  353741ms] [WARNING] The width(-1) and height(-1) of chart should be greater than 0,
       please check the style of container, or the props width(100%) and height(100%),
       or add a minWidth(0) or minHeight(undefined) or use aspect(undefined) to control the
       height and width. @ http://localhost:3000/_next/static/chunks/node_modules_next_dist_115brz8._.js:2431
[  353741ms] [WARNING] The width(-1) and height(-1) of chart should be greater than 0,
       please check the style of container, or the props width(100%) and height(100%),
       or add a minWidth(0) or minHeight(undefined) or use aspect(undefined) to control the
       height and width. @ http://localhost:3000/_next/static/chunks/node_modules_next_dist_115brz8._.js:2431
[  353745ms] [WARNING] The width(-1) and height(-1) of chart should be greater than 0,
       please check the style of container, or the props width(100%) and height(100%),
       or add a minWidth(0) or minHeight(undefined) or use aspect(undefined) to control the
       height and width. @ http://localhost:3000/_next/static/chunks/node_modules_next_dist_115brz8._.js:2431
[  353745ms] [WARNING] The width(-1) and height(-1) of chart should be greater than 0,
       please check the style of container, or the props width(100%) and height(100%),
       or add a minWidth(0) or minHeight(undefined) or use aspect(undefined) to control the
       height and width. @ http://localhost:3000/_next/static/chunks/node_modules_next_dist_115brz8._.js:2431
[  353747ms] [WARNING] The width(-1) and height(-1) of chart should be greater than 0,
       please check the style of container, or the props width(100%) and height(100%),
       or add a minWidth(0) or minHeight(undefined) or use aspect(undefined) to control the
       height and width. @ http://localhost:3000/_next/static/chunks/node_modules_next_dist_115brz8._.js:2431
[  353748ms] [WARNING] The width(-1) and height(-1) of chart should be greater than 0,
       please check the style of container, or the props width(100%) and height(100%),
       or add a minWidth(0) or minHeight(undefined) or use aspect(undefined) to control the
       height and width. @ http://localhost:3000/_next/static/chunks/node_modules_next_dist_115brz8._.js:2431
[  354294ms] [INFO] Loading the script 'https://va.vercel-scripts.com/v1/script.debug.js' violates the following Content Security Policy directive: "script-src 'self' 'unsafe-inline' 'unsafe-eval'". Note that 'script-src-elem' was not explicitly set, so 'script-src' is used as a fallback. The policy is report-only, so the violation has been logged but no further action has been taken. @ http://localhost:3000/_next/static/chunks/node_modules_04laho7._.js:174
[  354297ms] [LOG] %c[Vercel Web Analytics]%c Debug mode is enabled by default in development. No requests will be sent to the server. color: rgb(120, 120, 120) color: inherit @ http://localhost:3000/_next/static/chunks/node_modules_next_dist_115brz8._.js:2431
[  354297ms] [LOG] %c[Vercel Web Analytics]%c Running queued event color: rgb(120, 120, 120) color: inherit pageview {route: /app/inventory/analytics, path: /app/inventory/analytics} @ http://localhost:3000/_next/static/chunks/node_modules_next_dist_115brz8._.js:2431
[  354297ms] [LOG] %c[Vercel Web Analytics]%c [view] http://localhost:3000/app/inventory/analytics color: rgb(120, 120, 120) color: inherit {o: http://localhost:3000/app/inventory/analytics, sv: 0.1.3, sdkn: @vercel/analytics/next, sdkv: 2.0.1, ts: 1787247138926} /_vercel/insights/view @ http://localhost:3000/_next/static/chunks/node_modules_next_dist_115brz8._.js:2431
[  355977ms] [INFO] %cDownload the React DevTools for a better development experience: https://react.dev/link/react-devtools font-weight:bold @ http://localhost:3000/_next/static/chunks/node_modules_next_dist_115brz8._.js:2431
[  356001ms] [LOG] [HMR] connected @ http://localhost:3000/_next/static/chunks/node_modules_next_dist_115brz8._.js:2431
[  356615ms] [INFO] Loading the script 'https://va.vercel-scripts.com/v1/script.debug.js' violates the following Content Security Policy directive: "script-src 'self' 'unsafe-inline' 'unsafe-eval'". Note that 'script-src-elem' was not explicitly set, so 'script-src' is used as a fallback. The policy is report-only, so the violation has been logged but no further action has been taken. @ http://localhost:3000/_next/static/chunks/node_modules_04laho7._.js:174
[  356617ms] [LOG] %c[Vercel Web Analytics]%c Debug mode is enabled by default in development. No requests will be sent to the server. color: rgb(120, 120, 120) color: inherit @ http://localhost:3000/_next/static/chunks/node_modules_next_dist_115brz8._.js:2431
[  356617ms] [LOG] %c[Vercel Web Analytics]%c Running queued event color: rgb(120, 120, 120) color: inherit pageview {route: /app/inventory/setup, path: /app/inventory/setup} @ http://localhost:3000/_next/static/chunks/node_modules_next_dist_115brz8._.js:2431
[  356618ms] [LOG] %c[Vercel Web Analytics]%c [view] http://localhost:3000/app/inventory/setup color: rgb(120, 120, 120) color: inherit {o: http://localhost:3000/app/inventory/setup, sv: 0.1.3, sdkn: @vercel/analytics/next, sdkv: 2.0.1, ts: 1787247141247} /_vercel/insights/view @ http://localhost:3000/_next/static/chunks/node_modules_next_dist_115brz8._.js:2431
[  358065ms] [LOG] [Fast Refresh] rebuilding @ http://localhost:3000/_next/static/chunks/node_modules_next_dist_115brz8._.js:2431
[  358409ms] [LOG] [Fast Refresh] done in 451ms @ http://localhost:3000/_next/static/chunks/node_modules_next_dist_115brz8._.js:2431
[  358757ms] [INFO] %cDownload the React DevTools for a better development experience: https://react.dev/link/react-devtools font-weight:bold @ http://localhost:3000/_next/static/chunks/node_modules_next_dist_115brz8._.js:2431
[  358776ms] [LOG] [HMR] connected @ http://localhost:3000/_next/static/chunks/node_modules_next_dist_115brz8._.js:2431
[  359320ms] [INFO] Loading the script 'https://va.vercel-scripts.com/v1/script.debug.js' violates the following Content Security Policy directive: "script-src 'self' 'unsafe-inline' 'unsafe-eval'". Note that 'script-src-elem' was not explicitly set, so 'script-src' is used as a fallback. The policy is report-only, so the violation has been logged but no further action has been taken. @ http://localhost:3000/_next/static/chunks/node_modules_04laho7._.js:174
[  359321ms] [LOG] %c[Vercel Web Analytics]%c Debug mode is enabled by default in development. No requests will be sent to the server. color: rgb(120, 120, 120) color: inherit @ http://localhost:3000/_next/static/chunks/node_modules_next_dist_115brz8._.js:2431
[  359321ms] [LOG] %c[Vercel Web Analytics]%c Running queued event color: rgb(120, 120, 120) color: inherit pageview {route: /app/inventory/weigh, path: /app/inventory/weigh} @ http://localhost:3000/_next/static/chunks/node_modules_next_dist_115brz8._.js:2431
[  359321ms] [LOG] %c[Vercel Web Analytics]%c [view] http://localhost:3000/app/inventory/weigh color: rgb(120, 120, 120) color: inherit {o: http://localhost:3000/app/inventory/weigh, sv: 0.1.3, sdkn: @vercel/analytics/next, sdkv: 2.0.1, ts: 1787247143950} /_vercel/insights/view @ http://localhost:3000/_next/static/chunks/node_modules_next_dist_115brz8._.js:2431
[  360895ms] [LOG] [Fast Refresh] rebuilding @ http://localhost:3000/_next/static/chunks/node_modules_next_dist_115brz8._.js:2431
[  361181ms] [LOG] [Fast Refresh] done in 386ms @ http://localhost:3000/_next/static/chunks/node_modules_next_dist_115brz8._.js:2431
[  361585ms] [INFO] %cDownload the React DevTools for a better development experience: https://react.dev/link/react-devtools font-weight:bold @ http://localhost:3000/_next/static/chunks/node_modules_next_dist_115brz8._.js:2431
[  361599ms] [LOG] [HMR] connected @ http://localhost:3000/_next/static/chunks/node_modules_next_dist_115brz8._.js:2431
[  362326ms] [WARNING] The width(-1) and height(-1) of chart should be greater than 0,
       please check the style of container, or the props width(100%) and height(100%),
       or add a minWidth(0) or minHeight(undefined) or use aspect(undefined) to control the
       height and width. @ http://localhost:3000/_next/static/chunks/node_modules_next_dist_115brz8._.js:2431
[  362326ms] [WARNING] The width(-1) and height(-1) of chart should be greater than 0,
       please check the style of container, or the props width(100%) and height(100%),
       or add a minWidth(0) or minHeight(undefined) or use aspect(undefined) to control the
       height and width. @ http://localhost:3000/_next/static/chunks/node_modules_next_dist_115brz8._.js:2431
[  362766ms] [INFO] Loading the script 'https://va.vercel-scripts.com/v1/script.debug.js' violates the following Content Security Policy directive: "script-src 'self' 'unsafe-inline' 'unsafe-eval'". Note that 'script-src-elem' was not explicitly set, so 'script-src' is used as a fallback. The policy is report-only, so the violation has been logged but no further action has been taken. @ http://localhost:3000/_next/static/chunks/node_modules_04laho7._.js:174
[  362767ms] [LOG] %c[Vercel Web Analytics]%c Debug mode is enabled by default in development. No requests will be sent to the server. color: rgb(120, 120, 120) color: inherit @ http://localhost:3000/_next/static/chunks/node_modules_next_dist_115brz8._.js:2431
[  362767ms] [LOG] %c[Vercel Web Analytics]%c Running queued event color: rgb(120, 120, 120) color: inherit pageview {route: /app/payroll, path: /app/payroll} @ http://localhost:3000/_next/static/chunks/node_modules_next_dist_115brz8._.js:2431
[  362768ms] [LOG] %c[Vercel Web Analytics]%c [view] http://localhost:3000/app/payroll color: rgb(120, 120, 120) color: inherit {o: http://localhost:3000/app/payroll, sv: 0.1.3, sdkn: @vercel/analytics/next, sdkv: 2.0.1, ts: 1787247147397} /_vercel/insights/view @ http://localhost:3000/_next/static/chunks/node_modules_next_dist_115brz8._.js:2431
[  364204ms] [LOG] [Fast Refresh] rebuilding @ http://localhost:3000/_next/static/chunks/node_modules_next_dist_115brz8._.js:2431
[  364454ms] [LOG] [Fast Refresh] done in 364ms @ http://localhost:3000/_next/static/chunks/node_modules_next_dist_115brz8._.js:2431
[  364783ms] [INFO] %cDownload the React DevTools for a better development experience: https://react.dev/link/react-devtools font-weight:bold @ http://localhost:3000/_next/static/chunks/node_modules_next_dist_115brz8._.js:2431
[  364801ms] [LOG] [HMR] connected @ http://localhost:3000/_next/static/chunks/node_modules_next_dist_115brz8._.js:2431
[  365352ms] [INFO] Loading the script 'https://va.vercel-scripts.com/v1/script.debug.js' violates the following Content Security Policy directive: "script-src 'self' 'unsafe-inline' 'unsafe-eval'". Note that 'script-src-elem' was not explicitly set, so 'script-src' is used as a fallback. The policy is report-only, so the violation has been logged but no further action has been taken. @ http://localhost:3000/_next/static/chunks/node_modules_04laho7._.js:174
[  365354ms] [LOG] %c[Vercel Web Analytics]%c Debug mode is enabled by default in development. No requests will be sent to the server. color: rgb(120, 120, 120) color: inherit @ http://localhost:3000/_next/static/chunks/node_modules_next_dist_115brz8._.js:2431
[  365354ms] [LOG] %c[Vercel Web Analytics]%c Running queued event color: rgb(120, 120, 120) color: inherit pageview {route: /app/payroll/direct-deposit, path: /app/payroll/direct-deposit} @ http://localhost:3000/_next/static/chunks/node_modules_next_dist_115brz8._.js:2431
[  365355ms] [LOG] %c[Vercel Web Analytics]%c [view] http://localhost:3000/app/payroll/direct-deposit color: rgb(120, 120, 120) color: inherit {o: http://localhost:3000/app/payroll/direct-deposit, sv: 0.1.3, sdkn: @vercel/analytics/next, sdkv: 2.0.1, ts: 1787247149984} /_vercel/insights/view @ http://localhost:3000/_next/static/chunks/node_modules_next_dist_115brz8._.js:2431
[  366770ms] [LOG] [Fast Refresh] rebuilding @ http://localhost:3000/_next/static/chunks/node_modules_next_dist_115brz8._.js:2431
[  366993ms] [LOG] [Fast Refresh] done in 337ms @ http://localhost:3000/_next/static/chunks/node_modules_next_dist_115brz8._.js:2431
[  367313ms] [INFO] %cDownload the React DevTools for a better development experience: https://react.dev/link/react-devtools font-weight:bold @ http://localhost:3000/_next/static/chunks/node_modules_next_dist_115brz8._.js:2431
[  367335ms] [LOG] [HMR] connected @ http://localhost:3000/_next/static/chunks/node_modules_next_dist_115brz8._.js:2431
[  367856ms] [INFO] Loading the script 'https://va.vercel-scripts.com/v1/script.debug.js' violates the following Content Security Policy directive: "script-src 'self' 'unsafe-inline' 'unsafe-eval'". Note that 'script-src-elem' was not explicitly set, so 'script-src' is used as a fallback. The policy is report-only, so the violation has been logged but no further action has been taken. @ http://localhost:3000/_next/static/chunks/node_modules_04laho7._.js:174
[  367859ms] [LOG] %c[Vercel Web Analytics]%c Debug mode is enabled by default in development. No requests will be sent to the server. color: rgb(120, 120, 120) color: inherit @ http://localhost:3000/_next/static/chunks/node_modules_next_dist_115brz8._.js:2431
[  367859ms] [LOG] %c[Vercel Web Analytics]%c Running queued event color: rgb(120, 120, 120) color: inherit pageview {route: /app/payroll/employees, path: /app/payroll/employees} @ http://localhost:3000/_next/static/chunks/node_modules_next_dist_115brz8._.js:2431
[  367859ms] [LOG] %c[Vercel Web Analytics]%c [view] http://localhost:3000/app/payroll/employees color: rgb(120, 120, 120) color: inherit {o: http://localhost:3000/app/payroll/employees, sv: 0.1.3, sdkn: @vercel/analytics/next, sdkv: 2.0.1, ts: 1787247152489} /_vercel/insights/view @ http://localhost:3000/_next/static/chunks/node_modules_next_dist_115brz8._.js:2431
[  369271ms] [LOG] [Fast Refresh] rebuilding @ http://localhost:3000/_next/static/chunks/node_modules_next_dist_115brz8._.js:2431
[  369524ms] [LOG] [Fast Refresh] done in 355ms @ http://localhost:3000/_next/static/chunks/node_modules_next_dist_115brz8._.js:2431
[  369855ms] [INFO] %cDownload the React DevTools for a better development experience: https://react.dev/link/react-devtools font-weight:bold @ http://localhost:3000/_next/static/chunks/node_modules_next_dist_115brz8._.js:2431
[  369870ms] [LOG] [HMR] connected @ http://localhost:3000/_next/static/chunks/node_modules_next_dist_115brz8._.js:2431
[  370491ms] [INFO] Loading the script 'https://va.vercel-scripts.com/v1/script.debug.js' violates the following Content Security Policy directive: "script-src 'self' 'unsafe-inline' 'unsafe-eval'". Note that 'script-src-elem' was not explicitly set, so 'script-src' is used as a fallback. The policy is report-only, so the violation has been logged but no further action has been taken. @ http://localhost:3000/_next/static/chunks/node_modules_04laho7._.js:174
[  370492ms] [LOG] %c[Vercel Web Analytics]%c Debug mode is enabled by default in development. No requests will be sent to the server. color: rgb(120, 120, 120) color: inherit @ http://localhost:3000/_next/static/chunks/node_modules_next_dist_115brz8._.js:2431
[  370493ms] [LOG] %c[Vercel Web Analytics]%c Running queued event color: rgb(120, 120, 120) color: inherit pageview {route: /app/payroll/review, path: /app/payroll/review} @ http://localhost:3000/_next/static/chunks/node_modules_next_dist_115brz8._.js:2431
[  370493ms] [LOG] %c[Vercel Web Analytics]%c [view] http://localhost:3000/app/payroll/review color: rgb(120, 120, 120) color: inherit {o: http://localhost:3000/app/payroll/review, sv: 0.1.3, sdkn: @vercel/analytics/next, sdkv: 2.0.1, ts: 1787247155123} /_vercel/insights/view @ http://localhost:3000/_next/static/chunks/node_modules_next_dist_115brz8._.js:2431
[  371917ms] [LOG] [Fast Refresh] rebuilding @ http://localhost:3000/_next/static/chunks/node_modules_next_dist_115brz8._.js:2431
[  372190ms] [LOG] [Fast Refresh] done in 376ms @ http://localhost:3000/_next/static/chunks/node_modules_next_dist_115brz8._.js:2431
[  372507ms] [INFO] %cDownload the React DevTools for a better development experience: https://react.dev/link/react-devtools font-weight:bold @ http://localhost:3000/_next/static/chunks/node_modules_next_dist_115brz8._.js:2431
[  372546ms] [LOG] [HMR] connected @ http://localhost:3000/_next/static/chunks/node_modules_next_dist_115brz8._.js:2431
[  374178ms] [INFO] Loading the script 'https://va.vercel-scripts.com/v1/script.debug.js' violates the following Content Security Policy directive: "script-src 'self' 'unsafe-inline' 'unsafe-eval'". Note that 'script-src-elem' was not explicitly set, so 'script-src' is used as a fallback. The policy is report-only, so the violation has been logged but no further action has been taken. @ http://localhost:3000/_next/static/chunks/node_modules_04laho7._.js:174
[  374180ms] [LOG] %c[Vercel Web Analytics]%c Debug mode is enabled by default in development. No requests will be sent to the server. color: rgb(120, 120, 120) color: inherit @ http://localhost:3000/_next/static/chunks/node_modules_next_dist_115brz8._.js:2431
[  374181ms] [LOG] %c[Vercel Web Analytics]%c Running queued event color: rgb(120, 120, 120) color: inherit pageview {route: /app/payroll/split, path: /app/payroll/split} @ http://localhost:3000/_next/static/chunks/node_modules_next_dist_115brz8._.js:2431
[  374182ms] [LOG] %c[Vercel Web Analytics]%c [view] http://localhost:3000/app/payroll/split color: rgb(120, 120, 120) color: inherit {o: http://localhost:3000/app/payroll/split, sv: 0.1.3, sdkn: @vercel/analytics/next, sdkv: 2.0.1, ts: 1787247158811} /_vercel/insights/view @ http://localhost:3000/_next/static/chunks/node_modules_next_dist_115brz8._.js:2431
[  375843ms] [INFO] %cDownload the React DevTools for a better development experience: https://react.dev/link/react-devtools font-weight:bold @ http://localhost:3000/_next/static/chunks/node_modules_next_dist_115brz8._.js:2431
[  375858ms] [LOG] [HMR] connected @ http://localhost:3000/_next/static/chunks/node_modules_next_dist_115brz8._.js:2431
[  376432ms] [INFO] Loading the script 'https://va.vercel-scripts.com/v1/script.debug.js' violates the following Content Security Policy directive: "script-src 'self' 'unsafe-inline' 'unsafe-eval'". Note that 'script-src-elem' was not explicitly set, so 'script-src' is used as a fallback. The policy is report-only, so the violation has been logged but no further action has been taken. @ http://localhost:3000/_next/static/chunks/node_modules_04laho7._.js:174
[  376433ms] [LOG] %c[Vercel Web Analytics]%c Debug mode is enabled by default in development. No requests will be sent to the server. color: rgb(120, 120, 120) color: inherit @ http://localhost:3000/_next/static/chunks/node_modules_next_dist_115brz8._.js:2431
[  376434ms] [LOG] %c[Vercel Web Analytics]%c Running queued event color: rgb(120, 120, 120) color: inherit pageview {route: /app/reps, path: /app/reps} @ http://localhost:3000/_next/static/chunks/node_modules_next_dist_115brz8._.js:2431
[  376434ms] [LOG] %c[Vercel Web Analytics]%c [view] http://localhost:3000/app/reps color: rgb(120, 120, 120) color: inherit {o: http://localhost:3000/app/reps, sv: 0.1.3, sdkn: @vercel/analytics/next, sdkv: 2.0.1, ts: 1787247161063} /_vercel/insights/view @ http://localhost:3000/_next/static/chunks/node_modules_next_dist_115brz8._.js:2431
[  377867ms] [LOG] [Fast Refresh] rebuilding @ http://localhost:3000/_next/static/chunks/node_modules_next_dist_115brz8._.js:2431
[  378122ms] [LOG] [Fast Refresh] done in 369ms @ http://localhost:3000/_next/static/chunks/node_modules_next_dist_115brz8._.js:2431
[  378512ms] [INFO] %cDownload the React DevTools for a better development experience: https://react.dev/link/react-devtools font-weight:bold @ http://localhost:3000/_next/static/chunks/node_modules_next_dist_115brz8._.js:2431
[  378544ms] [LOG] [HMR] connected @ http://localhost:3000/_next/static/chunks/node_modules_next_dist_115brz8._.js:2431
[  379163ms] [INFO] Loading the script 'https://va.vercel-scripts.com/v1/script.debug.js' violates the following Content Security Policy directive: "script-src 'self' 'unsafe-inline' 'unsafe-eval'". Note that 'script-src-elem' was not explicitly set, so 'script-src' is used as a fallback. The policy is report-only, so the violation has been logged but no further action has been taken. @ http://localhost:3000/_next/static/chunks/node_modules_04laho7._.js:174
[  379164ms] [LOG] %c[Vercel Web Analytics]%c Debug mode is enabled by default in development. No requests will be sent to the server. color: rgb(120, 120, 120) color: inherit @ http://localhost:3000/_next/static/chunks/node_modules_next_dist_115brz8._.js:2431
[  379164ms] [LOG] %c[Vercel Web Analytics]%c Running queued event color: rgb(120, 120, 120) color: inherit pageview {route: /app/settings, path: /app/settings} @ http://localhost:3000/_next/static/chunks/node_modules_next_dist_115brz8._.js:2431
[  379165ms] [LOG] %c[Vercel Web Analytics]%c [view] http://localhost:3000/app/settings color: rgb(120, 120, 120) color: inherit {o: http://localhost:3000/app/settings, sv: 0.1.3, sdkn: @vercel/analytics/next, sdkv: 2.0.1, ts: 1787247163794} /_vercel/insights/view @ http://localhost:3000/_next/static/chunks/node_modules_next_dist_115brz8._.js:2431
[  380621ms] [LOG] [Fast Refresh] rebuilding @ http://localhost:3000/_next/static/chunks/node_modules_next_dist_115brz8._.js:2431
[  380829ms] [LOG] [Fast Refresh] done in 320ms @ http://localhost:3000/_next/static/chunks/node_modules_next_dist_115brz8._.js:2431
[  381295ms] [INFO] %cDownload the React DevTools for a better development experience: https://react.dev/link/react-devtools font-weight:bold @ http://localhost:3000/_next/static/chunks/node_modules_next_dist_115brz8._.js:2431
[  381308ms] [LOG] [HMR] connected @ http://localhost:3000/_next/static/chunks/node_modules_next_dist_115brz8._.js:2431
[  381912ms] [INFO] Loading the script 'https://va.vercel-scripts.com/v1/script.debug.js' violates the following Content Security Policy directive: "script-src 'self' 'unsafe-inline' 'unsafe-eval'". Note that 'script-src-elem' was not explicitly set, so 'script-src' is used as a fallback. The policy is report-only, so the violation has been logged but no further action has been taken. @ http://localhost:3000/_next/static/chunks/node_modules_04laho7._.js:174
[  381914ms] [LOG] %c[Vercel Web Analytics]%c Debug mode is enabled by default in development. No requests will be sent to the server. color: rgb(120, 120, 120) color: inherit @ http://localhost:3000/_next/static/chunks/node_modules_next_dist_115brz8._.js:2431
[  381914ms] [LOG] %c[Vercel Web Analytics]%c Running queued event color: rgb(120, 120, 120) color: inherit pageview {route: /app/tax, path: /app/tax} @ http://localhost:3000/_next/static/chunks/node_modules_next_dist_115brz8._.js:2431
[  381914ms] [LOG] %c[Vercel Web Analytics]%c [view] http://localhost:3000/app/tax color: rgb(120, 120, 120) color: inherit {o: http://localhost:3000/app/tax, sv: 0.1.3, sdkn: @vercel/analytics/next, sdkv: 2.0.1, ts: 1787247166544} /_vercel/insights/view @ http://localhost:3000/_next/static/chunks/node_modules_next_dist_115brz8._.js:2431
[  383332ms] [LOG] [Fast Refresh] rebuilding @ http://localhost:3000/_next/static/chunks/node_modules_next_dist_115brz8._.js:2431
[  383526ms] [LOG] [Fast Refresh] done in 300ms @ http://localhost:3000/_next/static/chunks/node_modules_next_dist_115brz8._.js:2431
[  383891ms] [INFO] %cDownload the React DevTools for a better development experience: https://react.dev/link/react-devtools font-weight:bold @ http://localhost:3000/_next/static/chunks/node_modules_next_dist_115brz8._.js:2431
[  383906ms] [LOG] [HMR] connected @ http://localhost:3000/_next/static/chunks/node_modules_next_dist_115brz8._.js:2431
[  384306ms] [WARNING] The width(-1) and height(-1) of chart should be greater than 0,
       please check the style of container, or the props width(100%) and height(100%),
       or add a minWidth(0) or minHeight(undefined) or use aspect(undefined) to control the
       height and width. @ http://localhost:3000/_next/static/chunks/node_modules_next_dist_115brz8._.js:2431
[  384307ms] [WARNING] The width(-1) and height(-1) of chart should be greater than 0,
       please check the style of container, or the props width(100%) and height(100%),
       or add a minWidth(0) or minHeight(undefined) or use aspect(undefined) to control the
       height and width. @ http://localhost:3000/_next/static/chunks/node_modules_next_dist_115brz8._.js:2431
[  384566ms] [INFO] Loading the script 'https://va.vercel-scripts.com/v1/script.debug.js' violates the following Content Security Policy directive: "script-src 'self' 'unsafe-inline' 'unsafe-eval'". Note that 'script-src-elem' was not explicitly set, so 'script-src' is used as a fallback. The policy is report-only, so the violation has been logged but no further action has been taken. @ http://localhost:3000/_next/static/chunks/node_modules_04laho7._.js:174
[  384568ms] [LOG] %c[Vercel Web Analytics]%c Debug mode is enabled by default in development. No requests will be sent to the server. color: rgb(120, 120, 120) color: inherit @ http://localhost:3000/_next/static/chunks/node_modules_next_dist_115brz8._.js:2431
[  384568ms] [LOG] %c[Vercel Web Analytics]%c Running queued event color: rgb(120, 120, 120) color: inherit pageview {route: /app/tips, path: /app/tips} @ http://localhost:3000/_next/static/chunks/node_modules_next_dist_115brz8._.js:2431
[  384569ms] [LOG] %c[Vercel Web Analytics]%c [view] http://localhost:3000/app/tips color: rgb(120, 120, 120) color: inherit {o: http://localhost:3000/app/tips, sv: 0.1.3, sdkn: @vercel/analytics/next, sdkv: 2.0.1, ts: 1787247169198} /_vercel/insights/view @ http://localhost:3000/_next/static/chunks/node_modules_next_dist_115brz8._.js:2431
[  386019ms] [LOG] [Fast Refresh] rebuilding @ http://localhost:3000/_next/static/chunks/node_modules_next_dist_115brz8._.js:2431
[  386435ms] [LOG] [Fast Refresh] done in 517ms @ http://localhost:3000/_next/static/chunks/node_modules_next_dist_115brz8._.js:2431
[  386771ms] [INFO] %cDownload the React DevTools for a better development experience: https://react.dev/link/react-devtools font-weight:bold @ http://localhost:3000/_next/static/chunks/node_modules_next_dist_115brz8._.js:2431
[  386783ms] [LOG] [HMR] connected @ http://localhost:3000/_next/static/chunks/node_modules_next_dist_115brz8._.js:2431
[  387365ms] [INFO] Loading the script 'https://va.vercel-scripts.com/v1/script.debug.js' violates the following Content Security Policy directive: "script-src 'self' 'unsafe-inline' 'unsafe-eval'". Note that 'script-src-elem' was not explicitly set, so 'script-src' is used as a fallback. The policy is report-only, so the violation has been logged but no further action has been taken. @ http://localhost:3000/_next/static/chunks/node_modules_04laho7._.js:174
[  387366ms] [LOG] %c[Vercel Web Analytics]%c Debug mode is enabled by default in development. No requests will be sent to the server. color: rgb(120, 120, 120) color: inherit @ http://localhost:3000/_next/static/chunks/node_modules_next_dist_115brz8._.js:2431
[  387366ms] [LOG] %c[Vercel Web Analytics]%c Running queued event color: rgb(120, 120, 120) color: inherit pageview {route: /app/books, path: /app/books} @ http://localhost:3000/_next/static/chunks/node_modules_next_dist_115brz8._.js:2431
[  387367ms] [LOG] %c[Vercel Web Analytics]%c [view] http://localhost:3000/app/books color: rgb(120, 120, 120) color: inherit {o: http://localhost:3000/app/books, sv: 0.1.3, sdkn: @vercel/analytics/next, sdkv: 2.0.1, ts: 1787247171996} /_vercel/insights/view @ http://localhost:3000/_next/static/chunks/node_modules_next_dist_115brz8._.js:2431
[  387518ms] [WARNING] The width(-1) and height(-1) of chart should be greater than 0,
       please check the style of container, or the props width(100%) and height(100%),
       or add a minWidth(0) or minHeight(undefined) or use aspect(undefined) to control the
       height and width. @ http://localhost:3000/_next/static/chunks/node_modules_next_dist_115brz8._.js:2431
[  387519ms] [WARNING] The width(-1) and height(-1) of chart should be greater than 0,
       please check the style of container, or the props width(100%) and height(100%),
       or add a minWidth(0) or minHeight(undefined) or use aspect(undefined) to control the
       height and width. @ http://localhost:3000/_next/static/chunks/node_modules_next_dist_115brz8._.js:2431
[  387521ms] [WARNING] The width(-1) and height(-1) of chart should be greater than 0,
       please check the style of container, or the props width(100%) and height(100%),
       or add a minWidth(0) or minHeight(undefined) or use aspect(undefined) to control the
       height and width. @ http://localhost:3000/_next/static/chunks/node_modules_next_dist_115brz8._.js:2431
[  387522ms] [WARNING] The width(-1) and height(-1) of chart should be greater than 0,
       please check the style of container, or the props width(100%) and height(100%),
       or add a minWidth(0) or minHeight(undefined) or use aspect(undefined) to control the
       height and width. @ http://localhost:3000/_next/static/chunks/node_modules_next_dist_115brz8._.js:2431
[  389577ms] [INFO] %cDownload the React DevTools for a better development experience: https://react.dev/link/react-devtools font-weight:bold @ http://localhost:3000/_next/static/chunks/node_modules_next_dist_115brz8._.js:2431
[  389603ms] [LOG] [HMR] connected @ http://localhost:3000/_next/static/chunks/node_modules_next_dist_115brz8._.js:2431
[  389923ms] [WARNING] The width(-1) and height(-1) of chart should be greater than 0,
       please check the style of container, or the props width(100%) and height(100%),
       or add a minWidth(0) or minHeight(undefined) or use aspect(undefined) to control the
       height and width. @ http://localhost:3000/_next/static/chunks/node_modules_next_dist_115brz8._.js:2431
[  389924ms] [WARNING] The width(-1) and height(-1) of chart should be greater than 0,
       please check the style of container, or the props width(100%) and height(100%),
       or add a minWidth(0) or minHeight(undefined) or use aspect(undefined) to control the
       height and width. @ http://localhost:3000/_next/static/chunks/node_modules_next_dist_115brz8._.js:2431
[  390233ms] [INFO] Loading the script 'https://va.vercel-scripts.com/v1/script.debug.js' violates the following Content Security Policy directive: "script-src 'self' 'unsafe-inline' 'unsafe-eval'". Note that 'script-src-elem' was not explicitly set, so 'script-src' is used as a fallback. The policy is report-only, so the violation has been logged but no further action has been taken. @ http://localhost:3000/_next/static/chunks/node_modules_04laho7._.js:174
[  390236ms] [LOG] %c[Vercel Web Analytics]%c Debug mode is enabled by default in development. No requests will be sent to the server. color: rgb(120, 120, 120) color: inherit @ http://localhost:3000/_next/static/chunks/node_modules_next_dist_115brz8._.js:2431
[  390236ms] [LOG] %c[Vercel Web Analytics]%c Running queued event color: rgb(120, 120, 120) color: inherit pageview {route: /app/dashboard, path: /app/dashboard} @ http://localhost:3000/_next/static/chunks/node_modules_next_dist_115brz8._.js:2431
[  390237ms] [LOG] %c[Vercel Web Analytics]%c [view] http://localhost:3000/app/dashboard color: rgb(120, 120, 120) color: inherit {o: http://localhost:3000/app/dashboard, sv: 0.1.3, sdkn: @vercel/analytics/next, sdkv: 2.0.1, ts: 1787247174866} /_vercel/insights/view @ http://localhost:3000/_next/static/chunks/node_modules_next_dist_115brz8._.js:2431
[  391935ms] [INFO] %cDownload the React DevTools for a better development experience: https://react.dev/link/react-devtools font-weight:bold @ http://localhost:3000/_next/static/chunks/node_modules_next_dist_115brz8._.js:2431
[  391955ms] [LOG] [HMR] connected @ http://localhost:3000/_next/static/chunks/node_modules_next_dist_115brz8._.js:2431
[  392650ms] [INFO] Loading the script 'https://va.vercel-scripts.com/v1/script.debug.js' violates the following Content Security Policy directive: "script-src 'self' 'unsafe-inline' 'unsafe-eval'". Note that 'script-src-elem' was not explicitly set, so 'script-src' is used as a fallback. The policy is report-only, so the violation has been logged but no further action has been taken. @ http://localhost:3000/_next/static/chunks/node_modules_04laho7._.js:174
[  392652ms] [LOG] %c[Vercel Web Analytics]%c Debug mode is enabled by default in development. No requests will be sent to the server. color: rgb(120, 120, 120) color: inherit @ http://localhost:3000/_next/static/chunks/node_modules_next_dist_115brz8._.js:2431
[  392653ms] [LOG] %c[Vercel Web Analytics]%c Running queued event color: rgb(120, 120, 120) color: inherit pageview {route: /app/inventory, path: /app/inventory} @ http://localhost:3000/_next/static/chunks/node_modules_next_dist_115brz8._.js:2431
[  392653ms] [LOG] %c[Vercel Web Analytics]%c [view] http://localhost:3000/app/inventory color: rgb(120, 120, 120) color: inherit {o: http://localhost:3000/app/inventory, sv: 0.1.3, sdkn: @vercel/analytics/next, sdkv: 2.0.1, ts: 1787247177282} /_vercel/insights/view @ http://localhost:3000/_next/static/chunks/node_modules_next_dist_115brz8._.js:2431
[  394402ms] [INFO] %cDownload the React DevTools for a better development experience: https://react.dev/link/react-devtools font-weight:bold @ http://localhost:3000/_next/static/chunks/node_modules_next_dist_115brz8._.js:2431
[  394415ms] [LOG] [HMR] connected @ http://localhost:3000/_next/static/chunks/node_modules_next_dist_115brz8._.js:2431
[  394678ms] [WARNING] The width(-1) and height(-1) of chart should be greater than 0,
       please check the style of container, or the props width(100%) and height(100%),
       or add a minWidth(0) or minHeight(undefined) or use aspect(undefined) to control the
       height and width. @ http://localhost:3000/_next/static/chunks/node_modules_next_dist_115brz8._.js:2431
[  394679ms] [WARNING] The width(-1) and height(-1) of chart should be greater than 0,
       please check the style of container, or the props width(100%) and height(100%),
       or add a minWidth(0) or minHeight(undefined) or use aspect(undefined) to control the
       height and width. @ http://localhost:3000/_next/static/chunks/node_modules_next_dist_115brz8._.js:2431
[  394681ms] [WARNING] The width(-1) and height(-1) of chart should be greater than 0,
       please check the style of container, or the props width(100%) and height(100%),
       or add a minWidth(0) or minHeight(undefined) or use aspect(undefined) to control the
       height and width. @ http://localhost:3000/_next/static/chunks/node_modules_next_dist_115brz8._.js:2431
[  394681ms] [WARNING] The width(-1) and height(-1) of chart should be greater than 0,
       please check the style of container, or the props width(100%) and height(100%),
       or add a minWidth(0) or minHeight(undefined) or use aspect(undefined) to control the
       height and width. @ http://localhost:3000/_next/static/chunks/node_modules_next_dist_115brz8._.js:2431
[  394686ms] [WARNING] The width(-1) and height(-1) of chart should be greater than 0,
       please check the style of container, or the props width(100%) and height(100%),
       or add a minWidth(0) or minHeight(undefined) or use aspect(undefined) to control the
       height and width. @ http://localhost:3000/_next/static/chunks/node_modules_next_dist_115brz8._.js:2431
[  394686ms] [WARNING] The width(-1) and height(-1) of chart should be greater than 0,
       please check the style of container, or the props width(100%) and height(100%),
       or add a minWidth(0) or minHeight(undefined) or use aspect(undefined) to control the
       height and width. @ http://localhost:3000/_next/static/chunks/node_modules_next_dist_115brz8._.js:2431
[  394688ms] [WARNING] The width(-1) and height(-1) of chart should be greater than 0,
       please check the style of container, or the props width(100%) and height(100%),
       or add a minWidth(0) or minHeight(undefined) or use aspect(undefined) to control the
       height and width. @ http://localhost:3000/_next/static/chunks/node_modules_next_dist_115brz8._.js:2431
[  394688ms] [WARNING] The width(-1) and height(-1) of chart should be greater than 0,
       please check the style of container, or the props width(100%) and height(100%),
       or add a minWidth(0) or minHeight(undefined) or use aspect(undefined) to control the
       height and width. @ http://localhost:3000/_next/static/chunks/node_modules_next_dist_115brz8._.js:2431
[  394691ms] [WARNING] The width(-1) and height(-1) of chart should be greater than 0,
       please check the style of container, or the props width(100%) and height(100%),
       or add a minWidth(0) or minHeight(undefined) or use aspect(undefined) to control the
       height and width. @ http://localhost:3000/_next/static/chunks/node_modules_next_dist_115brz8._.js:2431
[  394691ms] [WARNING] The width(-1) and height(-1) of chart should be greater than 0,
       please check the style of container, or the props width(100%) and height(100%),
       or add a minWidth(0) or minHeight(undefined) or use aspect(undefined) to control the
       height and width. @ http://localhost:3000/_next/static/chunks/node_modules_next_dist_115brz8._.js:2431
[  394693ms] [WARNING] The width(-1) and height(-1) of chart should be greater than 0,
       please check the style of container, or the props width(100%) and height(100%),
       or add a minWidth(0) or minHeight(undefined) or use aspect(undefined) to control the
       height and width. @ http://localhost:3000/_next/static/chunks/node_modules_next_dist_115brz8._.js:2431
[  394693ms] [WARNING] The width(-1) and height(-1) of chart should be greater than 0,
       please check the style of container, or the props width(100%) and height(100%),
       or add a minWidth(0) or minHeight(undefined) or use aspect(undefined) to control the
       height and width. @ http://localhost:3000/_next/static/chunks/node_modules_next_dist_115brz8._.js:2431
[  395211ms] [INFO] Loading the script 'https://va.vercel-scripts.com/v1/script.debug.js' violates the following Content Security Policy directive: "script-src 'self' 'unsafe-inline' 'unsafe-eval'". Note that 'script-src-elem' was not explicitly set, so 'script-src' is used as a fallback. The policy is report-only, so the violation has been logged but no further action has been taken. @ http://localhost:3000/_next/static/chunks/node_modules_04laho7._.js:174
[  395214ms] [LOG] %c[Vercel Web Analytics]%c Debug mode is enabled by default in development. No requests will be sent to the server. color: rgb(120, 120, 120) color: inherit @ http://localhost:3000/_next/static/chunks/node_modules_next_dist_115brz8._.js:2431
[  395214ms] [LOG] %c[Vercel Web Analytics]%c Running queued event color: rgb(120, 120, 120) color: inherit pageview {route: /app/inventory/analytics, path: /app/inventory/analytics} @ http://localhost:3000/_next/static/chunks/node_modules_next_dist_115brz8._.js:2431
[  395215ms] [LOG] %c[Vercel Web Analytics]%c [view] http://localhost:3000/app/inventory/analytics color: rgb(120, 120, 120) color: inherit {o: http://localhost:3000/app/inventory/analytics, sv: 0.1.3, sdkn: @vercel/analytics/next, sdkv: 2.0.1, ts: 1787247179844} /_vercel/insights/view @ http://localhost:3000/_next/static/chunks/node_modules_next_dist_115brz8._.js:2431
[  396952ms] [INFO] %cDownload the React DevTools for a better development experience: https://react.dev/link/react-devtools font-weight:bold @ http://localhost:3000/_next/static/chunks/node_modules_next_dist_115brz8._.js:2431
[  396978ms] [LOG] [HMR] connected @ http://localhost:3000/_next/static/chunks/node_modules_next_dist_115brz8._.js:2431
[  397630ms] [INFO] Loading the script 'https://va.vercel-scripts.com/v1/script.debug.js' violates the following Content Security Policy directive: "script-src 'self' 'unsafe-inline' 'unsafe-eval'". Note that 'script-src-elem' was not explicitly set, so 'script-src' is used as a fallback. The policy is report-only, so the violation has been logged but no further action has been taken. @ http://localhost:3000/_next/static/chunks/node_modules_04laho7._.js:174
[  397632ms] [LOG] %c[Vercel Web Analytics]%c Debug mode is enabled by default in development. No requests will be sent to the server. color: rgb(120, 120, 120) color: inherit @ http://localhost:3000/_next/static/chunks/node_modules_next_dist_115brz8._.js:2431
[  397632ms] [LOG] %c[Vercel Web Analytics]%c Running queued event color: rgb(120, 120, 120) color: inherit pageview {route: /app/inventory/setup, path: /app/inventory/setup} @ http://localhost:3000/_next/static/chunks/node_modules_next_dist_115brz8._.js:2431
[  397633ms] [LOG] %c[Vercel Web Analytics]%c [view] http://localhost:3000/app/inventory/setup color: rgb(120, 120, 120) color: inherit {o: http://localhost:3000/app/inventory/setup, sv: 0.1.3, sdkn: @vercel/analytics/next, sdkv: 2.0.1, ts: 1787247182262} /_vercel/insights/view @ http://localhost:3000/_next/static/chunks/node_modules_next_dist_115brz8._.js:2431
[  399313ms] [INFO] %cDownload the React DevTools for a better development experience: https://react.dev/link/react-devtools font-weight:bold @ http://localhost:3000/_next/static/chunks/node_modules_next_dist_115brz8._.js:2431
[  399330ms] [LOG] [HMR] connected @ http://localhost:3000/_next/static/chunks/node_modules_next_dist_115brz8._.js:2431
[  399893ms] [INFO] Loading the script 'https://va.vercel-scripts.com/v1/script.debug.js' violates the following Content Security Policy directive: "script-src 'self' 'unsafe-inline' 'unsafe-eval'". Note that 'script-src-elem' was not explicitly set, so 'script-src' is used as a fallback. The policy is report-only, so the violation has been logged but no further action has been taken. @ http://localhost:3000/_next/static/chunks/node_modules_04laho7._.js:174
[  399895ms] [LOG] %c[Vercel Web Analytics]%c Debug mode is enabled by default in development. No requests will be sent to the server. color: rgb(120, 120, 120) color: inherit @ http://localhost:3000/_next/static/chunks/node_modules_next_dist_115brz8._.js:2431
[  399896ms] [LOG] %c[Vercel Web Analytics]%c Running queued event color: rgb(120, 120, 120) color: inherit pageview {route: /app/inventory/weigh, path: /app/inventory/weigh} @ http://localhost:3000/_next/static/chunks/node_modules_next_dist_115brz8._.js:2431
[  399896ms] [LOG] %c[Vercel Web Analytics]%c [view] http://localhost:3000/app/inventory/weigh color: rgb(120, 120, 120) color: inherit {o: http://localhost:3000/app/inventory/weigh, sv: 0.1.3, sdkn: @vercel/analytics/next, sdkv: 2.0.1, ts: 1787247184525} /_vercel/insights/view @ http://localhost:3000/_next/static/chunks/node_modules_next_dist_115brz8._.js:2431
[  401576ms] [INFO] %cDownload the React DevTools for a better development experience: https://react.dev/link/react-devtools font-weight:bold @ http://localhost:3000/_next/static/chunks/node_modules_next_dist_115brz8._.js:2431
[  401610ms] [LOG] [HMR] connected @ http://localhost:3000/_next/static/chunks/node_modules_next_dist_115brz8._.js:2431
[  402137ms] [WARNING] The width(-1) and height(-1) of chart should be greater than 0,
       please check the style of container, or the props width(100%) and height(100%),
       or add a minWidth(0) or minHeight(undefined) or use aspect(undefined) to control the
       height and width. @ http://localhost:3000/_next/static/chunks/node_modules_next_dist_115brz8._.js:2431
[  402137ms] [WARNING] The width(-1) and height(-1) of chart should be greater than 0,
       please check the style of container, or the props width(100%) and height(100%),
       or add a minWidth(0) or minHeight(undefined) or use aspect(undefined) to control the
       height and width. @ http://localhost:3000/_next/static/chunks/node_modules_next_dist_115brz8._.js:2431
[  402584ms] [INFO] Loading the script 'https://va.vercel-scripts.com/v1/script.debug.js' violates the following Content Security Policy directive: "script-src 'self' 'unsafe-inline' 'unsafe-eval'". Note that 'script-src-elem' was not explicitly set, so 'script-src' is used as a fallback. The policy is report-only, so the violation has been logged but no further action has been taken. @ http://localhost:3000/_next/static/chunks/node_modules_04laho7._.js:174
[  402586ms] [LOG] %c[Vercel Web Analytics]%c Debug mode is enabled by default in development. No requests will be sent to the server. color: rgb(120, 120, 120) color: inherit @ http://localhost:3000/_next/static/chunks/node_modules_next_dist_115brz8._.js:2431
[  402586ms] [LOG] %c[Vercel Web Analytics]%c Running queued event color: rgb(120, 120, 120) color: inherit pageview {route: /app/payroll, path: /app/payroll} @ http://localhost:3000/_next/static/chunks/node_modules_next_dist_115brz8._.js:2431
[  402587ms] [LOG] %c[Vercel Web Analytics]%c [view] http://localhost:3000/app/payroll color: rgb(120, 120, 120) color: inherit {o: http://localhost:3000/app/payroll, sv: 0.1.3, sdkn: @vercel/analytics/next, sdkv: 2.0.1, ts: 1787247187216} /_vercel/insights/view @ http://localhost:3000/_next/static/chunks/node_modules_next_dist_115brz8._.js:2431
[  404302ms] [INFO] %cDownload the React DevTools for a better development experience: https://react.dev/link/react-devtools font-weight:bold @ http://localhost:3000/_next/static/chunks/node_modules_next_dist_115brz8._.js:2431
[  404318ms] [LOG] [HMR] connected @ http://localhost:3000/_next/static/chunks/node_modules_next_dist_115brz8._.js:2431
[  404880ms] [INFO] Loading the script 'https://va.vercel-scripts.com/v1/script.debug.js' violates the following Content Security Policy directive: "script-src 'self' 'unsafe-inline' 'unsafe-eval'". Note that 'script-src-elem' was not explicitly set, so 'script-src' is used as a fallback. The policy is report-only, so the violation has been logged but no further action has been taken. @ http://localhost:3000/_next/static/chunks/node_modules_04laho7._.js:174
[  404883ms] [LOG] %c[Vercel Web Analytics]%c Debug mode is enabled by default in development. No requests will be sent to the server. color: rgb(120, 120, 120) color: inherit @ http://localhost:3000/_next/static/chunks/node_modules_next_dist_115brz8._.js:2431
[  404884ms] [LOG] %c[Vercel Web Analytics]%c Running queued event color: rgb(120, 120, 120) color: inherit pageview {route: /app/payroll/direct-deposit, path: /app/payroll/direct-deposit} @ http://localhost:3000/_next/static/chunks/node_modules_next_dist_115brz8._.js:2431
[  404884ms] [LOG] %c[Vercel Web Analytics]%c [view] http://localhost:3000/app/payroll/direct-deposit color: rgb(120, 120, 120) color: inherit {o: http://localhost:3000/app/payroll/direct-deposit, sv: 0.1.3, sdkn: @vercel/analytics/next, sdkv: 2.0.1, ts: 1787247189513} /_vercel/insights/view @ http://localhost:3000/_next/static/chunks/node_modules_next_dist_115brz8._.js:2431
[  406544ms] [INFO] %cDownload the React DevTools for a better development experience: https://react.dev/link/react-devtools font-weight:bold @ http://localhost:3000/_next/static/chunks/node_modules_next_dist_115brz8._.js:2431
[  406570ms] [LOG] [HMR] connected @ http://localhost:3000/_next/static/chunks/node_modules_next_dist_115brz8._.js:2431
[  407211ms] [INFO] Loading the script 'https://va.vercel-scripts.com/v1/script.debug.js' violates the following Content Security Policy directive: "script-src 'self' 'unsafe-inline' 'unsafe-eval'". Note that 'script-src-elem' was not explicitly set, so 'script-src' is used as a fallback. The policy is report-only, so the violation has been logged but no further action has been taken. @ http://localhost:3000/_next/static/chunks/node_modules_04laho7._.js:174
[  407214ms] [LOG] %c[Vercel Web Analytics]%c Debug mode is enabled by default in development. No requests will be sent to the server. color: rgb(120, 120, 120) color: inherit @ http://localhost:3000/_next/static/chunks/node_modules_next_dist_115brz8._.js:2431
[  407214ms] [LOG] %c[Vercel Web Analytics]%c Running queued event color: rgb(120, 120, 120) color: inherit pageview {route: /app/payroll/employees, path: /app/payroll/employees} @ http://localhost:3000/_next/static/chunks/node_modules_next_dist_115brz8._.js:2431
[  407215ms] [LOG] %c[Vercel Web Analytics]%c [view] http://localhost:3000/app/payroll/employees color: rgb(120, 120, 120) color: inherit {o: http://localhost:3000/app/payroll/employees, sv: 0.1.3, sdkn: @vercel/analytics/next, sdkv: 2.0.1, ts: 1787247191844} /_vercel/insights/view @ http://localhost:3000/_next/static/chunks/node_modules_next_dist_115brz8._.js:2431
[  408896ms] [INFO] %cDownload the React DevTools for a better development experience: https://react.dev/link/react-devtools font-weight:bold @ http://localhost:3000/_next/static/chunks/node_modules_next_dist_115brz8._.js:2431
[  408913ms] [LOG] [HMR] connected @ http://localhost:3000/_next/static/chunks/node_modules_next_dist_115brz8._.js:2431
[  409512ms] [INFO] Loading the script 'https://va.vercel-scripts.com/v1/script.debug.js' violates the following Content Security Policy directive: "script-src 'self' 'unsafe-inline' 'unsafe-eval'". Note that 'script-src-elem' was not explicitly set, so 'script-src' is used as a fallback. The policy is report-only, so the violation has been logged but no further action has been taken. @ http://localhost:3000/_next/static/chunks/node_modules_04laho7._.js:174
[  409514ms] [LOG] %c[Vercel Web Analytics]%c Debug mode is enabled by default in development. No requests will be sent to the server. color: rgb(120, 120, 120) color: inherit @ http://localhost:3000/_next/static/chunks/node_modules_next_dist_115brz8._.js:2431
[  409515ms] [LOG] %c[Vercel Web Analytics]%c Running queued event color: rgb(120, 120, 120) color: inherit pageview {route: /app/payroll/review, path: /app/payroll/review} @ http://localhost:3000/_next/static/chunks/node_modules_next_dist_115brz8._.js:2431
[  409516ms] [LOG] %c[Vercel Web Analytics]%c [view] http://localhost:3000/app/payroll/review color: rgb(120, 120, 120) color: inherit {o: http://localhost:3000/app/payroll/review, sv: 0.1.3, sdkn: @vercel/analytics/next, sdkv: 2.0.1, ts: 1787247194145} /_vercel/insights/view @ http://localhost:3000/_next/static/chunks/node_modules_next_dist_115brz8._.js:2431
[  411200ms] [INFO] %cDownload the React DevTools for a better development experience: https://react.dev/link/react-devtools font-weight:bold @ http://localhost:3000/_next/static/chunks/node_modules_next_dist_115brz8._.js:2431
[  411223ms] [LOG] [HMR] connected @ http://localhost:3000/_next/static/chunks/node_modules_next_dist_115brz8._.js:2431
[  412864ms] [INFO] Loading the script 'https://va.vercel-scripts.com/v1/script.debug.js' violates the following Content Security Policy directive: "script-src 'self' 'unsafe-inline' 'unsafe-eval'". Note that 'script-src-elem' was not explicitly set, so 'script-src' is used as a fallback. The policy is report-only, so the violation has been logged but no further action has been taken. @ http://localhost:3000/_next/static/chunks/node_modules_04laho7._.js:174
[  412866ms] [LOG] %c[Vercel Web Analytics]%c Debug mode is enabled by default in development. No requests will be sent to the server. color: rgb(120, 120, 120) color: inherit @ http://localhost:3000/_next/static/chunks/node_modules_next_dist_115brz8._.js:2431
[  412867ms] [LOG] %c[Vercel Web Analytics]%c Running queued event color: rgb(120, 120, 120) color: inherit pageview {route: /app/payroll/split, path: /app/payroll/split} @ http://localhost:3000/_next/static/chunks/node_modules_next_dist_115brz8._.js:2431
[  412867ms] [LOG] %c[Vercel Web Analytics]%c [view] http://localhost:3000/app/payroll/split color: rgb(120, 120, 120) color: inherit {o: http://localhost:3000/app/payroll/split, sv: 0.1.3, sdkn: @vercel/analytics/next, sdkv: 2.0.1, ts: 1787247197496} /_vercel/insights/view @ http://localhost:3000/_next/static/chunks/node_modules_next_dist_115brz8._.js:2431
[  414539ms] [INFO] %cDownload the React DevTools for a better development experience: https://react.dev/link/react-devtools font-weight:bold @ http://localhost:3000/_next/static/chunks/node_modules_next_dist_115brz8._.js:2431
[  414553ms] [LOG] [HMR] connected @ http://localhost:3000/_next/static/chunks/node_modules_next_dist_115brz8._.js:2431
[  415133ms] [INFO] Loading the script 'https://va.vercel-scripts.com/v1/script.debug.js' violates the following Content Security Policy directive: "script-src 'self' 'unsafe-inline' 'unsafe-eval'". Note that 'script-src-elem' was not explicitly set, so 'script-src' is used as a fallback. The policy is report-only, so the violation has been logged but no further action has been taken. @ http://localhost:3000/_next/static/chunks/node_modules_04laho7._.js:174
[  415135ms] [LOG] %c[Vercel Web Analytics]%c Debug mode is enabled by default in development. No requests will be sent to the server. color: rgb(120, 120, 120) color: inherit @ http://localhost:3000/_next/static/chunks/node_modules_next_dist_115brz8._.js:2431
[  415135ms] [LOG] %c[Vercel Web Analytics]%c Running queued event color: rgb(120, 120, 120) color: inherit pageview {route: /app/reps, path: /app/reps} @ http://localhost:3000/_next/static/chunks/node_modules_next_dist_115brz8._.js:2431
[  415136ms] [LOG] %c[Vercel Web Analytics]%c [view] http://localhost:3000/app/reps color: rgb(120, 120, 120) color: inherit {o: http://localhost:3000/app/reps, sv: 0.1.3, sdkn: @vercel/analytics/next, sdkv: 2.0.1, ts: 1787247199765} /_vercel/insights/view @ http://localhost:3000/_next/static/chunks/node_modules_next_dist_115brz8._.js:2431
[  416810ms] [INFO] %cDownload the React DevTools for a better development experience: https://react.dev/link/react-devtools font-weight:bold @ http://localhost:3000/_next/static/chunks/node_modules_next_dist_115brz8._.js:2431
[  416850ms] [LOG] [HMR] connected @ http://localhost:3000/_next/static/chunks/node_modules_next_dist_115brz8._.js:2431
[  417483ms] [INFO] Loading the script 'https://va.vercel-scripts.com/v1/script.debug.js' violates the following Content Security Policy directive: "script-src 'self' 'unsafe-inline' 'unsafe-eval'". Note that 'script-src-elem' was not explicitly set, so 'script-src' is used as a fallback. The policy is report-only, so the violation has been logged but no further action has been taken. @ http://localhost:3000/_next/static/chunks/node_modules_04laho7._.js:174
[  417485ms] [LOG] %c[Vercel Web Analytics]%c Debug mode is enabled by default in development. No requests will be sent to the server. color: rgb(120, 120, 120) color: inherit @ http://localhost:3000/_next/static/chunks/node_modules_next_dist_115brz8._.js:2431
[  417485ms] [LOG] %c[Vercel Web Analytics]%c Running queued event color: rgb(120, 120, 120) color: inherit pageview {route: /app/settings, path: /app/settings} @ http://localhost:3000/_next/static/chunks/node_modules_next_dist_115brz8._.js:2431
[  417486ms] [LOG] %c[Vercel Web Analytics]%c [view] http://localhost:3000/app/settings color: rgb(120, 120, 120) color: inherit {o: http://localhost:3000/app/settings, sv: 0.1.3, sdkn: @vercel/analytics/next, sdkv: 2.0.1, ts: 1787247202115} /_vercel/insights/view @ http://localhost:3000/_next/static/chunks/node_modules_next_dist_115brz8._.js:2431
[  419117ms] [INFO] %cDownload the React DevTools for a better development experience: https://react.dev/link/react-devtools font-weight:bold @ http://localhost:3000/_next/static/chunks/node_modules_next_dist_115brz8._.js:2431
[  419130ms] [LOG] [HMR] connected @ http://localhost:3000/_next/static/chunks/node_modules_next_dist_115brz8._.js:2431
[  419646ms] [INFO] Loading the script 'https://va.vercel-scripts.com/v1/script.debug.js' violates the following Content Security Policy directive: "script-src 'self' 'unsafe-inline' 'unsafe-eval'". Note that 'script-src-elem' was not explicitly set, so 'script-src' is used as a fallback. The policy is report-only, so the violation has been logged but no further action has been taken. @ http://localhost:3000/_next/static/chunks/node_modules_04laho7._.js:174
[  419648ms] [LOG] %c[Vercel Web Analytics]%c Debug mode is enabled by default in development. No requests will be sent to the server. color: rgb(120, 120, 120) color: inherit @ http://localhost:3000/_next/static/chunks/node_modules_next_dist_115brz8._.js:2431
[  419649ms] [LOG] %c[Vercel Web Analytics]%c Running queued event color: rgb(120, 120, 120) color: inherit pageview {route: /app/tax, path: /app/tax} @ http://localhost:3000/_next/static/chunks/node_modules_next_dist_115brz8._.js:2431
[  419650ms] [LOG] %c[Vercel Web Analytics]%c [view] http://localhost:3000/app/tax color: rgb(120, 120, 120) color: inherit {o: http://localhost:3000/app/tax, sv: 0.1.3, sdkn: @vercel/analytics/next, sdkv: 2.0.1, ts: 1787247204279} /_vercel/insights/view @ http://localhost:3000/_next/static/chunks/node_modules_next_dist_115brz8._.js:2431
[  421308ms] [INFO] %cDownload the React DevTools for a better development experience: https://react.dev/link/react-devtools font-weight:bold @ http://localhost:3000/_next/static/chunks/node_modules_next_dist_115brz8._.js:2431
[  421322ms] [LOG] [HMR] connected @ http://localhost:3000/_next/static/chunks/node_modules_next_dist_115brz8._.js:2431
[  421600ms] [WARNING] The width(-1) and height(-1) of chart should be greater than 0,
       please check the style of container, or the props width(100%) and height(100%),
       or add a minWidth(0) or minHeight(undefined) or use aspect(undefined) to control the
       height and width. @ http://localhost:3000/_next/static/chunks/node_modules_next_dist_115brz8._.js:2431
[  421601ms] [WARNING] The width(-1) and height(-1) of chart should be greater than 0,
       please check the style of container, or the props width(100%) and height(100%),
       or add a minWidth(0) or minHeight(undefined) or use aspect(undefined) to control the
       height and width. @ http://localhost:3000/_next/static/chunks/node_modules_next_dist_115brz8._.js:2431
[  422025ms] [INFO] Loading the script 'https://va.vercel-scripts.com/v1/script.debug.js' violates the following Content Security Policy directive: "script-src 'self' 'unsafe-inline' 'unsafe-eval'". Note that 'script-src-elem' was not explicitly set, so 'script-src' is used as a fallback. The policy is report-only, so the violation has been logged but no further action has been taken. @ http://localhost:3000/_next/static/chunks/node_modules_04laho7._.js:174
[  422027ms] [LOG] %c[Vercel Web Analytics]%c Debug mode is enabled by default in development. No requests will be sent to the server. color: rgb(120, 120, 120) color: inherit @ http://localhost:3000/_next/static/chunks/node_modules_next_dist_115brz8._.js:2431
[  422027ms] [LOG] %c[Vercel Web Analytics]%c Running queued event color: rgb(120, 120, 120) color: inherit pageview {route: /app/tips, path: /app/tips} @ http://localhost:3000/_next/static/chunks/node_modules_next_dist_115brz8._.js:2431
[  422028ms] [LOG] %c[Vercel Web Analytics]%c [view] http://localhost:3000/app/tips color: rgb(120, 120, 120) color: inherit {o: http://localhost:3000/app/tips, sv: 0.1.3, sdkn: @vercel/analytics/next, sdkv: 2.0.1, ts: 1787247206657} /_vercel/insights/view @ http://localhost:3000/_next/static/chunks/node_modules_next_dist_115brz8._.js:2431
[  423717ms] [INFO] %cDownload the React DevTools for a better development experience: https://react.dev/link/react-devtools font-weight:bold @ http://localhost:3000/_next/static/chunks/node_modules_next_dist_115brz8._.js:2431
[  423728ms] [LOG] [HMR] connected @ http://localhost:3000/_next/static/chunks/node_modules_next_dist_115brz8._.js:2431
[  424305ms] [WARNING] The width(-1) and height(-1) of chart should be greater than 0,
       please check the style of container, or the props width(100%) and height(100%),
       or add a minWidth(0) or minHeight(undefined) or use aspect(undefined) to control the
       height and width. @ http://localhost:3000/_next/static/chunks/node_modules_next_dist_115brz8._.js:2431
[  424306ms] [WARNING] The width(-1) and height(-1) of chart should be greater than 0,
       please check the style of container, or the props width(100%) and height(100%),
       or add a minWidth(0) or minHeight(undefined) or use aspect(undefined) to control the
       height and width. @ http://localhost:3000/_next/static/chunks/node_modules_next_dist_115brz8._.js:2431
[  424308ms] [WARNING] The width(-1) and height(-1) of chart should be greater than 0,
       please check the style of container, or the props width(100%) and height(100%),
       or add a minWidth(0) or minHeight(undefined) or use aspect(undefined) to control the
       height and width. @ http://localhost:3000/_next/static/chunks/node_modules_next_dist_115brz8._.js:2431
[  424308ms] [WARNING] The width(-1) and height(-1) of chart should be greater than 0,
       please check the style of container, or the props width(100%) and height(100%),
       or add a minWidth(0) or minHeight(undefined) or use aspect(undefined) to control the
       height and width. @ http://localhost:3000/_next/static/chunks/node_modules_next_dist_115brz8._.js:2431
[  424663ms] [INFO] Loading the script 'https://va.vercel-scripts.com/v1/script.debug.js' violates the following Content Security Policy directive: "script-src 'self' 'unsafe-inline' 'unsafe-eval'". Note that 'script-src-elem' was not explicitly set, so 'script-src' is used as a fallback. The policy is report-only, so the violation has been logged but no further action has been taken. @ http://localhost:3000/_next/static/chunks/node_modules_04laho7._.js:174
[  424664ms] [LOG] %c[Vercel Web Analytics]%c Debug mode is enabled by default in development. No requests will be sent to the server. color: rgb(120, 120, 120) color: inherit @ http://localhost:3000/_next/static/chunks/node_modules_next_dist_115brz8._.js:2431
[  424665ms] [LOG] %c[Vercel Web Analytics]%c Running queued event color: rgb(120, 120, 120) color: inherit pageview {route: /app/books, path: /app/books} @ http://localhost:3000/_next/static/chunks/node_modules_next_dist_115brz8._.js:2431
[  424665ms] [LOG] %c[Vercel Web Analytics]%c [view] http://localhost:3000/app/books color: rgb(120, 120, 120) color: inherit {o: http://localhost:3000/app/books, sv: 0.1.3, sdkn: @vercel/analytics/next, sdkv: 2.0.1, ts: 1787247209295} /_vercel/insights/view @ http://localhost:3000/_next/static/chunks/node_modules_next_dist_115brz8._.js:2431
[  447541ms] [INFO] %cDownload the React DevTools for a better development experience: https://react.dev/link/react-devtools font-weight:bold @ http://localhost:3000/_next/static/chunks/node_modules_next_dist_115brz8._.js:2431
[  447563ms] [LOG] [HMR] connected @ http://localhost:3000/_next/static/chunks/node_modules_next_dist_115brz8._.js:2431
[  448258ms] [WARNING] The width(-1) and height(-1) of chart should be greater than 0,
       please check the style of container, or the props width(100%) and height(100%),
       or add a minWidth(0) or minHeight(undefined) or use aspect(undefined) to control the
       height and width. @ http://localhost:3000/_next/static/chunks/node_modules_next_dist_115brz8._.js:2431
[  448259ms] [WARNING] The width(-1) and height(-1) of chart should be greater than 0,
       please check the style of container, or the props width(100%) and height(100%),
       or add a minWidth(0) or minHeight(undefined) or use aspect(undefined) to control the
       height and width. @ http://localhost:3000/_next/static/chunks/node_modules_next_dist_115brz8._.js:2431
[  448502ms] [INFO] Loading the script 'https://va.vercel-scripts.com/v1/script.debug.js' violates the following Content Security Policy directive: "script-src 'self' 'unsafe-inline' 'unsafe-eval'". Note that 'script-src-elem' was not explicitly set, so 'script-src' is used as a fallback. The policy is report-only, so the violation has been logged but no further action has been taken. @ http://localhost:3000/_next/static/chunks/node_modules_04laho7._.js:174
[  448505ms] [LOG] %c[Vercel Web Analytics]%c Debug mode is enabled by default in development. No requests will be sent to the server. color: rgb(120, 120, 120) color: inherit @ http://localhost:3000/_next/static/chunks/node_modules_next_dist_115brz8._.js:2431
[  448505ms] [LOG] %c[Vercel Web Analytics]%c Running queued event color: rgb(120, 120, 120) color: inherit pageview {route: /app/dashboard, path: /app/dashboard} @ http://localhost:3000/_next/static/chunks/node_modules_next_dist_115brz8._.js:2431
[  448505ms] [LOG] %c[Vercel Web Analytics]%c [view] http://localhost:3000/app/dashboard color: rgb(120, 120, 120) color: inherit {o: http://localhost:3000/app/dashboard, sv: 0.1.3, sdkn: @vercel/analytics/next, sdkv: 2.0.1, ts: 1787247233135} /_vercel/insights/view @ http://localhost:3000/_next/static/chunks/node_modules_next_dist_115brz8._.js:2431
[  449940ms] [INFO] %cDownload the React DevTools for a better development experience: https://react.dev/link/react-devtools font-weight:bold @ http://localhost:3000/_next/static/chunks/node_modules_next_dist_115brz8._.js:2431
[  449965ms] [LOG] [HMR] connected @ http://localhost:3000/_next/static/chunks/node_modules_next_dist_115brz8._.js:2431
[  450567ms] [INFO] Loading the script 'https://va.vercel-scripts.com/v1/script.debug.js' violates the following Content Security Policy directive: "script-src 'self' 'unsafe-inline' 'unsafe-eval'". Note that 'script-src-elem' was not explicitly set, so 'script-src' is used as a fallback. The policy is report-only, so the violation has been logged but no further action has been taken. @ http://localhost:3000/_next/static/chunks/node_modules_04laho7._.js:174
[  450571ms] [LOG] %c[Vercel Web Analytics]%c Debug mode is enabled by default in development. No requests will be sent to the server. color: rgb(120, 120, 120) color: inherit @ http://localhost:3000/_next/static/chunks/node_modules_next_dist_115brz8._.js:2431
[  450572ms] [LOG] %c[Vercel Web Analytics]%c Running queued event color: rgb(120, 120, 120) color: inherit pageview {route: /app/payroll/review, path: /app/payroll/review} @ http://localhost:3000/_next/static/chunks/node_modules_next_dist_115brz8._.js:2431
[  450572ms] [LOG] %c[Vercel Web Analytics]%c [view] http://localhost:3000/app/payroll/review color: rgb(120, 120, 120) color: inherit {o: http://localhost:3000/app/payroll/review, sv: 0.1.3, sdkn: @vercel/analytics/next, sdkv: 2.0.1, ts: 1787247235201} /_vercel/insights/view @ http://localhost:3000/_next/static/chunks/node_modules_next_dist_115brz8._.js:2431
[  452012ms] [INFO] %cDownload the React DevTools for a better development experience: https://react.dev/link/react-devtools font-weight:bold @ http://localhost:3000/_next/static/chunks/node_modules_next_dist_115brz8._.js:2431
[  452024ms] [LOG] [HMR] connected @ http://localhost:3000/_next/static/chunks/node_modules_next_dist_115brz8._.js:2431
[  452323ms] [WARNING] The width(-1) and height(-1) of chart should be greater than 0,
       please check the style of container, or the props width(100%) and height(100%),
       or add a minWidth(0) or minHeight(undefined) or use aspect(undefined) to control the
       height and width. @ http://localhost:3000/_next/static/chunks/node_modules_next_dist_115brz8._.js:2431
[  452324ms] [WARNING] The width(-1) and height(-1) of chart should be greater than 0,
       please check the style of container, or the props width(100%) and height(100%),
       or add a minWidth(0) or minHeight(undefined) or use aspect(undefined) to control the
       height and width. @ http://localhost:3000/_next/static/chunks/node_modules_next_dist_115brz8._.js:2431
[  452598ms] [INFO] Loading the script 'https://va.vercel-scripts.com/v1/script.debug.js' violates the following Content Security Policy directive: "script-src 'self' 'unsafe-inline' 'unsafe-eval'". Note that 'script-src-elem' was not explicitly set, so 'script-src' is used as a fallback. The policy is report-only, so the violation has been logged but no further action has been taken. @ http://localhost:3000/_next/static/chunks/node_modules_04laho7._.js:174
[  452600ms] [LOG] %c[Vercel Web Analytics]%c Debug mode is enabled by default in development. No requests will be sent to the server. color: rgb(120, 120, 120) color: inherit @ http://localhost:3000/_next/static/chunks/node_modules_next_dist_115brz8._.js:2431
[  452600ms] [LOG] %c[Vercel Web Analytics]%c Running queued event color: rgb(120, 120, 120) color: inherit pageview {route: /app/tips, path: /app/tips} @ http://localhost:3000/_next/static/chunks/node_modules_next_dist_115brz8._.js:2431
[  452600ms] [LOG] %c[Vercel Web Analytics]%c [view] http://localhost:3000/app/tips color: rgb(120, 120, 120) color: inherit {o: http://localhost:3000/app/tips, sv: 0.1.3, sdkn: @vercel/analytics/next, sdkv: 2.0.1, ts: 1787247237230} /_vercel/insights/view @ http://localhost:3000/_next/static/chunks/node_modules_next_dist_115brz8._.js:2431
[  514915ms] [LOG] [Fast Refresh] rebuilding @ http://localhost:3000/_next/static/chunks/node_modules_next_dist_115brz8._.js:2431
[  515149ms] [LOG] [Fast Refresh] done in 343ms @ http://localhost:3000/_next/static/chunks/node_modules_next_dist_115brz8._.js:2431
[  515636ms] [LOG] [Fast Refresh] rebuilding @ http://localhost:3000/_next/static/chunks/node_modules_next_dist_115brz8._.js:2431
[  515740ms] [LOG] [Fast Refresh] done in 206ms @ http://localhost:3000/_next/static/chunks/node_modules_next_dist_115brz8._.js:2431
[  516214ms] [LOG] [Fast Refresh] rebuilding @ http://localhost:3000/_next/static/chunks/node_modules_next_dist_115brz8._.js:2431
[  516227ms] [LOG] [Fast Refresh] done in 124ms @ http://localhost:3000/_next/static/chunks/node_modules_next_dist_115brz8._.js:2431
[  516417ms] [LOG] [Fast Refresh] rebuilding @ http://localhost:3000/_next/static/chunks/node_modules_next_dist_115brz8._.js:2431
[  516592ms] [LOG] [Fast Refresh] done in 284ms @ http://localhost:3000/_next/static/chunks/node_modules_next_dist_115brz8._.js:2431
[  516731ms] [LOG] [Fast Refresh] rebuilding @ http://localhost:3000/_next/static/chunks/node_modules_next_dist_115brz8._.js:2431
[  516795ms] [LOG] [Fast Refresh] done in 165ms @ http://localhost:3000/_next/static/chunks/node_modules_next_dist_115brz8._.js:2431
[  532035ms] [LOG] [Fast Refresh] rebuilding @ http://localhost:3000/_next/static/chunks/node_modules_next_dist_115brz8._.js:2431
[  532104ms] [LOG] [Fast Refresh] done in 175ms @ http://localhost:3000/_next/static/chunks/node_modules_next_dist_115brz8._.js:2431
[  532568ms] [INFO] %cDownload the React DevTools for a better development experience: https://react.dev/link/react-devtools font-weight:bold @ http://localhost:3000/_next/static/chunks/node_modules_next_dist_115brz8._.js:2431
[  532580ms] [LOG] [HMR] connected @ http://localhost:3000/_next/static/chunks/node_modules_next_dist_115brz8._.js:2431
[  532959ms] [WARNING] The width(-1) and height(-1) of chart should be greater than 0,
       please check the style of container, or the props width(100%) and height(100%),
       or add a minWidth(0) or minHeight(undefined) or use aspect(undefined) to control the
       height and width. @ http://localhost:3000/_next/static/chunks/node_modules_next_dist_115brz8._.js:2431
[  532959ms] [WARNING] The width(-1) and height(-1) of chart should be greater than 0,
       please check the style of container, or the props width(100%) and height(100%),
       or add a minWidth(0) or minHeight(undefined) or use aspect(undefined) to control the
       height and width. @ http://localhost:3000/_next/static/chunks/node_modules_next_dist_115brz8._.js:2431
[  533156ms] [INFO] Loading the script 'https://va.vercel-scripts.com/v1/script.debug.js' violates the following Content Security Policy directive: "script-src 'self' 'unsafe-inline' 'unsafe-eval'". Note that 'script-src-elem' was not explicitly set, so 'script-src' is used as a fallback. The policy is report-only, so the violation has been logged but no further action has been taken. @ http://localhost:3000/_next/static/chunks/node_modules_04laho7._.js:174
[  533158ms] [LOG] %c[Vercel Web Analytics]%c Debug mode is enabled by default in development. No requests will be sent to the server. color: rgb(120, 120, 120) color: inherit @ http://localhost:3000/_next/static/chunks/node_modules_next_dist_115brz8._.js:2431
[  533158ms] [LOG] %c[Vercel Web Analytics]%c Running queued event color: rgb(120, 120, 120) color: inherit pageview {route: /app/tips, path: /app/tips} @ http://localhost:3000/_next/static/chunks/node_modules_next_dist_115brz8._.js:2431
[  533159ms] [LOG] %c[Vercel Web Analytics]%c [view] http://localhost:3000/app/tips color: rgb(120, 120, 120) color: inherit {o: http://localhost:3000/app/tips, sv: 0.1.3, sdkn: @vercel/analytics/next, sdkv: 2.0.1, ts: 1787247317788} /_vercel/insights/view @ http://localhost:3000/_next/static/chunks/node_modules_next_dist_115brz8._.js:2431
[  608359ms] [LOG] [Fast Refresh] rebuilding @ http://localhost:3000/_next/static/chunks/node_modules_next_dist_115brz8._.js:2431
[  608534ms] [LOG] [Fast Refresh] done in 279ms @ http://localhost:3000/_next/static/chunks/node_modules_next_dist_115brz8._.js:2431
[  608865ms] [LOG] [Fast Refresh] rebuilding @ http://localhost:3000/_next/static/chunks/node_modules_next_dist_115brz8._.js:2431
[  609043ms] [LOG] [Fast Refresh] done in 283ms @ http://localhost:3000/_next/static/chunks/node_modules_next_dist_115brz8._.js:2431
[  609178ms] [LOG] [Fast Refresh] rebuilding @ http://localhost:3000/_next/static/chunks/node_modules_next_dist_115brz8._.js:2431
[  609281ms] [LOG] [Fast Refresh] done in 204ms @ http://localhost:3000/_next/static/chunks/node_modules_next_dist_115brz8._.js:2431
[  609815ms] [LOG] [Fast Refresh] rebuilding @ http://localhost:3000/_next/static/chunks/node_modules_next_dist_115brz8._.js:2431
[  609868ms] [LOG] [Fast Refresh] done in 160ms @ http://localhost:3000/_next/static/chunks/node_modules_next_dist_115brz8._.js:2431
[  610104ms] [LOG] [Fast Refresh] rebuilding @ http://localhost:3000/_next/static/chunks/node_modules_next_dist_115brz8._.js:2431
[  610280ms] [LOG] [Fast Refresh] done in 284ms @ http://localhost:3000/_next/static/chunks/node_modules_next_dist_115brz8._.js:2431
[  640587ms] [LOG] [Fast Refresh] rebuilding @ http://localhost:3000/_next/static/chunks/node_modules_next_dist_115brz8._.js:2431
[  640964ms] [ERROR] ./app/(app)/app/inventory/analytics/page.tsx:248:18
Expected '</', got 'ident'
  246 |                 exists to give, so on a phone they are the two that stay —
  247 |                 five columns measured 459px inside a 343px card. */}
> 248 |             <div className="mt-4 overflow-x-auto">
      |                  ^^^^^^^^^
  249 |               <table className="w-full text-xs">
  250 |                 <thead><tr className="text-muted-foreground border-b"><th className="text...
  251 |                 <tbody>

Parsing ecmascript source code failed @ http://localhost:3000/_next/static/chunks/node_modules_next_dist_115brz8._.js:3272
[  641072ms] [ERROR] ./app/(app)/app/inventory/analytics/page.tsx:248:18
Expected '</', got 'ident'
  246 |                 exists to give, so on a phone they are the two that stay —
  247 |                 five columns measured 459px inside a 343px card. */}
> 248 |             <div className="mt-4 overflow-x-auto">
      |                  ^^^^^^^^^
  249 |               <table className="w-full text-xs">
  250 |                 <thead><tr className="text-muted-foreground border-b"><th className="text...
  251 |                 <tbody>

Parsing ecmascript source code failed @ http://localhost:3000/_next/static/chunks/node_modules_next_dist_115brz8._.js:3272
[  641211ms] [LOG] [Fast Refresh] rebuilding @ http://localhost:3000/_next/static/chunks/node_modules_next_dist_115brz8._.js:2431
[  642069ms] [ERROR] ./app/(app)/app/inventory/analytics/page.tsx:248:18
Expected '</', got 'ident'
  246 |                 exists to give, so on a phone they are the two that stay —
  247 |                 five columns measured 459px inside a 343px card. */}
> 248 |             <div className="mt-4 overflow-x-auto">
      |                  ^^^^^^^^^
  249 |               <table className="w-full text-xs">
  250 |                 <thead><tr className="text-muted-foreground border-b"><th className="text...
  251 |                 <tbody>

Parsing ecmascript source code failed @ http://localhost:3000/_next/static/chunks/node_modules_next_dist_115brz8._.js:3272
[  642178ms] [LOG] [Fast Refresh] rebuilding @ http://localhost:3000/_next/static/chunks/node_modules_next_dist_115brz8._.js:2431
[  642217ms] [ERROR] ./app/(app)/app/inventory/analytics/page.tsx:248:18
Expected '</', got 'ident'
  246 |                 exists to give, so on a phone they are the two that stay —
  247 |                 five columns measured 459px inside a 343px card. */}
> 248 |             <div className="mt-4 overflow-x-auto">
      |                  ^^^^^^^^^
  249 |               <table className="w-full text-xs">
  250 |                 <thead><tr className="text-muted-foreground border-b"><th className="text...
  251 |                 <tbody>

Parsing ecmascript source code failed @ http://localhost:3000/_next/static/chunks/node_modules_next_dist_115brz8._.js:3272
[  642318ms] [LOG] [Fast Refresh] rebuilding @ http://localhost:3000/_next/static/chunks/node_modules_next_dist_115brz8._.js:2431
[  644104ms] [ERROR] Failed to load resource: the server responded with a status of 500 (Internal Server Error) @ http://localhost:3000/app/tips?_rsc=1ha2z:0
[  644108ms] [ERROR] ./app/(app)/app/inventory/analytics/page.tsx:248:18
Expected '</', got 'ident'
  246 |                 exists to give, so on a phone they are the two that stay —
  247 |                 five columns measured 459px inside a 343px card. */}
> 248 |             <div className="mt-4 overflow-x-auto">
      |                  ^^^^^^^^^
  249 |               <table className="w-full text-xs">
  250 |                 <thead><tr className="text-muted-foreground border-b"><th className="text...
  251 |                 <tbody>

Parsing ecmascript source code failed @ http://localhost:3000/_next/static/chunks/node_modules_next_dist_115brz8._.js:3272
[  644178ms] [ERROR] ./app/(app)/app/inventory/analytics/page.tsx:248:18
Expected '</', got 'ident'
  246 |                 exists to give, so on a phone they are the two that stay —
  247 |                 five columns measured 459px inside a 343px card. */}
> 248 |             <div className="mt-4 overflow-x-auto">
      |                  ^^^^^^^^^
  249 |               <table className="w-full text-xs">
  250 |                 <thead><tr className="text-muted-foreground border-b"><th className="text...
  251 |                 <tbody>

Parsing ecmascript source code failed @ http://localhost:3000/_next/static/chunks/node_modules_next_dist_115brz8._.js:3272
[  644268ms] [ERROR] Failed to load resource: the server responded with a status of 500 (Internal Server Error) @ http://localhost:3000/app/tips?_rsc=1ha2z:0
[  644316ms] [LOG] [Fast Refresh] rebuilding @ http://localhost:3000/_next/static/chunks/node_modules_next_dist_115brz8._.js:2431
[  644349ms] [ERROR] ./app/(app)/app/inventory/analytics/page.tsx:248:18
Expected '</', got 'ident'
  246 |                 exists to give, so on a phone they are the two that stay —
  247 |                 five columns measured 459px inside a 343px card. */}
> 248 |             <div className="mt-4 overflow-x-auto">
      |                  ^^^^^^^^^
  249 |               <table className="w-full text-xs">
  250 |                 <thead><tr className="text-muted-foreground border-b"><th className="text...
  251 |                 <tbody>

Parsing ecmascript source code failed @ http://localhost:3000/_next/static/chunks/node_modules_next_dist_115brz8._.js:3272
[  644399ms] [ERROR] Failed to load resource: the server responded with a status of 500 (Internal Server Error) @ http://localhost:3000/app/tips:0
[  644489ms] [ERROR] Refused to execute script from 'http://localhost:3000/_next/static/development/_clientMiddlewareManifest.js' because its MIME type ('application/json') is not executable, and strict MIME type checking is enabled. @ http://localhost:3000/app/tips:0
[  644520ms] [INFO] %cDownload the React DevTools for a better development experience: https://react.dev/link/react-devtools font-weight:bold @ http://localhost:3000/_next/static/chunks/node_modules_react-dom_0bruynb._.js:15305
[  644584ms] Error: ./app/(app)/app/inventory/analytics/page.tsx:248:18
Expected '</', got 'ident'
  246 |                 exists to give, so on a phone they are the two that stay —
  247 |                 five columns measured 459px inside a 343px card. */}
> 248 |             <div className="mt-4 overflow-x-auto">
      |                  ^^^^^^^^^
  249 |               <table className="w-full text-xs">
  250 |                 <thead><tr className="text-muted-foreground border-b"><th className="text...
  251 |                 <tbody>

Parsing ecmascript source code failed


    at <unknown> (Error: ./app/(app)/app/inventory/analytics/page.tsx:248:18)
    at Object.getCompilationErrors (file://C:\Users\notug\bar-app\node_modules\next\dist\server\dev\hot-reloader-turbopack.js:1186:59)
    at DevBundlerService.getCompilationError (file://C:\Users\notug\bar-app\node_modules\next\dist\server\lib\dev-bundler-service.js:44:55)
    at DevServer.getCompilationError (file://C:\Users\notug\bar-app\node_modules\next\dist\server\dev\next-dev-server.js:719:42)
    at DevServer.findPageComponents (file://C:\Users\notug\bar-app\node_modules\next\dist\server\dev\next-dev-server.js:689:43)
    at async DevServer.renderErrorToResponseImpl (file://C:\Users\notug\bar-app\node_modules\next\dist\server\base-server.js:1745:26)
[  644587ms] [LOG] [HMR] connected @ http://localhost:3000/_next/static/chunks/node_modules_next_dist_0u_w_5s._.js:1226
[  644595ms] [ERROR] ./app/(app)/app/inventory/analytics/page.tsx:248:18
Expected '</', got 'ident'
  246 |                 exists to give, so on a phone they are the two that stay —
  247 |                 five columns measured 459px inside a 343px card. */}
> 248 |             <div className="mt-4 overflow-x-auto">
      |                  ^^^^^^^^^
  249 |               <table className="w-full text-xs">
  250 |                 <thead><tr className="text-muted-foreground border-b"><th className="text...
  251 |                 <tbody>

Parsing ecmascript source code failed @ http://localhost:3000/_next/static/chunks/node_modules_next_dist_0u_w_5s._.js:1945
[  644603ms] [ERROR] ./app/(app)/app/inventory/analytics/page.tsx:248:18
Expected '</', got 'ident'
  246 |                 exists to give, so on a phone they are the two that stay —
  247 |                 five columns measured 459px inside a 343px card. */}
> 248 |             <div className="mt-4 overflow-x-auto">
      |                  ^^^^^^^^^
  249 |               <table className="w-full text-xs">
  250 |                 <thead><tr className="text-muted-foreground border-b"><th className="text...
  251 |                 <tbody>

Parsing ecmascript source code failed @ http://localhost:3000/_next/static/chunks/node_modules_next_dist_0u_w_5s._.js:1945
[  644665ms] [ERROR] ./app/(app)/app/inventory/analytics/page.tsx:248:18
Expected '</', got 'ident'
  246 |                 exists to give, so on a phone they are the two that stay —
  247 |                 five columns measured 459px inside a 343px card. */}
> 248 |             <div className="mt-4 overflow-x-auto">
      |                  ^^^^^^^^^
  249 |               <table className="w-full text-xs">
  250 |                 <thead><tr className="text-muted-foreground border-b"><th className="text...
  251 |                 <tbody>

Parsing ecmascript source code failed @ http://localhost:3000/_next/static/chunks/node_modules_next_dist_0u_w_5s._.js:1945
[  644747ms] [ERROR] ./app/(app)/app/inventory/analytics/page.tsx:248:18
Expected '</', got 'ident'
  246 |                 exists to give, so on a phone they are the two that stay —
  247 |                 five columns measured 459px inside a 343px card. */}
> 248 |             <div className="mt-4 overflow-x-auto">
      |                  ^^^^^^^^^
  249 |               <table className="w-full text-xs">
  250 |                 <thead><tr className="text-muted-foreground border-b"><th className="text...
  251 |                 <tbody>

Parsing ecmascript source code failed @ http://localhost:3000/_next/static/chunks/node_modules_next_dist_0u_w_5s._.js:1945
[  644818ms] [ERROR] ./app/(app)/app/inventory/analytics/page.tsx:248:18
Expected '</', got 'ident'
  246 |                 exists to give, so on a phone they are the two that stay —
  247 |                 five columns measured 459px inside a 343px card. */}
> 248 |             <div className="mt-4 overflow-x-auto">
      |                  ^^^^^^^^^
  249 |               <table className="w-full text-xs">
  250 |                 <thead><tr className="text-muted-foreground border-b"><th className="text...
  251 |                 <tbody>

Parsing ecmascript source code failed @ http://localhost:3000/_next/static/chunks/node_modules_next_dist_0u_w_5s._.js:1945
[  644896ms] [ERROR] ./app/(app)/app/inventory/analytics/page.tsx:248:18
Expected '</', got 'ident'
  246 |                 exists to give, so on a phone they are the two that stay —
  247 |                 five columns measured 459px inside a 343px card. */}
> 248 |             <div className="mt-4 overflow-x-auto">
      |                  ^^^^^^^^^
  249 |               <table className="w-full text-xs">
  250 |                 <thead><tr className="text-muted-foreground border-b"><th className="text...
  251 |                 <tbody>

Parsing ecmascript source code failed @ http://localhost:3000/_next/static/chunks/node_modules_next_dist_0u_w_5s._.js:1945
[  644975ms] [ERROR] ./app/(app)/app/inventory/analytics/page.tsx:248:18
Expected '</', got 'ident'
  246 |                 exists to give, so on a phone they are the two that stay —
  247 |                 five columns measured 459px inside a 343px card. */}
> 248 |             <div className="mt-4 overflow-x-auto">
      |                  ^^^^^^^^^
  249 |               <table className="w-full text-xs">
  250 |                 <thead><tr className="text-muted-foreground border-b"><th className="text...
  251 |                 <tbody>

Parsing ecmascript source code failed @ http://localhost:3000/_next/static/chunks/node_modules_next_dist_0u_w_5s._.js:1945
[  645055ms] [ERROR] ./app/(app)/app/inventory/analytics/page.tsx:248:18
Expected '</', got 'ident'
  246 |                 exists to give, so on a phone they are the two that stay —
  247 |                 five columns measured 459px inside a 343px card. */}
> 248 |             <div className="mt-4 overflow-x-auto">
      |                  ^^^^^^^^^
  249 |               <table className="w-full text-xs">
  250 |                 <thead><tr className="text-muted-foreground border-b"><th className="text...
  251 |                 <tbody>

Parsing ecmascript source code failed @ http://localhost:3000/_next/static/chunks/node_modules_next_dist_0u_w_5s._.js:1945
[  645118ms] [ERROR] ./app/(app)/app/inventory/analytics/page.tsx:248:18
Expected '</', got 'ident'
  246 |                 exists to give, so on a phone they are the two that stay —
  247 |                 five columns measured 459px inside a 343px card. */}
> 248 |             <div className="mt-4 overflow-x-auto">
      |                  ^^^^^^^^^
  249 |               <table className="w-full text-xs">
  250 |                 <thead><tr className="text-muted-foreground border-b"><th className="text...
  251 |                 <tbody>

Parsing ecmascript source code failed @ http://localhost:3000/_next/static/chunks/node_modules_next_dist_0u_w_5s._.js:1945
[  645199ms] [ERROR] ./app/(app)/app/inventory/analytics/page.tsx:248:18
Expected '</', got 'ident'
  246 |                 exists to give, so on a phone they are the two that stay —
  247 |                 five columns measured 459px inside a 343px card. */}
> 248 |             <div className="mt-4 overflow-x-auto">
      |                  ^^^^^^^^^
  249 |               <table className="w-full text-xs">
  250 |                 <thead><tr className="text-muted-foreground border-b"><th className="text...
  251 |                 <tbody>

Parsing ecmascript source code failed @ http://localhost:3000/_next/static/chunks/node_modules_next_dist_0u_w_5s._.js:1945
[  645261ms] [ERROR] ./app/(app)/app/inventory/analytics/page.tsx:248:18
Expected '</', got 'ident'
  246 |                 exists to give, so on a phone they are the two that stay —
  247 |                 five columns measured 459px inside a 343px card. */}
> 248 |             <div className="mt-4 overflow-x-auto">
      |                  ^^^^^^^^^
  249 |               <table className="w-full text-xs">
  250 |                 <thead><tr className="text-muted-foreground border-b"><th className="text...
  251 |                 <tbody>

Parsing ecmascript source code failed @ http://localhost:3000/_next/static/chunks/node_modules_next_dist_0u_w_5s._.js:1945
[  645323ms] [ERROR] ./app/(app)/app/inventory/analytics/page.tsx:248:18
Expected '</', got 'ident'
  246 |                 exists to give, so on a phone they are the two that stay —
  247 |                 five columns measured 459px inside a 343px card. */}
> 248 |             <div className="mt-4 overflow-x-auto">
      |                  ^^^^^^^^^
  249 |               <table className="w-full text-xs">
  250 |                 <thead><tr className="text-muted-foreground border-b"><th className="text...
  251 |                 <tbody>

Parsing ecmascript source code failed @ http://localhost:3000/_next/static/chunks/node_modules_next_dist_0u_w_5s._.js:1945
[  645386ms] [ERROR] ./app/(app)/app/inventory/analytics/page.tsx:248:18
Expected '</', got 'ident'
  246 |                 exists to give, so on a phone they are the two that stay —
  247 |                 five columns measured 459px inside a 343px card. */}
> 248 |             <div className="mt-4 overflow-x-auto">
      |                  ^^^^^^^^^
  249 |               <table className="w-full text-xs">
  250 |                 <thead><tr className="text-muted-foreground border-b"><th className="text...
  251 |                 <tbody>

Parsing ecmascript source code failed @ http://localhost:3000/_next/static/chunks/node_modules_next_dist_0u_w_5s._.js:1945
[  645448ms] [ERROR] ./app/(app)/app/inventory/analytics/page.tsx:248:18
Expected '</', got 'ident'
  246 |                 exists to give, so on a phone they are the two that stay —
  247 |                 five columns measured 459px inside a 343px card. */}
> 248 |             <div className="mt-4 overflow-x-auto">
      |                  ^^^^^^^^^
  249 |               <table className="w-full text-xs">
  250 |                 <thead><tr className="text-muted-foreground border-b"><th className="text...
  251 |                 <tbody>

Parsing ecmascript source code failed @ http://localhost:3000/_next/static/chunks/node_modules_next_dist_0u_w_5s._.js:1945
[  645512ms] [ERROR] ./app/(app)/app/inventory/analytics/page.tsx:248:18
Expected '</', got 'ident'
  246 |                 exists to give, so on a phone they are the two that stay —
  247 |                 five columns measured 459px inside a 343px card. */}
> 248 |             <div className="mt-4 overflow-x-auto">
      |                  ^^^^^^^^^
  249 |               <table className="w-full text-xs">
  250 |                 <thead><tr className="text-muted-foreground border-b"><th className="text...
  251 |                 <tbody>

Parsing ecmascript source code failed @ http://localhost:3000/_next/static/chunks/node_modules_next_dist_0u_w_5s._.js:1945
[  645589ms] [ERROR] ./app/(app)/app/inventory/analytics/page.tsx:248:18
Expected '</', got 'ident'
  246 |                 exists to give, so on a phone they are the two that stay —
  247 |                 five columns measured 459px inside a 343px card. */}
> 248 |             <div className="mt-4 overflow-x-auto">
      |                  ^^^^^^^^^
  249 |               <table className="w-full text-xs">
  250 |                 <thead><tr className="text-muted-foreground border-b"><th className="text...
  251 |                 <tbody>

Parsing ecmascript source code failed @ http://localhost:3000/_next/static/chunks/node_modules_next_dist_0u_w_5s._.js:1945
[  645652ms] [ERROR] ./app/(app)/app/inventory/analytics/page.tsx:248:18
Expected '</', got 'ident'
  246 |                 exists to give, so on a phone they are the two that stay —
  247 |                 five columns measured 459px inside a 343px card. */}
> 248 |             <div className="mt-4 overflow-x-auto">
      |                  ^^^^^^^^^
  249 |               <table className="w-full text-xs">
  250 |                 <thead><tr className="text-muted-foreground border-b"><th className="text...
  251 |                 <tbody>

Parsing ecmascript source code failed @ http://localhost:3000/_next/static/chunks/node_modules_next_dist_0u_w_5s._.js:1945
[  645717ms] [ERROR] ./app/(app)/app/inventory/analytics/page.tsx:248:18
Expected '</', got 'ident'
  246 |                 exists to give, so on a phone they are the two that stay —
  247 |                 five columns measured 459px inside a 343px card. */}
> 248 |             <div className="mt-4 overflow-x-auto">
      |                  ^^^^^^^^^
  249 |               <table className="w-full text-xs">
  250 |                 <thead><tr className="text-muted-foreground border-b"><th className="text...
  251 |                 <tbody>

Parsing ecmascript source code failed @ http://localhost:3000/_next/static/chunks/node_modules_next_dist_0u_w_5s._.js:1945
[  645782ms] [ERROR] ./app/(app)/app/inventory/analytics/page.tsx:248:18
Expected '</', got 'ident'
  246 |                 exists to give, so on a phone they are the two that stay —
  247 |                 five columns measured 459px inside a 343px card. */}
> 248 |             <div className="mt-4 overflow-x-auto">
      |                  ^^^^^^^^^
  249 |               <table className="w-full text-xs">
  250 |                 <thead><tr className="text-muted-foreground border-b"><th className="text...
  251 |                 <tbody>

Parsing ecmascript source code failed @ http://localhost:3000/_next/static/chunks/node_modules_next_dist_0u_w_5s._.js:1945
[  645856ms] [ERROR] ./app/(app)/app/inventory/analytics/page.tsx:248:18
Expected '</', got 'ident'
  246 |                 exists to give, so on a phone they are the two that stay —
  247 |                 five columns measured 459px inside a 343px card. */}
> 248 |             <div className="mt-4 overflow-x-auto">
      |                  ^^^^^^^^^
  249 |               <table className="w-full text-xs">
  250 |                 <thead><tr className="text-muted-foreground border-b"><th className="text...
  251 |                 <tbody>

Parsing ecmascript source code failed @ http://localhost:3000/_next/static/chunks/node_modules_next_dist_0u_w_5s._.js:1945
[  645932ms] [ERROR] ./app/(app)/app/inventory/analytics/page.tsx:248:18
Expected '</', got 'ident'
  246 |                 exists to give, so on a phone they are the two that stay —
  247 |                 five columns measured 459px inside a 343px card. */}
> 248 |             <div className="mt-4 overflow-x-auto">
      |                  ^^^^^^^^^
  249 |               <table className="w-full text-xs">
  250 |                 <thead><tr className="text-muted-foreground border-b"><th className="text...
  251 |                 <tbody>

Parsing ecmascript source code failed @ http://localhost:3000/_next/static/chunks/node_modules_next_dist_0u_w_5s._.js:1945
[  645996ms] [ERROR] ./app/(app)/app/inventory/analytics/page.tsx:248:18
Expected '</', got 'ident'
  246 |                 exists to give, so on a phone they are the two that stay —
  247 |                 five columns measured 459px inside a 343px card. */}
> 248 |             <div className="mt-4 overflow-x-auto">
      |                  ^^^^^^^^^
  249 |               <table className="w-full text-xs">
  250 |                 <thead><tr className="text-muted-foreground border-b"><th className="text...
  251 |                 <tbody>

Parsing ecmascript source code failed @ http://localhost:3000/_next/static/chunks/node_modules_next_dist_0u_w_5s._.js:1945
[  646058ms] [ERROR] ./app/(app)/app/inventory/analytics/page.tsx:248:18
Expected '</', got 'ident'
  246 |                 exists to give, so on a phone they are the two that stay —
  247 |                 five columns measured 459px inside a 343px card. */}
> 248 |             <div className="mt-4 overflow-x-auto">
      |                  ^^^^^^^^^
  249 |               <table className="w-full text-xs">
  250 |                 <thead><tr className="text-muted-foreground border-b"><th className="text...
  251 |                 <tbody>

Parsing ecmascript source code failed @ http://localhost:3000/_next/static/chunks/node_modules_next_dist_0u_w_5s._.js:1945
[  646119ms] [ERROR] ./app/(app)/app/inventory/analytics/page.tsx:248:18
Expected '</', got 'ident'
  246 |                 exists to give, so on a phone they are the two that stay —
  247 |                 five columns measured 459px inside a 343px card. */}
> 248 |             <div className="mt-4 overflow-x-auto">
      |                  ^^^^^^^^^
  249 |               <table className="w-full text-xs">
  250 |                 <thead><tr className="text-muted-foreground border-b"><th className="text...
  251 |                 <tbody>

Parsing ecmascript source code failed @ http://localhost:3000/_next/static/chunks/node_modules_next_dist_0u_w_5s._.js:1945
[  646182ms] [ERROR] ./app/(app)/app/inventory/analytics/page.tsx:248:18
Expected '</', got 'ident'
  246 |                 exists to give, so on a phone they are the two that stay —
  247 |                 five columns measured 459px inside a 343px card. */}
> 248 |             <div className="mt-4 overflow-x-auto">
      |                  ^^^^^^^^^
  249 |               <table className="w-full text-xs">
  250 |                 <thead><tr className="text-muted-foreground border-b"><th className="text...
  251 |                 <tbody>

Parsing ecmascript source code failed @ http://localhost:3000/_next/static/chunks/node_modules_next_dist_0u_w_5s._.js:1945
[  646257ms] [ERROR] ./app/(app)/app/inventory/analytics/page.tsx:248:18
Expected '</', got 'ident'
  246 |                 exists to give, so on a phone they are the two that stay —
  247 |                 five columns measured 459px inside a 343px card. */}
> 248 |             <div className="mt-4 overflow-x-auto">
      |                  ^^^^^^^^^
  249 |               <table className="w-full text-xs">
  250 |                 <thead><tr className="text-muted-foreground border-b"><th className="text...
  251 |                 <tbody>

Parsing ecmascript source code failed @ http://localhost:3000/_next/static/chunks/node_modules_next_dist_0u_w_5s._.js:1945
[  646320ms] [ERROR] ./app/(app)/app/inventory/analytics/page.tsx:248:18
Expected '</', got 'ident'
  246 |                 exists to give, so on a phone they are the two that stay —
  247 |                 five columns measured 459px inside a 343px card. */}
> 248 |             <div className="mt-4 overflow-x-auto">
      |                  ^^^^^^^^^
  249 |               <table className="w-full text-xs">
  250 |                 <thead><tr className="text-muted-foreground border-b"><th className="text...
  251 |                 <tbody>

Parsing ecmascript source code failed @ http://localhost:3000/_next/static/chunks/node_modules_next_dist_0u_w_5s._.js:1945
[  646399ms] [ERROR] ./app/(app)/app/inventory/analytics/page.tsx:248:18
Expected '</', got 'ident'
  246 |                 exists to give, so on a phone they are the two that stay —
  247 |                 five columns measured 459px inside a 343px card. */}
> 248 |             <div className="mt-4 overflow-x-auto">
      |                  ^^^^^^^^^
  249 |               <table className="w-full text-xs">
  250 |                 <thead><tr className="text-muted-foreground border-b"><th className="text...
  251 |                 <tbody>

Parsing ecmascript source code failed @ http://localhost:3000/_next/static/chunks/node_modules_next_dist_0u_w_5s._.js:1945
[  646465ms] [ERROR] ./app/(app)/app/inventory/analytics/page.tsx:248:18
Expected '</', got 'ident'
  246 |                 exists to give, so on a phone they are the two that stay —
  247 |                 five columns measured 459px inside a 343px card. */}
> 248 |             <div className="mt-4 overflow-x-auto">
      |                  ^^^^^^^^^
  249 |               <table className="w-full text-xs">
  250 |                 <thead><tr className="text-muted-foreground border-b"><th className="text...
  251 |                 <tbody>

Parsing ecmascript source code failed @ http://localhost:3000/_next/static/chunks/node_modules_next_dist_0u_w_5s._.js:1945
[  646525ms] [ERROR] ./app/(app)/app/inventory/analytics/page.tsx:248:18
Expected '</', got 'ident'
  246 |                 exists to give, so on a phone they are the two that stay —
  247 |                 five columns measured 459px inside a 343px card. */}
> 248 |             <div className="mt-4 overflow-x-auto">
      |                  ^^^^^^^^^
  249 |               <table className="w-full text-xs">
  250 |                 <thead><tr className="text-muted-foreground border-b"><th className="text...
  251 |                 <tbody>

Parsing ecmascript source code failed @ http://localhost:3000/_next/static/chunks/node_modules_next_dist_0u_w_5s._.js:1945
[  646602ms] [ERROR] ./app/(app)/app/inventory/analytics/page.tsx:248:18
Expected '</', got 'ident'
  246 |                 exists to give, so on a phone they are the two that stay —
  247 |                 five columns measured 459px inside a 343px card. */}
> 248 |             <div className="mt-4 overflow-x-auto">
      |                  ^^^^^^^^^
  249 |               <table className="w-full text-xs">
  250 |                 <thead><tr className="text-muted-foreground border-b"><th className="text...
  251 |                 <tbody>

Parsing ecmascript source code failed @ http://localhost:3000/_next/static/chunks/node_modules_next_dist_0u_w_5s._.js:1945
[  646665ms] [ERROR] ./app/(app)/app/inventory/analytics/page.tsx:248:18
Expected '</', got 'ident'
  246 |                 exists to give, so on a phone they are the two that stay —
  247 |                 five columns measured 459px inside a 343px card. */}
> 248 |             <div className="mt-4 overflow-x-auto">
      |                  ^^^^^^^^^
  249 |               <table className="w-full text-xs">
  250 |                 <thead><tr className="text-muted-foreground border-b"><th className="text...
  251 |                 <tbody>

Parsing ecmascript source code failed @ http://localhost:3000/_next/static/chunks/node_modules_next_dist_0u_w_5s._.js:1945
[  646733ms] [ERROR] ./app/(app)/app/inventory/analytics/page.tsx:248:18
Expected '</', got 'ident'
  246 |                 exists to give, so on a phone they are the two that stay —
  247 |                 five columns measured 459px inside a 343px card. */}
> 248 |             <div className="mt-4 overflow-x-auto">
      |                  ^^^^^^^^^
  249 |               <table className="w-full text-xs">
  250 |                 <thead><tr className="text-muted-foreground border-b"><th className="text...
  251 |                 <tbody>

Parsing ecmascript source code failed @ http://localhost:3000/_next/static/chunks/node_modules_next_dist_0u_w_5s._.js:1945
[  646792ms] [ERROR] ./app/(app)/app/inventory/analytics/page.tsx:248:18
Expected '</', got 'ident'
  246 |                 exists to give, so on a phone they are the two that stay —
  247 |                 five columns measured 459px inside a 343px card. */}
> 248 |             <div className="mt-4 overflow-x-auto">
      |                  ^^^^^^^^^
  249 |               <table className="w-full text-xs">
  250 |                 <thead><tr className="text-muted-foreground border-b"><th className="text...
  251 |                 <tbody>

Parsing ecmascript source code failed @ http://localhost:3000/_next/static/chunks/node_modules_next_dist_0u_w_5s._.js:1945
[  646851ms] [ERROR] ./app/(app)/app/inventory/analytics/page.tsx:248:18
Expected '</', got 'ident'
  246 |                 exists to give, so on a phone they are the two that stay —
  247 |                 five columns measured 459px inside a 343px card. */}
> 248 |             <div className="mt-4 overflow-x-auto">
      |                  ^^^^^^^^^
  249 |               <table className="w-full text-xs">
  250 |                 <thead><tr className="text-muted-foreground border-b"><th className="text...
  251 |                 <tbody>

Parsing ecmascript source code failed @ http://localhost:3000/_next/static/chunks/node_modules_next_dist_0u_w_5s._.js:1945
[  646917ms] [ERROR] ./app/(app)/app/inventory/analytics/page.tsx:248:18
Expected '</', got 'ident'
  246 |                 exists to give, so on a phone they are the two that stay —
  247 |                 five columns measured 459px inside a 343px card. */}
> 248 |             <div className="mt-4 overflow-x-auto">
      |                  ^^^^^^^^^
  249 |               <table className="w-full text-xs">
  250 |                 <thead><tr className="text-muted-foreground border-b"><th className="text...
  251 |                 <tbody>

Parsing ecmascript source code failed @ http://localhost:3000/_next/static/chunks/node_modules_next_dist_0u_w_5s._.js:1945
[  646977ms] [ERROR] ./app/(app)/app/inventory/analytics/page.tsx:248:18
Expected '</', got 'ident'
  246 |                 exists to give, so on a phone they are the two that stay —
  247 |                 five columns measured 459px inside a 343px card. */}
> 248 |             <div className="mt-4 overflow-x-auto">
      |                  ^^^^^^^^^
  249 |               <table className="w-full text-xs">
  250 |                 <thead><tr className="text-muted-foreground border-b"><th className="text...
  251 |                 <tbody>

Parsing ecmascript source code failed @ http://localhost:3000/_next/static/chunks/node_modules_next_dist_0u_w_5s._.js:1945
[  647041ms] [ERROR] ./app/(app)/app/inventory/analytics/page.tsx:248:18
Expected '</', got 'ident'
  246 |                 exists to give, so on a phone they are the two that stay —
  247 |                 five columns measured 459px inside a 343px card. */}
> 248 |             <div className="mt-4 overflow-x-auto">
      |                  ^^^^^^^^^
  249 |               <table className="w-full text-xs">
  250 |                 <thead><tr className="text-muted-foreground border-b"><th className="text...
  251 |                 <tbody>

Parsing ecmascript source code failed @ http://localhost:3000/_next/static/chunks/node_modules_next_dist_0u_w_5s._.js:1945
[  647102ms] [ERROR] ./app/(app)/app/inventory/analytics/page.tsx:248:18
Expected '</', got 'ident'
  246 |                 exists to give, so on a phone they are the two that stay —
  247 |                 five columns measured 459px inside a 343px card. */}
> 248 |             <div className="mt-4 overflow-x-auto">
      |                  ^^^^^^^^^
  249 |               <table className="w-full text-xs">
  250 |                 <thead><tr className="text-muted-foreground border-b"><th className="text...
  251 |                 <tbody>

Parsing ecmascript source code failed @ http://localhost:3000/_next/static/chunks/node_modules_next_dist_0u_w_5s._.js:1945
[  647165ms] [ERROR] ./app/(app)/app/inventory/analytics/page.tsx:248:18
Expected '</', got 'ident'
  246 |                 exists to give, so on a phone they are the two that stay —
  247 |                 five columns measured 459px inside a 343px card. */}
> 248 |             <div className="mt-4 overflow-x-auto">
      |                  ^^^^^^^^^
  249 |               <table className="w-full text-xs">
  250 |                 <thead><tr className="text-muted-foreground border-b"><th className="text...
  251 |                 <tbody>

Parsing ecmascript source code failed @ http://localhost:3000/_next/static/chunks/node_modules_next_dist_0u_w_5s._.js:1945
[  647228ms] [ERROR] ./app/(app)/app/inventory/analytics/page.tsx:248:18
Expected '</', got 'ident'
  246 |                 exists to give, so on a phone they are the two that stay —
  247 |                 five columns measured 459px inside a 343px card. */}
> 248 |             <div className="mt-4 overflow-x-auto">
      |                  ^^^^^^^^^
  249 |               <table className="w-full text-xs">
  250 |                 <thead><tr className="text-muted-foreground border-b"><th className="text...
  251 |                 <tbody>

Parsing ecmascript source code failed @ http://localhost:3000/_next/static/chunks/node_modules_next_dist_0u_w_5s._.js:1945
[  647289ms] [ERROR] ./app/(app)/app/inventory/analytics/page.tsx:248:18
Expected '</', got 'ident'
  246 |                 exists to give, so on a phone they are the two that stay —
  247 |                 five columns measured 459px inside a 343px card. */}
> 248 |             <div className="mt-4 overflow-x-auto">
      |                  ^^^^^^^^^
  249 |               <table className="w-full text-xs">
  250 |                 <thead><tr className="text-muted-foreground border-b"><th className="text...
  251 |                 <tbody>

Parsing ecmascript source code failed @ http://localhost:3000/_next/static/chunks/node_modules_next_dist_0u_w_5s._.js:1945
[  647351ms] [ERROR] ./app/(app)/app/inventory/analytics/page.tsx:248:18
Expected '</', got 'ident'
  246 |                 exists to give, so on a phone they are the two that stay —
  247 |                 five columns measured 459px inside a 343px card. */}
> 248 |             <div className="mt-4 overflow-x-auto">
      |                  ^^^^^^^^^
  249 |               <table className="w-full text-xs">
  250 |                 <thead><tr className="text-muted-foreground border-b"><th className="text...
  251 |                 <tbody>

Parsing ecmascript source code failed @ http://localhost:3000/_next/static/chunks/node_modules_next_dist_0u_w_5s._.js:1945
[  647414ms] [ERROR] ./app/(app)/app/inventory/analytics/page.tsx:248:18
Expected '</', got 'ident'
  246 |                 exists to give, so on a phone they are the two that stay —
  247 |                 five columns measured 459px inside a 343px card. */}
> 248 |             <div className="mt-4 overflow-x-auto">
      |                  ^^^^^^^^^
  249 |               <table className="w-full text-xs">
  250 |                 <thead><tr className="text-muted-foreground border-b"><th className="text...
  251 |                 <tbody>

Parsing ecmascript source code failed @ http://localhost:3000/_next/static/chunks/node_modules_next_dist_0u_w_5s._.js:1945
[  647476ms] [ERROR] ./app/(app)/app/inventory/analytics/page.tsx:248:18
Expected '</', got 'ident'
  246 |                 exists to give, so on a phone they are the two that stay —
  247 |                 five columns measured 459px inside a 343px card. */}
> 248 |             <div className="mt-4 overflow-x-auto">
      |                  ^^^^^^^^^
  249 |               <table className="w-full text-xs">
  250 |                 <thead><tr className="text-muted-foreground border-b"><th className="text...
  251 |                 <tbody>

Parsing ecmascript source code failed @ http://localhost:3000/_next/static/chunks/node_modules_next_dist_0u_w_5s._.js:1945
[  647544ms] [ERROR] ./app/(app)/app/inventory/analytics/page.tsx:248:18
Expected '</', got 'ident'
  246 |                 exists to give, so on a phone they are the two that stay —
  247 |                 five columns measured 459px inside a 343px card. */}
> 248 |             <div className="mt-4 overflow-x-auto">
      |                  ^^^^^^^^^
  249 |               <table className="w-full text-xs">
  250 |                 <thead><tr className="text-muted-foreground border-b"><th className="text...
  251 |                 <tbody>

Parsing ecmascript source code failed @ http://localhost:3000/_next/static/chunks/node_modules_next_dist_0u_w_5s._.js:1945
[  647603ms] [ERROR] ./app/(app)/app/inventory/analytics/page.tsx:248:18
Expected '</', got 'ident'
  246 |                 exists to give, so on a phone they are the two that stay —
  247 |                 five columns measured 459px inside a 343px card. */}
> 248 |             <div className="mt-4 overflow-x-auto">
      |                  ^^^^^^^^^
  249 |               <table className="w-full text-xs">
  250 |                 <thead><tr className="text-muted-foreground border-b"><th className="text...
  251 |                 <tbody>

Parsing ecmascript source code failed @ http://localhost:3000/_next/static/chunks/node_modules_next_dist_0u_w_5s._.js:1945
[  647665ms] [ERROR] ./app/(app)/app/inventory/analytics/page.tsx:248:18
Expected '</', got 'ident'
  246 |                 exists to give, so on a phone they are the two that stay —
  247 |                 five columns measured 459px inside a 343px card. */}
> 248 |             <div className="mt-4 overflow-x-auto">
      |                  ^^^^^^^^^
  249 |               <table className="w-full text-xs">
  250 |                 <thead><tr className="text-muted-foreground border-b"><th className="text...
  251 |                 <tbody>

Parsing ecmascript source code failed @ http://localhost:3000/_next/static/chunks/node_modules_next_dist_0u_w_5s._.js:1945
[  647728ms] [ERROR] ./app/(app)/app/inventory/analytics/page.tsx:248:18
Expected '</', got 'ident'
  246 |                 exists to give, so on a phone they are the two that stay —
  247 |                 five columns measured 459px inside a 343px card. */}
> 248 |             <div className="mt-4 overflow-x-auto">
      |                  ^^^^^^^^^
  249 |               <table className="w-full text-xs">
  250 |                 <thead><tr className="text-muted-foreground border-b"><th className="text...
  251 |                 <tbody>

Parsing ecmascript source code failed @ http://localhost:3000/_next/static/chunks/node_modules_next_dist_0u_w_5s._.js:1945
[  647792ms] [ERROR] ./app/(app)/app/inventory/analytics/page.tsx:248:18
Expected '</', got 'ident'
  246 |                 exists to give, so on a phone they are the two that stay —
  247 |                 five columns measured 459px inside a 343px card. */}
> 248 |             <div className="mt-4 overflow-x-auto">
      |                  ^^^^^^^^^
  249 |               <table className="w-full text-xs">
  250 |                 <thead><tr className="text-muted-foreground border-b"><th className="text...
  251 |                 <tbody>

Parsing ecmascript source code failed @ http://localhost:3000/_next/static/chunks/node_modules_next_dist_0u_w_5s._.js:1945
[  647855ms] [ERROR] ./app/(app)/app/inventory/analytics/page.tsx:248:18
Expected '</', got 'ident'
  246 |                 exists to give, so on a phone they are the two that stay —
  247 |                 five columns measured 459px inside a 343px card. */}
> 248 |             <div className="mt-4 overflow-x-auto">
      |                  ^^^^^^^^^
  249 |               <table className="w-full text-xs">
  250 |                 <thead><tr className="text-muted-foreground border-b"><th className="text...
  251 |                 <tbody>

Parsing ecmascript source code failed @ http://localhost:3000/_next/static/chunks/node_modules_next_dist_0u_w_5s._.js:1945
[  647918ms] [ERROR] ./app/(app)/app/inventory/analytics/page.tsx:248:18
Expected '</', got 'ident'
  246 |                 exists to give, so on a phone they are the two that stay —
  247 |                 five columns measured 459px inside a 343px card. */}
> 248 |             <div className="mt-4 overflow-x-auto">
      |                  ^^^^^^^^^
  249 |               <table className="w-full text-xs">
  250 |                 <thead><tr className="text-muted-foreground border-b"><th className="text...
  251 |                 <tbody>

Parsing ecmascript source code failed @ http://localhost:3000/_next/static/chunks/node_modules_next_dist_0u_w_5s._.js:1945
[  647981ms] [ERROR] ./app/(app)/app/inventory/analytics/page.tsx:248:18
Expected '</', got 'ident'
  246 |                 exists to give, so on a phone they are the two that stay —
  247 |                 five columns measured 459px inside a 343px card. */}
> 248 |             <div className="mt-4 overflow-x-auto">
      |                  ^^^^^^^^^
  249 |               <table className="w-full text-xs">
  250 |                 <thead><tr className="text-muted-foreground border-b"><th className="text...
  251 |                 <tbody>

Parsing ecmascript source code failed @ http://localhost:3000/_next/static/chunks/node_modules_next_dist_0u_w_5s._.js:1945
[  648045ms] [ERROR] ./app/(app)/app/inventory/analytics/page.tsx:248:18
Expected '</', got 'ident'
  246 |                 exists to give, so on a phone they are the two that stay —
  247 |                 five columns measured 459px inside a 343px card. */}
> 248 |             <div className="mt-4 overflow-x-auto">
      |                  ^^^^^^^^^
  249 |               <table className="w-full text-xs">
  250 |                 <thead><tr className="text-muted-foreground border-b"><th className="text...
  251 |                 <tbody>

Parsing ecmascript source code failed @ http://localhost:3000/_next/static/chunks/node_modules_next_dist_0u_w_5s._.js:1945
[  648107ms] [ERROR] ./app/(app)/app/inventory/analytics/page.tsx:248:18
Expected '</', got 'ident'
  246 |                 exists to give, so on a phone they are the two that stay —
  247 |                 five columns measured 459px inside a 343px card. */}
> 248 |             <div className="mt-4 overflow-x-auto">
      |                  ^^^^^^^^^
  249 |               <table className="w-full text-xs">
  250 |                 <thead><tr className="text-muted-foreground border-b"><th className="text...
  251 |                 <tbody>

Parsing ecmascript source code failed @ http://localhost:3000/_next/static/chunks/node_modules_next_dist_0u_w_5s._.js:1945
[  648190ms] [ERROR] ./app/(app)/app/inventory/analytics/page.tsx:248:18
Expected '</', got 'ident'
  246 |                 exists to give, so on a phone they are the two that stay —
  247 |                 five columns measured 459px inside a 343px card. */}
> 248 |             <div className="mt-4 overflow-x-auto">
      |                  ^^^^^^^^^
  249 |               <table className="w-full text-xs">
  250 |                 <thead><tr className="text-muted-foreground border-b"><th className="text...
  251 |                 <tbody>

Parsing ecmascript source code failed @ http://localhost:3000/_next/static/chunks/node_modules_next_dist_0u_w_5s._.js:1945
[  648247ms] [ERROR] ./app/(app)/app/inventory/analytics/page.tsx:248:18
Expected '</', got 'ident'
  246 |                 exists to give, so on a phone they are the two that stay —
  247 |                 five columns measured 459px inside a 343px card. */}
> 248 |             <div className="mt-4 overflow-x-auto">
      |                  ^^^^^^^^^
  249 |               <table className="w-full text-xs">
  250 |                 <thead><tr className="text-muted-foreground border-b"><th className="text...
  251 |                 <tbody>

Parsing ecmascript source code failed @ http://localhost:3000/_next/static/chunks/node_modules_next_dist_0u_w_5s._.js:1945
[  648310ms] [ERROR] ./app/(app)/app/inventory/analytics/page.tsx:248:18
Expected '</', got 'ident'
  246 |                 exists to give, so on a phone they are the two that stay —
  247 |                 five columns measured 459px inside a 343px card. */}
> 248 |             <div className="mt-4 overflow-x-auto">
      |                  ^^^^^^^^^
  249 |               <table className="w-full text-xs">
  250 |                 <thead><tr className="text-muted-foreground border-b"><th className="text...
  251 |                 <tbody>

Parsing ecmascript source code failed @ http://localhost:3000/_next/static/chunks/node_modules_next_dist_0u_w_5s._.js:1945
[  648374ms] [ERROR] ./app/(app)/app/inventory/analytics/page.tsx:248:18
Expected '</', got 'ident'
  246 |                 exists to give, so on a phone they are the two that stay —
  247 |                 five columns measured 459px inside a 343px card. */}
> 248 |             <div className="mt-4 overflow-x-auto">
      |                  ^^^^^^^^^
  249 |               <table className="w-full text-xs">
  250 |                 <thead><tr className="text-muted-foreground border-b"><th className="text...
  251 |                 <tbody>

Parsing ecmascript source code failed @ http://localhost:3000/_next/static/chunks/node_modules_next_dist_0u_w_5s._.js:1945
[  648436ms] [ERROR] ./app/(app)/app/inventory/analytics/page.tsx:248:18
Expected '</', got 'ident'
  246 |                 exists to give, so on a phone they are the two that stay —
  247 |                 five columns measured 459px inside a 343px card. */}
> 248 |             <div className="mt-4 overflow-x-auto">
      |                  ^^^^^^^^^
  249 |               <table className="w-full text-xs">
  250 |                 <thead><tr className="text-muted-foreground border-b"><th className="text...
  251 |                 <tbody>

Parsing ecmascript source code failed @ http://localhost:3000/_next/static/chunks/node_modules_next_dist_0u_w_5s._.js:1945
[  648500ms] [ERROR] ./app/(app)/app/inventory/analytics/page.tsx:248:18
Expected '</', got 'ident'
  246 |                 exists to give, so on a phone they are the two that stay —
  247 |                 five columns measured 459px inside a 343px card. */}
> 248 |             <div className="mt-4 overflow-x-auto">
      |                  ^^^^^^^^^
  249 |               <table className="w-full text-xs">
  250 |                 <thead><tr className="text-muted-foreground border-b"><th className="text...
  251 |                 <tbody>

Parsing ecmascript source code failed @ http://localhost:3000/_next/static/chunks/node_modules_next_dist_0u_w_5s._.js:1945
[  648563ms] [ERROR] ./app/(app)/app/inventory/analytics/page.tsx:248:18
Expected '</', got 'ident'
  246 |                 exists to give, so on a phone they are the two that stay —
  247 |                 five columns measured 459px inside a 343px card. */}
> 248 |             <div className="mt-4 overflow-x-auto">
      |                  ^^^^^^^^^
  249 |               <table className="w-full text-xs">
  250 |                 <thead><tr className="text-muted-foreground border-b"><th className="text...
  251 |                 <tbody>

Parsing ecmascript source code failed @ http://localhost:3000/_next/static/chunks/node_modules_next_dist_0u_w_5s._.js:1945
[  648624ms] [ERROR] ./app/(app)/app/inventory/analytics/page.tsx:248:18
Expected '</', got 'ident'
  246 |                 exists to give, so on a phone they are the two that stay —
  247 |                 five columns measured 459px inside a 343px card. */}
> 248 |             <div className="mt-4 overflow-x-auto">
      |                  ^^^^^^^^^
  249 |               <table className="w-full text-xs">
  250 |                 <thead><tr className="text-muted-foreground border-b"><th className="text...
  251 |                 <tbody>

Parsing ecmascript source code failed @ http://localhost:3000/_next/static/chunks/node_modules_next_dist_0u_w_5s._.js:1945
[  648685ms] [ERROR] ./app/(app)/app/inventory/analytics/page.tsx:248:18
Expected '</', got 'ident'
  246 |                 exists to give, so on a phone they are the two that stay —
  247 |                 five columns measured 459px inside a 343px card. */}
> 248 |             <div className="mt-4 overflow-x-auto">
      |                  ^^^^^^^^^
  249 |               <table className="w-full text-xs">
  250 |                 <thead><tr className="text-muted-foreground border-b"><th className="text...
  251 |                 <tbody>

Parsing ecmascript source code failed @ http://localhost:3000/_next/static/chunks/node_modules_next_dist_0u_w_5s._.js:1945
[  648749ms] [ERROR] ./app/(app)/app/inventory/analytics/page.tsx:248:18
Expected '</', got 'ident'
  246 |                 exists to give, so on a phone they are the two that stay —
  247 |                 five columns measured 459px inside a 343px card. */}
> 248 |             <div className="mt-4 overflow-x-auto">
      |                  ^^^^^^^^^
  249 |               <table className="w-full text-xs">
  250 |                 <thead><tr className="text-muted-foreground border-b"><th className="text...
  251 |                 <tbody>

Parsing ecmascript source code failed @ http://localhost:3000/_next/static/chunks/node_modules_next_dist_0u_w_5s._.js:1945
[  648812ms] [ERROR] ./app/(app)/app/inventory/analytics/page.tsx:248:18
Expected '</', got 'ident'
  246 |                 exists to give, so on a phone they are the two that stay —
  247 |                 five columns measured 459px inside a 343px card. */}
> 248 |             <div className="mt-4 overflow-x-auto">
      |                  ^^^^^^^^^
  249 |               <table className="w-full text-xs">
  250 |                 <thead><tr className="text-muted-foreground border-b"><th className="text...
  251 |                 <tbody>

Parsing ecmascript source code failed @ http://localhost:3000/_next/static/chunks/node_modules_next_dist_0u_w_5s._.js:1945
[  648877ms] [ERROR] ./app/(app)/app/inventory/analytics/page.tsx:248:18
Expected '</', got 'ident'
  246 |                 exists to give, so on a phone they are the two that stay —
  247 |                 five columns measured 459px inside a 343px card. */}
> 248 |             <div className="mt-4 overflow-x-auto">
      |                  ^^^^^^^^^
  249 |               <table className="w-full text-xs">
  250 |                 <thead><tr className="text-muted-foreground border-b"><th className="text...
  251 |                 <tbody>

Parsing ecmascript source code failed @ http://localhost:3000/_next/static/chunks/node_modules_next_dist_0u_w_5s._.js:1945
[  648940ms] [ERROR] ./app/(app)/app/inventory/analytics/page.tsx:248:18
Expected '</', got 'ident'
  246 |                 exists to give, so on a phone they are the two that stay —
  247 |                 five columns measured 459px inside a 343px card. */}
> 248 |             <div className="mt-4 overflow-x-auto">
      |                  ^^^^^^^^^
  249 |               <table className="w-full text-xs">
  250 |                 <thead><tr className="text-muted-foreground border-b"><th className="text...
  251 |                 <tbody>

Parsing ecmascript source code failed @ http://localhost:3000/_next/static/chunks/node_modules_next_dist_0u_w_5s._.js:1945
[  649002ms] [ERROR] ./app/(app)/app/inventory/analytics/page.tsx:248:18
Expected '</', got 'ident'
  246 |                 exists to give, so on a phone they are the two that stay —
  247 |                 five columns measured 459px inside a 343px card. */}
> 248 |             <div className="mt-4 overflow-x-auto">
      |                  ^^^^^^^^^
  249 |               <table className="w-full text-xs">
  250 |                 <thead><tr className="text-muted-foreground border-b"><th className="text...
  251 |                 <tbody>

Parsing ecmascript source code failed @ http://localhost:3000/_next/static/chunks/node_modules_next_dist_0u_w_5s._.js:1945
[  649065ms] [ERROR] ./app/(app)/app/inventory/analytics/page.tsx:248:18
Expected '</', got 'ident'
  246 |                 exists to give, so on a phone they are the two that stay —
  247 |                 five columns measured 459px inside a 343px card. */}
> 248 |             <div className="mt-4 overflow-x-auto">
      |                  ^^^^^^^^^
  249 |               <table className="w-full text-xs">
  250 |                 <thead><tr className="text-muted-foreground border-b"><th className="text...
  251 |                 <tbody>

Parsing ecmascript source code failed @ http://localhost:3000/_next/static/chunks/node_modules_next_dist_0u_w_5s._.js:1945
[  649142ms] [ERROR] ./app/(app)/app/inventory/analytics/page.tsx:248:18
Expected '</', got 'ident'
  246 |                 exists to give, so on a phone they are the two that stay —
  247 |                 five columns measured 459px inside a 343px card. */}
> 248 |             <div className="mt-4 overflow-x-auto">
      |                  ^^^^^^^^^
  249 |               <table className="w-full text-xs">
  250 |                 <thead><tr className="text-muted-foreground border-b"><th className="text...
  251 |                 <tbody>

Parsing ecmascript source code failed @ http://localhost:3000/_next/static/chunks/node_modules_next_dist_0u_w_5s._.js:1945
[  649206ms] [ERROR] ./app/(app)/app/inventory/analytics/page.tsx:248:18
Expected '</', got 'ident'
  246 |                 exists to give, so on a phone they are the two that stay —
  247 |                 five columns measured 459px inside a 343px card. */}
> 248 |             <div className="mt-4 overflow-x-auto">
      |                  ^^^^^^^^^
  249 |               <table className="w-full text-xs">
  250 |                 <thead><tr className="text-muted-foreground border-b"><th className="text...
  251 |                 <tbody>

Parsing ecmascript source code failed @ http://localhost:3000/_next/static/chunks/node_modules_next_dist_0u_w_5s._.js:1945
[  649269ms] [ERROR] ./app/(app)/app/inventory/analytics/page.tsx:248:18
Expected '</', got 'ident'
  246 |                 exists to give, so on a phone they are the two that stay —
  247 |                 five columns measured 459px inside a 343px card. */}
> 248 |             <div className="mt-4 overflow-x-auto">
      |                  ^^^^^^^^^
  249 |               <table className="w-full text-xs">
  250 |                 <thead><tr className="text-muted-foreground border-b"><th className="text...
  251 |                 <tbody>

Parsing ecmascript source code failed @ http://localhost:3000/_next/static/chunks/node_modules_next_dist_0u_w_5s._.js:1945
[  649331ms] [ERROR] ./app/(app)/app/inventory/analytics/page.tsx:248:18
Expected '</', got 'ident'
  246 |                 exists to give, so on a phone they are the two that stay —
  247 |                 five columns measured 459px inside a 343px card. */}
> 248 |             <div className="mt-4 overflow-x-auto">
      |                  ^^^^^^^^^
  249 |               <table className="w-full text-xs">
  250 |                 <thead><tr className="text-muted-foreground border-b"><th className="text...
  251 |                 <tbody>

Parsing ecmascript source code failed @ http://localhost:3000/_next/static/chunks/node_modules_next_dist_0u_w_5s._.js:1945
[  649395ms] [ERROR] ./app/(app)/app/inventory/analytics/page.tsx:248:18
Expected '</', got 'ident'
  246 |                 exists to give, so on a phone they are the two that stay —
  247 |                 five columns measured 459px inside a 343px card. */}
> 248 |             <div className="mt-4 overflow-x-auto">
      |                  ^^^^^^^^^
  249 |               <table className="w-full text-xs">
  250 |                 <thead><tr className="text-muted-foreground border-b"><th className="text...
  251 |                 <tbody>

Parsing ecmascript source code failed @ http://localhost:3000/_next/static/chunks/node_modules_next_dist_0u_w_5s._.js:1945
[  649457ms] [ERROR] ./app/(app)/app/inventory/analytics/page.tsx:248:18
Expected '</', got 'ident'
  246 |                 exists to give, so on a phone they are the two that stay —
  247 |                 five columns measured 459px inside a 343px card. */}
> 248 |             <div className="mt-4 overflow-x-auto">
      |                  ^^^^^^^^^
  249 |               <table className="w-full text-xs">
  250 |                 <thead><tr className="text-muted-foreground border-b"><th className="text...
  251 |                 <tbody>

Parsing ecmascript source code failed @ http://localhost:3000/_next/static/chunks/node_modules_next_dist_0u_w_5s._.js:1945
[  649519ms] [ERROR] ./app/(app)/app/inventory/analytics/page.tsx:248:18
Expected '</', got 'ident'
  246 |                 exists to give, so on a phone they are the two that stay —
  247 |                 five columns measured 459px inside a 343px card. */}
> 248 |             <div className="mt-4 overflow-x-auto">
      |                  ^^^^^^^^^
  249 |               <table className="w-full text-xs">
  250 |                 <thead><tr className="text-muted-foreground border-b"><th className="text...
  251 |                 <tbody>

Parsing ecmascript source code failed @ http://localhost:3000/_next/static/chunks/node_modules_next_dist_0u_w_5s._.js:1945
[  649583ms] [ERROR] ./app/(app)/app/inventory/analytics/page.tsx:248:18
Expected '</', got 'ident'
  246 |                 exists to give, so on a phone they are the two that stay —
  247 |                 five columns measured 459px inside a 343px card. */}
> 248 |             <div className="mt-4 overflow-x-auto">
      |                  ^^^^^^^^^
  249 |               <table className="w-full text-xs">
  250 |                 <thead><tr className="text-muted-foreground border-b"><th className="text...
  251 |                 <tbody>

Parsing ecmascript source code failed @ http://localhost:3000/_next/static/chunks/node_modules_next_dist_0u_w_5s._.js:1945
[  649648ms] [ERROR] ./app/(app)/app/inventory/analytics/page.tsx:248:18
Expected '</', got 'ident'
  246 |                 exists to give, so on a phone they are the two that stay —
  247 |                 five columns measured 459px inside a 343px card. */}
> 248 |             <div className="mt-4 overflow-x-auto">
      |                  ^^^^^^^^^
  249 |               <table className="w-full text-xs">
  250 |                 <thead><tr className="text-muted-foreground border-b"><th className="text...
  251 |                 <tbody>

Parsing ecmascript source code failed @ http://localhost:3000/_next/static/chunks/node_modules_next_dist_0u_w_5s._.js:1945
[  649709ms] [ERROR] ./app/(app)/app/inventory/analytics/page.tsx:248:18
Expected '</', got 'ident'
  246 |                 exists to give, so on a phone they are the two that stay —
  247 |                 five columns measured 459px inside a 343px card. */}
> 248 |             <div className="mt-4 overflow-x-auto">
      |                  ^^^^^^^^^
  249 |               <table className="w-full text-xs">
  250 |                 <thead><tr className="text-muted-foreground border-b"><th className="text...
  251 |                 <tbody>

Parsing ecmascript source code failed @ http://localhost:3000/_next/static/chunks/node_modules_next_dist_0u_w_5s._.js:1945
[  649771ms] [ERROR] ./app/(app)/app/inventory/analytics/page.tsx:248:18
Expected '</', got 'ident'
  246 |                 exists to give, so on a phone they are the two that stay —
  247 |                 five columns measured 459px inside a 343px card. */}
> 248 |             <div className="mt-4 overflow-x-auto">
      |                  ^^^^^^^^^
  249 |               <table className="w-full text-xs">
  250 |                 <thead><tr className="text-muted-foreground border-b"><th className="text...
  251 |                 <tbody>

Parsing ecmascript source code failed @ http://localhost:3000/_next/static/chunks/node_modules_next_dist_0u_w_5s._.js:1945
[  649848ms] [ERROR] ./app/(app)/app/inventory/analytics/page.tsx:248:18
Expected '</', got 'ident'
  246 |                 exists to give, so on a phone they are the two that stay —
  247 |                 five columns measured 459px inside a 343px card. */}
> 248 |             <div className="mt-4 overflow-x-auto">
      |                  ^^^^^^^^^
  249 |               <table className="w-full text-xs">
  250 |                 <thead><tr className="text-muted-foreground border-b"><th className="text...
  251 |                 <tbody>

Parsing ecmascript source code failed @ http://localhost:3000/_next/static/chunks/node_modules_next_dist_0u_w_5s._.js:1945
[  649910ms] [ERROR] ./app/(app)/app/inventory/analytics/page.tsx:248:18
Expected '</', got 'ident'
  246 |                 exists to give, so on a phone they are the two that stay —
  247 |                 five columns measured 459px inside a 343px card. */}
> 248 |             <div className="mt-4 overflow-x-auto">
      |                  ^^^^^^^^^
  249 |               <table className="w-full text-xs">
  250 |                 <thead><tr className="text-muted-foreground border-b"><th className="text...
  251 |                 <tbody>

Parsing ecmascript source code failed @ http://localhost:3000/_next/static/chunks/node_modules_next_dist_0u_w_5s._.js:1945
[  649972ms] [ERROR] ./app/(app)/app/inventory/analytics/page.tsx:248:18
Expected '</', got 'ident'
  246 |                 exists to give, so on a phone they are the two that stay —
  247 |                 five columns measured 459px inside a 343px card. */}
> 248 |             <div className="mt-4 overflow-x-auto">
      |                  ^^^^^^^^^
  249 |               <table className="w-full text-xs">
  250 |                 <thead><tr className="text-muted-foreground border-b"><th className="text...
  251 |                 <tbody>

Parsing ecmascript source code failed @ http://localhost:3000/_next/static/chunks/node_modules_next_dist_0u_w_5s._.js:1945
[  650036ms] [ERROR] ./app/(app)/app/inventory/analytics/page.tsx:248:18
Expected '</', got 'ident'
  246 |                 exists to give, so on a phone they are the two that stay —
  247 |                 five columns measured 459px inside a 343px card. */}
> 248 |             <div className="mt-4 overflow-x-auto">
      |                  ^^^^^^^^^
  249 |               <table className="w-full text-xs">
  250 |                 <thead><tr className="text-muted-foreground border-b"><th className="text...
  251 |                 <tbody>

Parsing ecmascript source code failed @ http://localhost:3000/_next/static/chunks/node_modules_next_dist_0u_w_5s._.js:1945
[  650099ms] [ERROR] ./app/(app)/app/inventory/analytics/page.tsx:248:18
Expected '</', got 'ident'
  246 |                 exists to give, so on a phone they are the two that stay —
  247 |                 five columns measured 459px inside a 343px card. */}
> 248 |             <div className="mt-4 overflow-x-auto">
      |                  ^^^^^^^^^
  249 |               <table className="w-full text-xs">
  250 |                 <thead><tr className="text-muted-foreground border-b"><th className="text...
  251 |                 <tbody>

Parsing ecmascript source code failed @ http://localhost:3000/_next/static/chunks/node_modules_next_dist_0u_w_5s._.js:1945
[  650161ms] [ERROR] ./app/(app)/app/inventory/analytics/page.tsx:248:18
Expected '</', got 'ident'
  246 |                 exists to give, so on a phone they are the two that stay —
  247 |                 five columns measured 459px inside a 343px card. */}
> 248 |             <div className="mt-4 overflow-x-auto">
      |                  ^^^^^^^^^
  249 |               <table className="w-full text-xs">
  250 |                 <thead><tr className="text-muted-foreground border-b"><th className="text...
  251 |                 <tbody>

Parsing ecmascript source code failed @ http://localhost:3000/_next/static/chunks/node_modules_next_dist_0u_w_5s._.js:1945
[  650225ms] [ERROR] ./app/(app)/app/inventory/analytics/page.tsx:248:18
Expected '</', got 'ident'
  246 |                 exists to give, so on a phone they are the two that stay —
  247 |                 five columns measured 459px inside a 343px card. */}
> 248 |             <div className="mt-4 overflow-x-auto">
      |                  ^^^^^^^^^
  249 |               <table className="w-full text-xs">
  250 |                 <thead><tr className="text-muted-foreground border-b"><th className="text...
  251 |                 <tbody>

Parsing ecmascript source code failed @ http://localhost:3000/_next/static/chunks/node_modules_next_dist_0u_w_5s._.js:1945
[  650288ms] [ERROR] ./app/(app)/app/inventory/analytics/page.tsx:248:18
Expected '</', got 'ident'
  246 |                 exists to give, so on a phone they are the two that stay —
  247 |                 five columns measured 459px inside a 343px card. */}
> 248 |             <div className="mt-4 overflow-x-auto">
      |                  ^^^^^^^^^
  249 |               <table className="w-full text-xs">
  250 |                 <thead><tr className="text-muted-foreground border-b"><th className="text...
  251 |                 <tbody>

Parsing ecmascript source code failed @ http://localhost:3000/_next/static/chunks/node_modules_next_dist_0u_w_5s._.js:1945
[  650351ms] [ERROR] ./app/(app)/app/inventory/analytics/page.tsx:248:18
Expected '</', got 'ident'
  246 |                 exists to give, so on a phone they are the two that stay —
  247 |                 five columns measured 459px inside a 343px card. */}
> 248 |             <div className="mt-4 overflow-x-auto">
      |                  ^^^^^^^^^
  249 |               <table className="w-full text-xs">
  250 |                 <thead><tr className="text-muted-foreground border-b"><th className="text...
  251 |                 <tbody>

Parsing ecmascript source code failed @ http://localhost:3000/_next/static/chunks/node_modules_next_dist_0u_w_5s._.js:1945
[  650414ms] [ERROR] ./app/(app)/app/inventory/analytics/page.tsx:248:18
Expected '</', got 'ident'
  246 |                 exists to give, so on a phone they are the two that stay —
  247 |                 five columns measured 459px inside a 343px card. */}
> 248 |             <div className="mt-4 overflow-x-auto">
      |                  ^^^^^^^^^
  249 |               <table className="w-full text-xs">
  250 |                 <thead><tr className="text-muted-foreground border-b"><th className="text...
  251 |                 <tbody>

Parsing ecmascript source code failed @ http://localhost:3000/_next/static/chunks/node_modules_next_dist_0u_w_5s._.js:1945
[  650477ms] [ERROR] ./app/(app)/app/inventory/analytics/page.tsx:248:18
Expected '</', got 'ident'
  246 |                 exists to give, so on a phone they are the two that stay —
  247 |                 five columns measured 459px inside a 343px card. */}
> 248 |             <div className="mt-4 overflow-x-auto">
      |                  ^^^^^^^^^
  249 |               <table className="w-full text-xs">
  250 |                 <thead><tr className="text-muted-foreground border-b"><th className="text...
  251 |                 <tbody>

Parsing ecmascript source code failed @ http://localhost:3000/_next/static/chunks/node_modules_next_dist_0u_w_5s._.js:1945
[  650540ms] [ERROR] ./app/(app)/app/inventory/analytics/page.tsx:248:18
Expected '</', got 'ident'
  246 |                 exists to give, so on a phone they are the two that stay —
  247 |                 five columns measured 459px inside a 343px card. */}
> 248 |             <div className="mt-4 overflow-x-auto">
      |                  ^^^^^^^^^
  249 |               <table className="w-full text-xs">
  250 |                 <thead><tr className="text-muted-foreground border-b"><th className="text...
  251 |                 <tbody>

Parsing ecmascript source code failed @ http://localhost:3000/_next/static/chunks/node_modules_next_dist_0u_w_5s._.js:1945
[  650603ms] [ERROR] ./app/(app)/app/inventory/analytics/page.tsx:248:18
Expected '</', got 'ident'
  246 |                 exists to give, so on a phone they are the two that stay —
  247 |                 five columns measured 459px inside a 343px card. */}
> 248 |             <div className="mt-4 overflow-x-auto">
      |                  ^^^^^^^^^
  249 |               <table className="w-full text-xs">
  250 |                 <thead><tr className="text-muted-foreground border-b"><th className="text...
  251 |                 <tbody>

Parsing ecmascript source code failed @ http://localhost:3000/_next/static/chunks/node_modules_next_dist_0u_w_5s._.js:1945
[  650665ms] [ERROR] ./app/(app)/app/inventory/analytics/page.tsx:248:18
Expected '</', got 'ident'
  246 |                 exists to give, so on a phone they are the two that stay —
  247 |                 five columns measured 459px inside a 343px card. */}
> 248 |             <div className="mt-4 overflow-x-auto">
      |                  ^^^^^^^^^
  249 |               <table className="w-full text-xs">
  250 |                 <thead><tr className="text-muted-foreground border-b"><th className="text...
  251 |                 <tbody>

Parsing ecmascript source code failed @ http://localhost:3000/_next/static/chunks/node_modules_next_dist_0u_w_5s._.js:1945
[  650729ms] [ERROR] ./app/(app)/app/inventory/analytics/page.tsx:248:18
Expected '</', got 'ident'
  246 |                 exists to give, so on a phone they are the two that stay —
  247 |                 five columns measured 459px inside a 343px card. */}
> 248 |             <div className="mt-4 overflow-x-auto">
      |                  ^^^^^^^^^
  249 |               <table className="w-full text-xs">
  250 |                 <thead><tr className="text-muted-foreground border-b"><th className="text...
  251 |                 <tbody>

Parsing ecmascript source code failed @ http://localhost:3000/_next/static/chunks/node_modules_next_dist_0u_w_5s._.js:1945
[  650791ms] [ERROR] ./app/(app)/app/inventory/analytics/page.tsx:248:18
Expected '</', got 'ident'
  246 |                 exists to give, so on a phone they are the two that stay —
  247 |                 five columns measured 459px inside a 343px card. */}
> 248 |             <div className="mt-4 overflow-x-auto">
      |                  ^^^^^^^^^
  249 |               <table className="w-full text-xs">
  250 |                 <thead><tr className="text-muted-foreground border-b"><th className="text...
  251 |                 <tbody>

Parsing ecmascript source code failed @ http://localhost:3000/_next/static/chunks/node_modules_next_dist_0u_w_5s._.js:1945
[  650855ms] [ERROR] ./app/(app)/app/inventory/analytics/page.tsx:248:18
Expected '</', got 'ident'
  246 |                 exists to give, so on a phone they are the two that stay —
  247 |                 five columns measured 459px inside a 343px card. */}
> 248 |             <div className="mt-4 overflow-x-auto">
      |                  ^^^^^^^^^
  249 |               <table className="w-full text-xs">
  250 |                 <thead><tr className="text-muted-foreground border-b"><th className="text...
  251 |                 <tbody>

Parsing ecmascript source code failed @ http://localhost:3000/_next/static/chunks/node_modules_next_dist_0u_w_5s._.js:1945
[  650917ms] [ERROR] ./app/(app)/app/inventory/analytics/page.tsx:248:18
Expected '</', got 'ident'
  246 |                 exists to give, so on a phone they are the two that stay —
  247 |                 five columns measured 459px inside a 343px card. */}
> 248 |             <div className="mt-4 overflow-x-auto">
      |                  ^^^^^^^^^
  249 |               <table className="w-full text-xs">
  250 |                 <thead><tr className="text-muted-foreground border-b"><th className="text...
  251 |                 <tbody>

Parsing ecmascript source code failed @ http://localhost:3000/_next/static/chunks/node_modules_next_dist_0u_w_5s._.js:1945
[  650981ms] [ERROR] ./app/(app)/app/inventory/analytics/page.tsx:248:18
Expected '</', got 'ident'
  246 |                 exists to give, so on a phone they are the two that stay —
  247 |                 five columns measured 459px inside a 343px card. */}
> 248 |             <div className="mt-4 overflow-x-auto">
      |                  ^^^^^^^^^
  249 |               <table className="w-full text-xs">
  250 |                 <thead><tr className="text-muted-foreground border-b"><th className="text...
  251 |                 <tbody>

Parsing ecmascript source code failed @ http://localhost:3000/_next/static/chunks/node_modules_next_dist_0u_w_5s._.js:1945
[  651044ms] [ERROR] ./app/(app)/app/inventory/analytics/page.tsx:248:18
Expected '</', got 'ident'
  246 |                 exists to give, so on a phone they are the two that stay —
  247 |                 five columns measured 459px inside a 343px card. */}
> 248 |             <div className="mt-4 overflow-x-auto">
      |                  ^^^^^^^^^
  249 |               <table className="w-full text-xs">
  250 |                 <thead><tr className="text-muted-foreground border-b"><th className="text...
  251 |                 <tbody>

Parsing ecmascript source code failed @ http://localhost:3000/_next/static/chunks/node_modules_next_dist_0u_w_5s._.js:1945
[  651107ms] [ERROR] ./app/(app)/app/inventory/analytics/page.tsx:248:18
Expected '</', got 'ident'
  246 |                 exists to give, so on a phone they are the two that stay —
  247 |                 five columns measured 459px inside a 343px card. */}
> 248 |             <div className="mt-4 overflow-x-auto">
      |                  ^^^^^^^^^
  249 |               <table className="w-full text-xs">
  250 |                 <thead><tr className="text-muted-foreground border-b"><th className="text...
  251 |                 <tbody>

Parsing ecmascript source code failed @ http://localhost:3000/_next/static/chunks/node_modules_next_dist_0u_w_5s._.js:1945
[  651171ms] [ERROR] ./app/(app)/app/inventory/analytics/page.tsx:248:18
Expected '</', got 'ident'
  246 |                 exists to give, so on a phone they are the two that stay —
  247 |                 five columns measured 459px inside a 343px card. */}
> 248 |             <div className="mt-4 overflow-x-auto">
      |                  ^^^^^^^^^
  249 |               <table className="w-full text-xs">
  250 |                 <thead><tr className="text-muted-foreground border-b"><th className="text...
  251 |                 <tbody>

Parsing ecmascript source code failed @ http://localhost:3000/_next/static/chunks/node_modules_next_dist_0u_w_5s._.js:1945
[  651234ms] [ERROR] ./app/(app)/app/inventory/analytics/page.tsx:248:18
Expected '</', got 'ident'
  246 |                 exists to give, so on a phone they are the two that stay —
  247 |                 five columns measured 459px inside a 343px card. */}
> 248 |             <div className="mt-4 overflow-x-auto">
      |                  ^^^^^^^^^
  249 |               <table className="w-full text-xs">
  250 |                 <thead><tr className="text-muted-foreground border-b"><th className="text...
  251 |                 <tbody>

Parsing ecmascript source code failed @ http://localhost:3000/_next/static/chunks/node_modules_next_dist_0u_w_5s._.js:1945
[  651312ms] [ERROR] ./app/(app)/app/inventory/analytics/page.tsx:248:18
Expected '</', got 'ident'
  246 |                 exists to give, so on a phone they are the two that stay —
  247 |                 five columns measured 459px inside a 343px card. */}
> 248 |             <div className="mt-4 overflow-x-auto">
      |                  ^^^^^^^^^
  249 |               <table className="w-full text-xs">
  250 |                 <thead><tr className="text-muted-foreground border-b"><th className="text...
  251 |                 <tbody>

Parsing ecmascript source code failed @ http://localhost:3000/_next/static/chunks/node_modules_next_dist_0u_w_5s._.js:1945
[  651375ms] [ERROR] ./app/(app)/app/inventory/analytics/page.tsx:248:18
Expected '</', got 'ident'
  246 |                 exists to give, so on a phone they are the two that stay —
  247 |                 five columns measured 459px inside a 343px card. */}
> 248 |             <div className="mt-4 overflow-x-auto">
      |                  ^^^^^^^^^
  249 |               <table className="w-full text-xs">
  250 |                 <thead><tr className="text-muted-foreground border-b"><th className="text...
  251 |                 <tbody>

Parsing ecmascript source code failed @ http://localhost:3000/_next/static/chunks/node_modules_next_dist_0u_w_5s._.js:1945
[  651453ms] [ERROR] ./app/(app)/app/inventory/analytics/page.tsx:248:18
Expected '</', got 'ident'
  246 |                 exists to give, so on a phone they are the two that stay —
  247 |                 five columns measured 459px inside a 343px card. */}
> 248 |             <div className="mt-4 overflow-x-auto">
      |                  ^^^^^^^^^
  249 |               <table className="w-full text-xs">
  250 |                 <thead><tr className="text-muted-foreground border-b"><th className="text...
  251 |                 <tbody>

Parsing ecmascript source code failed @ http://localhost:3000/_next/static/chunks/node_modules_next_dist_0u_w_5s._.js:1945
[  651515ms] [ERROR] ./app/(app)/app/inventory/analytics/page.tsx:248:18
Expected '</', got 'ident'
  246 |                 exists to give, so on a phone they are the two that stay —
  247 |                 five columns measured 459px inside a 343px card. */}
> 248 |             <div className="mt-4 overflow-x-auto">
      |                  ^^^^^^^^^
  249 |               <table className="w-full text-xs">
  250 |                 <thead><tr className="text-muted-foreground border-b"><th className="text...
  251 |                 <tbody>

Parsing ecmascript source code failed @ http://localhost:3000/_next/static/chunks/node_modules_next_dist_0u_w_5s._.js:1945
[  651578ms] [ERROR] ./app/(app)/app/inventory/analytics/page.tsx:248:18
Expected '</', got 'ident'
  246 |                 exists to give, so on a phone they are the two that stay —
  247 |                 five columns measured 459px inside a 343px card. */}
> 248 |             <div className="mt-4 overflow-x-auto">
      |                  ^^^^^^^^^
  249 |               <table className="w-full text-xs">
  250 |                 <thead><tr className="text-muted-foreground border-b"><th className="text...
  251 |                 <tbody>

Parsing ecmascript source code failed @ http://localhost:3000/_next/static/chunks/node_modules_next_dist_0u_w_5s._.js:1945
[  651639ms] [ERROR] ./app/(app)/app/inventory/analytics/page.tsx:248:18
Expected '</', got 'ident'
  246 |                 exists to give, so on a phone they are the two that stay —
  247 |                 five columns measured 459px inside a 343px card. */}
> 248 |             <div className="mt-4 overflow-x-auto">
      |                  ^^^^^^^^^
  249 |               <table className="w-full text-xs">
  250 |                 <thead><tr className="text-muted-foreground border-b"><th className="text...
  251 |                 <tbody>

Parsing ecmascript source code failed @ http://localhost:3000/_next/static/chunks/node_modules_next_dist_0u_w_5s._.js:1945
[  651718ms] [ERROR] ./app/(app)/app/inventory/analytics/page.tsx:248:18
Expected '</', got 'ident'
  246 |                 exists to give, so on a phone they are the two that stay —
  247 |                 five columns measured 459px inside a 343px card. */}
> 248 |             <div className="mt-4 overflow-x-auto">
      |                  ^^^^^^^^^
  249 |               <table className="w-full text-xs">
  250 |                 <thead><tr className="text-muted-foreground border-b"><th className="text...
  251 |                 <tbody>

Parsing ecmascript source code failed @ http://localhost:3000/_next/static/chunks/node_modules_next_dist_0u_w_5s._.js:1945
[  651797ms] [ERROR] ./app/(app)/app/inventory/analytics/page.tsx:248:18
Expected '</', got 'ident'
  246 |                 exists to give, so on a phone they are the two that stay —
  247 |                 five columns measured 459px inside a 343px card. */}
> 248 |             <div className="mt-4 overflow-x-auto">
      |                  ^^^^^^^^^
  249 |               <table className="w-full text-xs">
  250 |                 <thead><tr className="text-muted-foreground border-b"><th className="text...
  251 |                 <tbody>

Parsing ecmascript source code failed @ http://localhost:3000/_next/static/chunks/node_modules_next_dist_0u_w_5s._.js:1945
[  651860ms] [ERROR] ./app/(app)/app/inventory/analytics/page.tsx:248:18
Expected '</', got 'ident'
  246 |                 exists to give, so on a phone they are the two that stay —
  247 |                 five columns measured 459px inside a 343px card. */}
> 248 |             <div className="mt-4 overflow-x-auto">
      |                  ^^^^^^^^^
  249 |               <table className="w-full text-xs">
  250 |                 <thead><tr className="text-muted-foreground border-b"><th className="text...
  251 |                 <tbody>

Parsing ecmascript source code failed @ http://localhost:3000/_next/static/chunks/node_modules_next_dist_0u_w_5s._.js:1945
[  651952ms] [ERROR] ./app/(app)/app/inventory/analytics/page.tsx:248:18
Expected '</', got 'ident'
  246 |                 exists to give, so on a phone they are the two that stay —
  247 |                 five columns measured 459px inside a 343px card. */}
> 248 |             <div className="mt-4 overflow-x-auto">
      |                  ^^^^^^^^^
  249 |               <table className="w-full text-xs">
  250 |                 <thead><tr className="text-muted-foreground border-b"><th className="text...
  251 |                 <tbody>

Parsing ecmascript source code failed @ http://localhost:3000/_next/static/chunks/node_modules_next_dist_0u_w_5s._.js:1945
[  652015ms] [ERROR] ./app/(app)/app/inventory/analytics/page.tsx:248:18
Expected '</', got 'ident'
  246 |                 exists to give, so on a phone they are the two that stay —
  247 |                 five columns measured 459px inside a 343px card. */}
> 248 |             <div className="mt-4 overflow-x-auto">
      |                  ^^^^^^^^^
  249 |               <table className="w-full text-xs">
  250 |                 <thead><tr className="text-muted-foreground border-b"><th className="text...
  251 |                 <tbody>

Parsing ecmascript source code failed @ http://localhost:3000/_next/static/chunks/node_modules_next_dist_0u_w_5s._.js:1945
[  652078ms] [ERROR] ./app/(app)/app/inventory/analytics/page.tsx:248:18
Expected '</', got 'ident'
  246 |                 exists to give, so on a phone they are the two that stay —
  247 |                 five columns measured 459px inside a 343px card. */}
> 248 |             <div className="mt-4 overflow-x-auto">
      |                  ^^^^^^^^^
  249 |               <table className="w-full text-xs">
  250 |                 <thead><tr className="text-muted-foreground border-b"><th className="text...
  251 |                 <tbody>

Parsing ecmascript source code failed @ http://localhost:3000/_next/static/chunks/node_modules_next_dist_0u_w_5s._.js:1945
[  652141ms] [ERROR] ./app/(app)/app/inventory/analytics/page.tsx:248:18
Expected '</', got 'ident'
  246 |                 exists to give, so on a phone they are the two that stay —
  247 |                 five columns measured 459px inside a 343px card. */}
> 248 |             <div className="mt-4 overflow-x-auto">
      |                  ^^^^^^^^^
  249 |               <table className="w-full text-xs">
  250 |                 <thead><tr className="text-muted-foreground border-b"><th className="text...
  251 |                 <tbody>

Parsing ecmascript source code failed @ http://localhost:3000/_next/static/chunks/node_modules_next_dist_0u_w_5s._.js:1945
[  652204ms] [ERROR] ./app/(app)/app/inventory/analytics/page.tsx:248:18
Expected '</', got 'ident'
  246 |                 exists to give, so on a phone they are the two that stay —
  247 |                 five columns measured 459px inside a 343px card. */}
> 248 |             <div className="mt-4 overflow-x-auto">
      |                  ^^^^^^^^^
  249 |               <table className="w-full text-xs">
  250 |                 <thead><tr className="text-muted-foreground border-b"><th className="text...
  251 |                 <tbody>

Parsing ecmascript source code failed @ http://localhost:3000/_next/static/chunks/node_modules_next_dist_0u_w_5s._.js:1945
[  652265ms] [ERROR] ./app/(app)/app/inventory/analytics/page.tsx:248:18
Expected '</', got 'ident'
  246 |                 exists to give, so on a phone they are the two that stay —
  247 |                 five columns measured 459px inside a 343px card. */}
> 248 |             <div className="mt-4 overflow-x-auto">
      |                  ^^^^^^^^^
  249 |               <table className="w-full text-xs">
  250 |                 <thead><tr className="text-muted-foreground border-b"><th className="text...
  251 |                 <tbody>

Parsing ecmascript source code failed @ http://localhost:3000/_next/static/chunks/node_modules_next_dist_0u_w_5s._.js:1945
[  652328ms] [ERROR] ./app/(app)/app/inventory/analytics/page.tsx:248:18
Expected '</', got 'ident'
  246 |                 exists to give, so on a phone they are the two that stay —
  247 |                 five columns measured 459px inside a 343px card. */}
> 248 |             <div className="mt-4 overflow-x-auto">
      |                  ^^^^^^^^^
  249 |               <table className="w-full text-xs">
  250 |                 <thead><tr className="text-muted-foreground border-b"><th className="text...
  251 |                 <tbody>

Parsing ecmascript source code failed @ http://localhost:3000/_next/static/chunks/node_modules_next_dist_0u_w_5s._.js:1945
[  652391ms] [ERROR] ./app/(app)/app/inventory/analytics/page.tsx:248:18
Expected '</', got 'ident'
  246 |                 exists to give, so on a phone they are the two that stay —
  247 |                 five columns measured 459px inside a 343px card. */}
> 248 |             <div className="mt-4 overflow-x-auto">
      |                  ^^^^^^^^^
  249 |               <table className="w-full text-xs">
  250 |                 <thead><tr className="text-muted-foreground border-b"><th className="text...
  251 |                 <tbody>

Parsing ecmascript source code failed @ http://localhost:3000/_next/static/chunks/node_modules_next_dist_0u_w_5s._.js:1945
[  652458ms] [ERROR] ./app/(app)/app/inventory/analytics/page.tsx:248:18
Expected '</', got 'ident'
  246 |                 exists to give, so on a phone they are the two that stay —
  247 |                 five columns measured 459px inside a 343px card. */}
> 248 |             <div className="mt-4 overflow-x-auto">
      |                  ^^^^^^^^^
  249 |               <table className="w-full text-xs">
  250 |                 <thead><tr className="text-muted-foreground border-b"><th className="text...
  251 |                 <tbody>

Parsing ecmascript source code failed @ http://localhost:3000/_next/static/chunks/node_modules_next_dist_0u_w_5s._.js:1945
[  652517ms] [ERROR] ./app/(app)/app/inventory/analytics/page.tsx:248:18
Expected '</', got 'ident'
  246 |                 exists to give, so on a phone they are the two that stay —
  247 |                 five columns measured 459px inside a 343px card. */}
> 248 |             <div className="mt-4 overflow-x-auto">
      |                  ^^^^^^^^^
  249 |               <table className="w-full text-xs">
  250 |                 <thead><tr className="text-muted-foreground border-b"><th className="text...
  251 |                 <tbody>

Parsing ecmascript source code failed @ http://localhost:3000/_next/static/chunks/node_modules_next_dist_0u_w_5s._.js:1945
[  652580ms] [ERROR] ./app/(app)/app/inventory/analytics/page.tsx:248:18
Expected '</', got 'ident'
  246 |                 exists to give, so on a phone they are the two that stay —
  247 |                 five columns measured 459px inside a 343px card. */}
> 248 |             <div className="mt-4 overflow-x-auto">
      |                  ^^^^^^^^^
  249 |               <table className="w-full text-xs">
  250 |                 <thead><tr className="text-muted-foreground border-b"><th className="text...
  251 |                 <tbody>

Parsing ecmascript source code failed @ http://localhost:3000/_next/static/chunks/node_modules_next_dist_0u_w_5s._.js:1945
[  652642ms] [ERROR] ./app/(app)/app/inventory/analytics/page.tsx:248:18
Expected '</', got 'ident'
  246 |                 exists to give, so on a phone they are the two that stay —
  247 |                 five columns measured 459px inside a 343px card. */}
> 248 |             <div className="mt-4 overflow-x-auto">
      |                  ^^^^^^^^^
  249 |               <table className="w-full text-xs">
  250 |                 <thead><tr className="text-muted-foreground border-b"><th className="text...
  251 |                 <tbody>

Parsing ecmascript source code failed @ http://localhost:3000/_next/static/chunks/node_modules_next_dist_0u_w_5s._.js:1945
[  652709ms] [ERROR] ./app/(app)/app/inventory/analytics/page.tsx:248:18
Expected '</', got 'ident'
  246 |                 exists to give, so on a phone they are the two that stay —
  247 |                 five columns measured 459px inside a 343px card. */}
> 248 |             <div className="mt-4 overflow-x-auto">
      |                  ^^^^^^^^^
  249 |               <table className="w-full text-xs">
  250 |                 <thead><tr className="text-muted-foreground border-b"><th className="text...
  251 |                 <tbody>

Parsing ecmascript source code failed @ http://localhost:3000/_next/static/chunks/node_modules_next_dist_0u_w_5s._.js:1945
[  652769ms] [ERROR] ./app/(app)/app/inventory/analytics/page.tsx:248:18
Expected '</', got 'ident'
  246 |                 exists to give, so on a phone they are the two that stay —
  247 |                 five columns measured 459px inside a 343px card. */}
> 248 |             <div className="mt-4 overflow-x-auto">
      |                  ^^^^^^^^^
  249 |               <table className="w-full text-xs">
  250 |                 <thead><tr className="text-muted-foreground border-b"><th className="text...
  251 |                 <tbody>

Parsing ecmascript source code failed @ http://localhost:3000/_next/static/chunks/node_modules_next_dist_0u_w_5s._.js:1945
[  652832ms] [ERROR] ./app/(app)/app/inventory/analytics/page.tsx:248:18
Expected '</', got 'ident'
  246 |                 exists to give, so on a phone they are the two that stay —
  247 |                 five columns measured 459px inside a 343px card. */}
> 248 |             <div className="mt-4 overflow-x-auto">
      |                  ^^^^^^^^^
  249 |               <table className="w-full text-xs">
  250 |                 <thead><tr className="text-muted-foreground border-b"><th className="text...
  251 |                 <tbody>

Parsing ecmascript source code failed @ http://localhost:3000/_next/static/chunks/node_modules_next_dist_0u_w_5s._.js:1945
[  652895ms] [ERROR] ./app/(app)/app/inventory/analytics/page.tsx:248:18
Expected '</', got 'ident'
  246 |                 exists to give, so on a phone they are the two that stay —
  247 |                 five columns measured 459px inside a 343px card. */}
> 248 |             <div className="mt-4 overflow-x-auto">
      |                  ^^^^^^^^^
  249 |               <table className="w-full text-xs">
  250 |                 <thead><tr className="text-muted-foreground border-b"><th className="text...
  251 |                 <tbody>

Parsing ecmascript source code failed @ http://localhost:3000/_next/static/chunks/node_modules_next_dist_0u_w_5s._.js:1945
[  652957ms] [ERROR] ./app/(app)/app/inventory/analytics/page.tsx:248:18
Expected '</', got 'ident'
  246 |                 exists to give, so on a phone they are the two that stay —
  247 |                 five columns measured 459px inside a 343px card. */}
> 248 |             <div className="mt-4 overflow-x-auto">
      |                  ^^^^^^^^^
  249 |               <table className="w-full text-xs">
  250 |                 <thead><tr className="text-muted-foreground border-b"><th className="text...
  251 |                 <tbody>

Parsing ecmascript source code failed @ http://localhost:3000/_next/static/chunks/node_modules_next_dist_0u_w_5s._.js:1945
[  653020ms] [ERROR] ./app/(app)/app/inventory/analytics/page.tsx:248:18
Expected '</', got 'ident'
  246 |                 exists to give, so on a phone they are the two that stay —
  247 |                 five columns measured 459px inside a 343px card. */}
> 248 |             <div className="mt-4 overflow-x-auto">
      |                  ^^^^^^^^^
  249 |               <table className="w-full text-xs">
  250 |                 <thead><tr className="text-muted-foreground border-b"><th className="text...
  251 |                 <tbody>

Parsing ecmascript source code failed @ http://localhost:3000/_next/static/chunks/node_modules_next_dist_0u_w_5s._.js:1945
[  653083ms] [ERROR] ./app/(app)/app/inventory/analytics/page.tsx:248:18
Expected '</', got 'ident'
  246 |                 exists to give, so on a phone they are the two that stay —
  247 |                 five columns measured 459px inside a 343px card. */}
> 248 |             <div className="mt-4 overflow-x-auto">
      |                  ^^^^^^^^^
  249 |               <table className="w-full text-xs">
  250 |                 <thead><tr className="text-muted-foreground border-b"><th className="text...
  251 |                 <tbody>

Parsing ecmascript source code failed @ http://localhost:3000/_next/static/chunks/node_modules_next_dist_0u_w_5s._.js:1945
[  653150ms] [ERROR] ./app/(app)/app/inventory/analytics/page.tsx:248:18
Expected '</', got 'ident'
  246 |                 exists to give, so on a phone they are the two that stay —
  247 |                 five columns measured 459px inside a 343px card. */}
> 248 |             <div className="mt-4 overflow-x-auto">
      |                  ^^^^^^^^^
  249 |               <table className="w-full text-xs">
  250 |                 <thead><tr className="text-muted-foreground border-b"><th className="text...
  251 |                 <tbody>

Parsing ecmascript source code failed @ http://localhost:3000/_next/static/chunks/node_modules_next_dist_0u_w_5s._.js:1945
[  653209ms] [ERROR] ./app/(app)/app/inventory/analytics/page.tsx:248:18
Expected '</', got 'ident'
  246 |                 exists to give, so on a phone they are the two that stay —
  247 |                 five columns measured 459px inside a 343px card. */}
> 248 |             <div className="mt-4 overflow-x-auto">
      |                  ^^^^^^^^^
  249 |               <table className="w-full text-xs">
  250 |                 <thead><tr className="text-muted-foreground border-b"><th className="text...
  251 |                 <tbody>

Parsing ecmascript source code failed @ http://localhost:3000/_next/static/chunks/node_modules_next_dist_0u_w_5s._.js:1945
[  653272ms] [ERROR] ./app/(app)/app/inventory/analytics/page.tsx:248:18
Expected '</', got 'ident'
  246 |                 exists to give, so on a phone they are the two that stay —
  247 |                 five columns measured 459px inside a 343px card. */}
> 248 |             <div className="mt-4 overflow-x-auto">
      |                  ^^^^^^^^^
  249 |               <table className="w-full text-xs">
  250 |                 <thead><tr className="text-muted-foreground border-b"><th className="text...
  251 |                 <tbody>

Parsing ecmascript source code failed @ http://localhost:3000/_next/static/chunks/node_modules_next_dist_0u_w_5s._.js:1945
[  653334ms] [ERROR] ./app/(app)/app/inventory/analytics/page.tsx:248:18
Expected '</', got 'ident'
  246 |                 exists to give, so on a phone they are the two that stay —
  247 |                 five columns measured 459px inside a 343px card. */}
> 248 |             <div className="mt-4 overflow-x-auto">
      |                  ^^^^^^^^^
  249 |               <table className="w-full text-xs">
  250 |                 <thead><tr className="text-muted-foreground border-b"><th className="text...
  251 |                 <tbody>

Parsing ecmascript source code failed @ http://localhost:3000/_next/static/chunks/node_modules_next_dist_0u_w_5s._.js:1945
[  653397ms] [ERROR] ./app/(app)/app/inventory/analytics/page.tsx:248:18
Expected '</', got 'ident'
  246 |                 exists to give, so on a phone they are the two that stay —
  247 |                 five columns measured 459px inside a 343px card. */}
> 248 |             <div className="mt-4 overflow-x-auto">
      |                  ^^^^^^^^^
  249 |               <table className="w-full text-xs">
  250 |                 <thead><tr className="text-muted-foreground border-b"><th className="text...
  251 |                 <tbody>

Parsing ecmascript source code failed @ http://localhost:3000/_next/static/chunks/node_modules_next_dist_0u_w_5s._.js:1945
[  653460ms] [ERROR] ./app/(app)/app/inventory/analytics/page.tsx:248:18
Expected '</', got 'ident'
  246 |                 exists to give, so on a phone they are the two that stay —
  247 |                 five columns measured 459px inside a 343px card. */}
> 248 |             <div className="mt-4 overflow-x-auto">
      |                  ^^^^^^^^^
  249 |               <table className="w-full text-xs">
  250 |                 <thead><tr className="text-muted-foreground border-b"><th className="text...
  251 |                 <tbody>

Parsing ecmascript source code failed @ http://localhost:3000/_next/static/chunks/node_modules_next_dist_0u_w_5s._.js:1945
[  653523ms] [ERROR] ./app/(app)/app/inventory/analytics/page.tsx:248:18
Expected '</', got 'ident'
  246 |                 exists to give, so on a phone they are the two that stay —
  247 |                 five columns measured 459px inside a 343px card. */}
> 248 |             <div className="mt-4 overflow-x-auto">
      |                  ^^^^^^^^^
  249 |               <table className="w-full text-xs">
  250 |                 <thead><tr className="text-muted-foreground border-b"><th className="text...
  251 |                 <tbody>

Parsing ecmascript source code failed @ http://localhost:3000/_next/static/chunks/node_modules_next_dist_0u_w_5s._.js:1945
[  653587ms] [ERROR] ./app/(app)/app/inventory/analytics/page.tsx:248:18
Expected '</', got 'ident'
  246 |                 exists to give, so on a phone they are the two that stay —
  247 |                 five columns measured 459px inside a 343px card. */}
> 248 |             <div className="mt-4 overflow-x-auto">
      |                  ^^^^^^^^^
  249 |               <table className="w-full text-xs">
  250 |                 <thead><tr className="text-muted-foreground border-b"><th className="text...
  251 |                 <tbody>

Parsing ecmascript source code failed @ http://localhost:3000/_next/static/chunks/node_modules_next_dist_0u_w_5s._.js:1945
[  653648ms] [ERROR] ./app/(app)/app/inventory/analytics/page.tsx:248:18
Expected '</', got 'ident'
  246 |                 exists to give, so on a phone they are the two that stay —
  247 |                 five columns measured 459px inside a 343px card. */}
> 248 |             <div className="mt-4 overflow-x-auto">
      |                  ^^^^^^^^^
  249 |               <table className="w-full text-xs">
  250 |                 <thead><tr className="text-muted-foreground border-b"><th className="text...
  251 |                 <tbody>

Parsing ecmascript source code failed @ http://localhost:3000/_next/static/chunks/node_modules_next_dist_0u_w_5s._.js:1945
[  653711ms] [ERROR] ./app/(app)/app/inventory/analytics/page.tsx:248:18
Expected '</', got 'ident'
  246 |                 exists to give, so on a phone they are the two that stay —
  247 |                 five columns measured 459px inside a 343px card. */}
> 248 |             <div className="mt-4 overflow-x-auto">
      |                  ^^^^^^^^^
  249 |               <table className="w-full text-xs">
  250 |                 <thead><tr className="text-muted-foreground border-b"><th className="text...
  251 |                 <tbody>

Parsing ecmascript source code failed @ http://localhost:3000/_next/static/chunks/node_modules_next_dist_0u_w_5s._.js:1945
[  653789ms] [ERROR] ./app/(app)/app/inventory/analytics/page.tsx:248:18
Expected '</', got 'ident'
  246 |                 exists to give, so on a phone they are the two that stay —
  247 |                 five columns measured 459px inside a 343px card. */}
> 248 |             <div className="mt-4 overflow-x-auto">
      |                  ^^^^^^^^^
  249 |               <table className="w-full text-xs">
  250 |                 <thead><tr className="text-muted-foreground border-b"><th className="text...
  251 |                 <tbody>

Parsing ecmascript source code failed @ http://localhost:3000/_next/static/chunks/node_modules_next_dist_0u_w_5s._.js:1945
[  653851ms] [ERROR] ./app/(app)/app/inventory/analytics/page.tsx:248:18
Expected '</', got 'ident'
  246 |                 exists to give, so on a phone they are the two that stay —
  247 |                 five columns measured 459px inside a 343px card. */}
> 248 |             <div className="mt-4 overflow-x-auto">
      |                  ^^^^^^^^^
  249 |               <table className="w-full text-xs">
  250 |                 <thead><tr className="text-muted-foreground border-b"><th className="text...
  251 |                 <tbody>

Parsing ecmascript source code failed @ http://localhost:3000/_next/static/chunks/node_modules_next_dist_0u_w_5s._.js:1945
[  653914ms] [ERROR] ./app/(app)/app/inventory/analytics/page.tsx:248:18
Expected '</', got 'ident'
  246 |                 exists to give, so on a phone they are the two that stay —
  247 |                 five columns measured 459px inside a 343px card. */}
> 248 |             <div className="mt-4 overflow-x-auto">
      |                  ^^^^^^^^^
  249 |               <table className="w-full text-xs">
  250 |                 <thead><tr className="text-muted-foreground border-b"><th className="text...
  251 |                 <tbody>

Parsing ecmascript source code failed @ http://localhost:3000/_next/static/chunks/node_modules_next_dist_0u_w_5s._.js:1945
[  653975ms] [ERROR] ./app/(app)/app/inventory/analytics/page.tsx:248:18
Expected '</', got 'ident'
  246 |                 exists to give, so on a phone they are the two that stay —
  247 |                 five columns measured 459px inside a 343px card. */}
> 248 |             <div className="mt-4 overflow-x-auto">
      |                  ^^^^^^^^^
  249 |               <table className="w-full text-xs">
  250 |                 <thead><tr className="text-muted-foreground border-b"><th className="text...
  251 |                 <tbody>

Parsing ecmascript source code failed @ http://localhost:3000/_next/static/chunks/node_modules_next_dist_0u_w_5s._.js:1945
[  654039ms] [ERROR] ./app/(app)/app/inventory/analytics/page.tsx:248:18
Expected '</', got 'ident'
  246 |                 exists to give, so on a phone they are the two that stay —
  247 |                 five columns measured 459px inside a 343px card. */}
> 248 |             <div className="mt-4 overflow-x-auto">
      |                  ^^^^^^^^^
  249 |               <table className="w-full text-xs">
  250 |                 <thead><tr className="text-muted-foreground border-b"><th className="text...
  251 |                 <tbody>

Parsing ecmascript source code failed @ http://localhost:3000/_next/static/chunks/node_modules_next_dist_0u_w_5s._.js:1945
[  654100ms] [ERROR] ./app/(app)/app/inventory/analytics/page.tsx:248:18
Expected '</', got 'ident'
  246 |                 exists to give, so on a phone they are the two that stay —
  247 |                 five columns measured 459px inside a 343px card. */}
> 248 |             <div className="mt-4 overflow-x-auto">
      |                  ^^^^^^^^^
  249 |               <table className="w-full text-xs">
  250 |                 <thead><tr className="text-muted-foreground border-b"><th className="text...
  251 |                 <tbody>

Parsing ecmascript source code failed @ http://localhost:3000/_next/static/chunks/node_modules_next_dist_0u_w_5s._.js:1945
[  654162ms] [ERROR] ./app/(app)/app/inventory/analytics/page.tsx:248:18
Expected '</', got 'ident'
  246 |                 exists to give, so on a phone they are the two that stay —
  247 |                 five columns measured 459px inside a 343px card. */}
> 248 |             <div className="mt-4 overflow-x-auto">
      |                  ^^^^^^^^^
  249 |               <table className="w-full text-xs">
  250 |                 <thead><tr className="text-muted-foreground border-b"><th className="text...
  251 |                 <tbody>

Parsing ecmascript source code failed @ http://localhost:3000/_next/static/chunks/node_modules_next_dist_0u_w_5s._.js:1945
[  654223ms] [ERROR] ./app/(app)/app/inventory/analytics/page.tsx:248:18
Expected '</', got 'ident'
  246 |                 exists to give, so on a phone they are the two that stay —
  247 |                 five columns measured 459px inside a 343px card. */}
> 248 |             <div className="mt-4 overflow-x-auto">
      |                  ^^^^^^^^^
  249 |               <table className="w-full text-xs">
  250 |                 <thead><tr className="text-muted-foreground border-b"><th className="text...
  251 |                 <tbody>

Parsing ecmascript source code failed @ http://localhost:3000/_next/static/chunks/node_modules_next_dist_0u_w_5s._.js:1945
[  654287ms] [ERROR] ./app/(app)/app/inventory/analytics/page.tsx:248:18
Expected '</', got 'ident'
  246 |                 exists to give, so on a phone they are the two that stay —
  247 |                 five columns measured 459px inside a 343px card. */}
> 248 |             <div className="mt-4 overflow-x-auto">
      |                  ^^^^^^^^^
  249 |               <table className="w-full text-xs">
  250 |                 <thead><tr className="text-muted-foreground border-b"><th className="text...
  251 |                 <tbody>

Parsing ecmascript source code failed @ http://localhost:3000/_next/static/chunks/node_modules_next_dist_0u_w_5s._.js:1945
[  654349ms] [ERROR] ./app/(app)/app/inventory/analytics/page.tsx:248:18
Expected '</', got 'ident'
  246 |                 exists to give, so on a phone they are the two that stay —
  247 |                 five columns measured 459px inside a 343px card. */}
> 248 |             <div className="mt-4 overflow-x-auto">
      |                  ^^^^^^^^^
  249 |               <table className="w-full text-xs">
  250 |                 <thead><tr className="text-muted-foreground border-b"><th className="text...
  251 |                 <tbody>

Parsing ecmascript source code failed @ http://localhost:3000/_next/static/chunks/node_modules_next_dist_0u_w_5s._.js:1945
[  654412ms] [ERROR] ./app/(app)/app/inventory/analytics/page.tsx:248:18
Expected '</', got 'ident'
  246 |                 exists to give, so on a phone they are the two that stay —
  247 |                 five columns measured 459px inside a 343px card. */}
> 248 |             <div className="mt-4 overflow-x-auto">
      |                  ^^^^^^^^^
  249 |               <table className="w-full text-xs">
  250 |                 <thead><tr className="text-muted-foreground border-b"><th className="text...
  251 |                 <tbody>

Parsing ecmascript source code failed @ http://localhost:3000/_next/static/chunks/node_modules_next_dist_0u_w_5s._.js:1945
[  654475ms] [ERROR] ./app/(app)/app/inventory/analytics/page.tsx:248:18
Expected '</', got 'ident'
  246 |                 exists to give, so on a phone they are the two that stay —
  247 |                 five columns measured 459px inside a 343px card. */}
> 248 |             <div className="mt-4 overflow-x-auto">
      |                  ^^^^^^^^^
  249 |               <table className="w-full text-xs">
  250 |                 <thead><tr className="text-muted-foreground border-b"><th className="text...
  251 |                 <tbody>

Parsing ecmascript source code failed @ http://localhost:3000/_next/static/chunks/node_modules_next_dist_0u_w_5s._.js:1945
[  654538ms] [ERROR] ./app/(app)/app/inventory/analytics/page.tsx:248:18
Expected '</', got 'ident'
  246 |                 exists to give, so on a phone they are the two that stay —
  247 |                 five columns measured 459px inside a 343px card. */}
> 248 |             <div className="mt-4 overflow-x-auto">
      |                  ^^^^^^^^^
  249 |               <table className="w-full text-xs">
  250 |                 <thead><tr className="text-muted-foreground border-b"><th className="text...
  251 |                 <tbody>

Parsing ecmascript source code failed @ http://localhost:3000/_next/static/chunks/node_modules_next_dist_0u_w_5s._.js:1945
[  654602ms] [ERROR] ./app/(app)/app/inventory/analytics/page.tsx:248:18
Expected '</', got 'ident'
  246 |                 exists to give, so on a phone they are the two that stay —
  247 |                 five columns measured 459px inside a 343px card. */}
> 248 |             <div className="mt-4 overflow-x-auto">
      |                  ^^^^^^^^^
  249 |               <table className="w-full text-xs">
  250 |                 <thead><tr className="text-muted-foreground border-b"><th className="text...
  251 |                 <tbody>

Parsing ecmascript source code failed @ http://localhost:3000/_next/static/chunks/node_modules_next_dist_0u_w_5s._.js:1945
[  654663ms] [ERROR] ./app/(app)/app/inventory/analytics/page.tsx:248:18
Expected '</', got 'ident'
  246 |                 exists to give, so on a phone they are the two that stay —
  247 |                 five columns measured 459px inside a 343px card. */}
> 248 |             <div className="mt-4 overflow-x-auto">
      |                  ^^^^^^^^^
  249 |               <table className="w-full text-xs">
  250 |                 <thead><tr className="text-muted-foreground border-b"><th className="text...
  251 |                 <tbody>

Parsing ecmascript source code failed @ http://localhost:3000/_next/static/chunks/node_modules_next_dist_0u_w_5s._.js:1945
[  654724ms] [ERROR] ./app/(app)/app/inventory/analytics/page.tsx:248:18
Expected '</', got 'ident'
  246 |                 exists to give, so on a phone they are the two that stay —
  247 |                 five columns measured 459px inside a 343px card. */}
> 248 |             <div className="mt-4 overflow-x-auto">
      |                  ^^^^^^^^^
  249 |               <table className="w-full text-xs">
  250 |                 <thead><tr className="text-muted-foreground border-b"><th className="text...
  251 |                 <tbody>

Parsing ecmascript source code failed @ http://localhost:3000/_next/static/chunks/node_modules_next_dist_0u_w_5s._.js:1945
[  654787ms] [ERROR] ./app/(app)/app/inventory/analytics/page.tsx:248:18
Expected '</', got 'ident'
  246 |                 exists to give, so on a phone they are the two that stay —
  247 |                 five columns measured 459px inside a 343px card. */}
> 248 |             <div className="mt-4 overflow-x-auto">
      |                  ^^^^^^^^^
  249 |               <table className="w-full text-xs">
  250 |                 <thead><tr className="text-muted-foreground border-b"><th className="text...
  251 |                 <tbody>

Parsing ecmascript source code failed @ http://localhost:3000/_next/static/chunks/node_modules_next_dist_0u_w_5s._.js:1945
[  654851ms] [ERROR] ./app/(app)/app/inventory/analytics/page.tsx:248:18
Expected '</', got 'ident'
  246 |                 exists to give, so on a phone they are the two that stay —
  247 |                 five columns measured 459px inside a 343px card. */}
> 248 |             <div className="mt-4 overflow-x-auto">
      |                  ^^^^^^^^^
  249 |               <table className="w-full text-xs">
  250 |                 <thead><tr className="text-muted-foreground border-b"><th className="text...
  251 |                 <tbody>

Parsing ecmascript source code failed @ http://localhost:3000/_next/static/chunks/node_modules_next_dist_0u_w_5s._.js:1945
[  654915ms] [ERROR] ./app/(app)/app/inventory/analytics/page.tsx:248:18
Expected '</', got 'ident'
  246 |                 exists to give, so on a phone they are the two that stay —
  247 |                 five columns measured 459px inside a 343px card. */}
> 248 |             <div className="mt-4 overflow-x-auto">
      |                  ^^^^^^^^^
  249 |               <table className="w-full text-xs">
  250 |                 <thead><tr className="text-muted-foreground border-b"><th className="text...
  251 |                 <tbody>

Parsing ecmascript source code failed @ http://localhost:3000/_next/static/chunks/node_modules_next_dist_0u_w_5s._.js:1945
[  654977ms] [ERROR] ./app/(app)/app/inventory/analytics/page.tsx:248:18
Expected '</', got 'ident'
  246 |                 exists to give, so on a phone they are the two that stay —
  247 |                 five columns measured 459px inside a 343px card. */}
> 248 |             <div className="mt-4 overflow-x-auto">
      |                  ^^^^^^^^^
  249 |               <table className="w-full text-xs">
  250 |                 <thead><tr className="text-muted-foreground border-b"><th className="text...
  251 |                 <tbody>

Parsing ecmascript source code failed @ http://localhost:3000/_next/static/chunks/node_modules_next_dist_0u_w_5s._.js:1945
[  655040ms] [ERROR] ./app/(app)/app/inventory/analytics/page.tsx:248:18
Expected '</', got 'ident'
  246 |                 exists to give, so on a phone they are the two that stay —
  247 |                 five columns measured 459px inside a 343px card. */}
> 248 |             <div className="mt-4 overflow-x-auto">
      |                  ^^^^^^^^^
  249 |               <table className="w-full text-xs">
  250 |                 <thead><tr className="text-muted-foreground border-b"><th className="text...
  251 |                 <tbody>

Parsing ecmascript source code failed @ http://localhost:3000/_next/static/chunks/node_modules_next_dist_0u_w_5s._.js:1945
[  655122ms] [ERROR] ./app/(app)/app/inventory/analytics/page.tsx:248:18
Expected '</', got 'ident'
  246 |                 exists to give, so on a phone they are the two that stay —
  247 |                 five columns measured 459px inside a 343px card. */}
> 248 |             <div className="mt-4 overflow-x-auto">
      |                  ^^^^^^^^^
  249 |               <table className="w-full text-xs">
  250 |                 <thead><tr className="text-muted-foreground border-b"><th className="text...
  251 |                 <tbody>

Parsing ecmascript source code failed @ http://localhost:3000/_next/static/chunks/node_modules_next_dist_0u_w_5s._.js:1945
[  655197ms] [ERROR] ./app/(app)/app/inventory/analytics/page.tsx:248:18
Expected '</', got 'ident'
  246 |                 exists to give, so on a phone they are the two that stay —
  247 |                 five columns measured 459px inside a 343px card. */}
> 248 |             <div className="mt-4 overflow-x-auto">
      |                  ^^^^^^^^^
  249 |               <table className="w-full text-xs">
  250 |                 <thead><tr className="text-muted-foreground border-b"><th className="text...
  251 |                 <tbody>

Parsing ecmascript source code failed @ http://localhost:3000/_next/static/chunks/node_modules_next_dist_0u_w_5s._.js:1945
[  655261ms] [ERROR] ./app/(app)/app/inventory/analytics/page.tsx:248:18
Expected '</', got 'ident'
  246 |                 exists to give, so on a phone they are the two that stay —
  247 |                 five columns measured 459px inside a 343px card. */}
> 248 |             <div className="mt-4 overflow-x-auto">
      |                  ^^^^^^^^^
  249 |               <table className="w-full text-xs">
  250 |                 <thead><tr className="text-muted-foreground border-b"><th className="text...
  251 |                 <tbody>

Parsing ecmascript source code failed @ http://localhost:3000/_next/static/chunks/node_modules_next_dist_0u_w_5s._.js:1945
[  655322ms] [ERROR] ./app/(app)/app/inventory/analytics/page.tsx:248:18
Expected '</', got 'ident'
  246 |                 exists to give, so on a phone they are the two that stay —
  247 |                 five columns measured 459px inside a 343px card. */}
> 248 |             <div className="mt-4 overflow-x-auto">
      |                  ^^^^^^^^^
  249 |               <table className="w-full text-xs">
  250 |                 <thead><tr className="text-muted-foreground border-b"><th className="text...
  251 |                 <tbody>

Parsing ecmascript source code failed @ http://localhost:3000/_next/static/chunks/node_modules_next_dist_0u_w_5s._.js:1945
[  655386ms] [ERROR] ./app/(app)/app/inventory/analytics/page.tsx:248:18
Expected '</', got 'ident'
  246 |                 exists to give, so on a phone they are the two that stay —
  247 |                 five columns measured 459px inside a 343px card. */}
> 248 |             <div className="mt-4 overflow-x-auto">
      |                  ^^^^^^^^^
  249 |               <table className="w-full text-xs">
  250 |                 <thead><tr className="text-muted-foreground border-b"><th className="text...
  251 |                 <tbody>

Parsing ecmascript source code failed @ http://localhost:3000/_next/static/chunks/node_modules_next_dist_0u_w_5s._.js:1945
[  655462ms] [ERROR] ./app/(app)/app/inventory/analytics/page.tsx:248:18
Expected '</', got 'ident'
  246 |                 exists to give, so on a phone they are the two that stay —
  247 |                 five columns measured 459px inside a 343px card. */}
> 248 |             <div className="mt-4 overflow-x-auto">
      |                  ^^^^^^^^^
  249 |               <table className="w-full text-xs">
  250 |                 <thead><tr className="text-muted-foreground border-b"><th className="text...
  251 |                 <tbody>

Parsing ecmascript source code failed @ http://localhost:3000/_next/static/chunks/node_modules_next_dist_0u_w_5s._.js:1945
[  655570ms] [LOG] [Fast Refresh] rebuilding @ http://localhost:3000/_next/static/chunks/node_modules_next_dist_0u_w_5s._.js:1226
[  655688ms] [LOG] [Fast Refresh] done in 224ms @ http://localhost:3000/_next/static/chunks/node_modules_next_dist_0u_w_5s._.js:1226
[  655821ms] [LOG] [Fast Refresh] rebuilding @ http://localhost:3000/_next/static/chunks/node_modules_next_dist_0u_w_5s._.js:1226
[  655846ms] [LOG] [Fast Refresh] done in 129ms @ http://localhost:3000/_next/static/chunks/node_modules_next_dist_0u_w_5s._.js:1226
[  656131ms] [LOG] [Fast Refresh] rebuilding @ http://localhost:3000/_next/static/chunks/node_modules_next_dist_0u_w_5s._.js:1226
[  656421ms] [LOG] [Fast Refresh] done in 393ms @ http://localhost:3000/_next/static/chunks/node_modules_next_dist_0u_w_5s._.js:1226
[  657144ms] [INFO] %cDownload the React DevTools for a better development experience: https://react.dev/link/react-devtools font-weight:bold @ http://localhost:3000/_next/static/chunks/node_modules_next_dist_115brz8._.js:2431
[  657162ms] [LOG] [HMR] connected @ http://localhost:3000/_next/static/chunks/node_modules_next_dist_115brz8._.js:2431
[  657399ms] [LOG] [Fast Refresh] rebuilding @ http://localhost:3000/_next/static/chunks/node_modules_next_dist_115brz8._.js:2431
[  657406ms] [LOG] [Fast Refresh] done in 116ms @ http://localhost:3000/_next/static/chunks/node_modules_next_dist_115brz8._.js:2431
[  657485ms] [WARNING] The width(-1) and height(-1) of chart should be greater than 0,
       please check the style of container, or the props width(100%) and height(100%),
       or add a minWidth(0) or minHeight(undefined) or use aspect(undefined) to control the
       height and width. @ http://localhost:3000/_next/static/chunks/node_modules_next_dist_115brz8._.js:2431
[  657486ms] [WARNING] The width(-1) and height(-1) of chart should be greater than 0,
       please check the style of container, or the props width(100%) and height(100%),
       or add a minWidth(0) or minHeight(undefined) or use aspect(undefined) to control the
       height and width. @ http://localhost:3000/_next/static/chunks/node_modules_next_dist_115brz8._.js:2431
[  657819ms] [INFO] Loading the script 'https://va.vercel-scripts.com/v1/script.debug.js' violates the following Content Security Policy directive: "script-src 'self' 'unsafe-inline' 'unsafe-eval'". Note that 'script-src-elem' was not explicitly set, so 'script-src' is used as a fallback. The policy is report-only, so the violation has been logged but no further action has been taken. @ http://localhost:3000/_next/static/chunks/node_modules_04laho7._.js:174
[  657822ms] [LOG] %c[Vercel Web Analytics]%c Debug mode is enabled by default in development. No requests will be sent to the server. color: rgb(120, 120, 120) color: inherit @ http://localhost:3000/_next/static/chunks/node_modules_next_dist_115brz8._.js:2431
[  657822ms] [LOG] %c[Vercel Web Analytics]%c Running queued event color: rgb(120, 120, 120) color: inherit pageview {route: /app/tips, path: /app/tips} @ http://localhost:3000/_next/static/chunks/node_modules_next_dist_115brz8._.js:2431
[  657823ms] [LOG] %c[Vercel Web Analytics]%c [view] http://localhost:3000/app/tips color: rgb(120, 120, 120) color: inherit {o: http://localhost:3000/app/tips, sv: 0.1.3, sdkn: @vercel/analytics/next, sdkv: 2.0.1, ts: 1787247442452} /_vercel/insights/view @ http://localhost:3000/_next/static/chunks/node_modules_next_dist_115brz8._.js:2431
[  660268ms] [LOG] [Fast Refresh] rebuilding @ http://localhost:3000/_next/static/chunks/node_modules_next_dist_115brz8._.js:2431
[  660306ms] [LOG] [Fast Refresh] done in 161ms @ http://localhost:3000/_next/static/chunks/node_modules_next_dist_115brz8._.js:2431
[  676561ms] [LOG] [Fast Refresh] rebuilding @ http://localhost:3000/_next/static/chunks/node_modules_next_dist_115brz8._.js:2431
[  677090ms] [LOG] [Fast Refresh] done in 639ms @ http://localhost:3000/_next/static/chunks/node_modules_next_dist_115brz8._.js:2431
[  678283ms] [INFO] %cDownload the React DevTools for a better development experience: https://react.dev/link/react-devtools font-weight:bold @ http://localhost:3000/_next/static/chunks/node_modules_next_dist_115brz8._.js:2431
[  678304ms] [LOG] [HMR] connected @ http://localhost:3000/_next/static/chunks/node_modules_next_dist_115brz8._.js:2431
[  678777ms] [WARNING] The width(-1) and height(-1) of chart should be greater than 0,
       please check the style of container, or the props width(100%) and height(100%),
       or add a minWidth(0) or minHeight(undefined) or use aspect(undefined) to control the
       height and width. @ http://localhost:3000/_next/static/chunks/node_modules_next_dist_115brz8._.js:2431
[  678777ms] [WARNING] The width(-1) and height(-1) of chart should be greater than 0,
       please check the style of container, or the props width(100%) and height(100%),
       or add a minWidth(0) or minHeight(undefined) or use aspect(undefined) to control the
       height and width. @ http://localhost:3000/_next/static/chunks/node_modules_next_dist_115brz8._.js:2431
[  679076ms] [INFO] Loading the script 'https://va.vercel-scripts.com/v1/script.debug.js' violates the following Content Security Policy directive: "script-src 'self' 'unsafe-inline' 'unsafe-eval'". Note that 'script-src-elem' was not explicitly set, so 'script-src' is used as a fallback. The policy is report-only, so the violation has been logged but no further action has been taken. @ http://localhost:3000/_next/static/chunks/node_modules_04laho7._.js:174
[  679080ms] [LOG] %c[Vercel Web Analytics]%c Debug mode is enabled by default in development. No requests will be sent to the server. color: rgb(120, 120, 120) color: inherit @ http://localhost:3000/_next/static/chunks/node_modules_next_dist_115brz8._.js:2431
[  679080ms] [LOG] %c[Vercel Web Analytics]%c Running queued event color: rgb(120, 120, 120) color: inherit pageview {route: /app/dashboard, path: /app/dashboard} @ http://localhost:3000/_next/static/chunks/node_modules_next_dist_115brz8._.js:2431
[  679080ms] [LOG] %c[Vercel Web Analytics]%c [view] http://localhost:3000/app/dashboard color: rgb(120, 120, 120) color: inherit {o: http://localhost:3000/app/dashboard, sv: 0.1.3, sdkn: @vercel/analytics/next, sdkv: 2.0.1, ts: 1787247463710} /_vercel/insights/view @ http://localhost:3000/_next/static/chunks/node_modules_next_dist_115brz8._.js:2431
[  680510ms] [LOG] [Fast Refresh] rebuilding @ http://localhost:3000/_next/static/chunks/node_modules_next_dist_115brz8._.js:2431
[  680566ms] [LOG] [Fast Refresh] done in 166ms @ http://localhost:3000/_next/static/chunks/node_modules_next_dist_115brz8._.js:2431
[  680910ms] [INFO] %cDownload the React DevTools for a better development experience: https://react.dev/link/react-devtools font-weight:bold @ http://localhost:3000/_next/static/chunks/node_modules_next_dist_115brz8._.js:2431
[  680931ms] [LOG] [HMR] connected @ http://localhost:3000/_next/static/chunks/node_modules_next_dist_115brz8._.js:2431
[  681892ms] [INFO] Loading the script 'https://va.vercel-scripts.com/v1/script.debug.js' violates the following Content Security Policy directive: "script-src 'self' 'unsafe-inline' 'unsafe-eval'". Note that 'script-src-elem' was not explicitly set, so 'script-src' is used as a fallback. The policy is report-only, so the violation has been logged but no further action has been taken. @ http://localhost:3000/_next/static/chunks/node_modules_04laho7._.js:174
[  681893ms] [LOG] %c[Vercel Web Analytics]%c Debug mode is enabled by default in development. No requests will be sent to the server. color: rgb(120, 120, 120) color: inherit @ http://localhost:3000/_next/static/chunks/node_modules_next_dist_115brz8._.js:2431
[  681893ms] [LOG] %c[Vercel Web Analytics]%c Running queued event color: rgb(120, 120, 120) color: inherit pageview {route: /app/inventory, path: /app/inventory} @ http://localhost:3000/_next/static/chunks/node_modules_next_dist_115brz8._.js:2431
[  681894ms] [LOG] %c[Vercel Web Analytics]%c [view] http://localhost:3000/app/inventory color: rgb(120, 120, 120) color: inherit {o: http://localhost:3000/app/inventory, sv: 0.1.3, sdkn: @vercel/analytics/next, sdkv: 2.0.1, ts: 1787247466523} /_vercel/insights/view @ http://localhost:3000/_next/static/chunks/node_modules_next_dist_115brz8._.js:2431
[  683451ms] [LOG] [Fast Refresh] rebuilding @ http://localhost:3000/_next/static/chunks/node_modules_next_dist_115brz8._.js:2431
[  683789ms] [LOG] [Fast Refresh] done in 442ms @ http://localhost:3000/_next/static/chunks/node_modules_next_dist_115brz8._.js:2431
[  684265ms] [INFO] %cDownload the React DevTools for a better development experience: https://react.dev/link/react-devtools font-weight:bold @ http://localhost:3000/_next/static/chunks/node_modules_next_dist_115brz8._.js:2431
[  684287ms] [LOG] [HMR] connected @ http://localhost:3000/_next/static/chunks/node_modules_next_dist_115brz8._.js:2431
[  684553ms] [WARNING] The width(-1) and height(-1) of chart should be greater than 0,
       please check the style of container, or the props width(100%) and height(100%),
       or add a minWidth(0) or minHeight(undefined) or use aspect(undefined) to control the
       height and width. @ http://localhost:3000/_next/static/chunks/node_modules_next_dist_115brz8._.js:2431
[  684553ms] [WARNING] The width(-1) and height(-1) of chart should be greater than 0,
       please check the style of container, or the props width(100%) and height(100%),
       or add a minWidth(0) or minHeight(undefined) or use aspect(undefined) to control the
       height and width. @ http://localhost:3000/_next/static/chunks/node_modules_next_dist_115brz8._.js:2431
[  684556ms] [WARNING] The width(-1) and height(-1) of chart should be greater than 0,
       please check the style of container, or the props width(100%) and height(100%),
       or add a minWidth(0) or minHeight(undefined) or use aspect(undefined) to control the
       height and width. @ http://localhost:3000/_next/static/chunks/node_modules_next_dist_115brz8._.js:2431
[  684556ms] [WARNING] The width(-1) and height(-1) of chart should be greater than 0,
       please check the style of container, or the props width(100%) and height(100%),
       or add a minWidth(0) or minHeight(undefined) or use aspect(undefined) to control the
       height and width. @ http://localhost:3000/_next/static/chunks/node_modules_next_dist_115brz8._.js:2431
[  684561ms] [WARNING] The width(-1) and height(-1) of chart should be greater than 0,
       please check the style of container, or the props width(100%) and height(100%),
       or add a minWidth(0) or minHeight(undefined) or use aspect(undefined) to control the
       height and width. @ http://localhost:3000/_next/static/chunks/node_modules_next_dist_115brz8._.js:2431
[  684562ms] [WARNING] The width(-1) and height(-1) of chart should be greater than 0,
       please check the style of container, or the props width(100%) and height(100%),
       or add a minWidth(0) or minHeight(undefined) or use aspect(undefined) to control the
       height and width. @ http://localhost:3000/_next/static/chunks/node_modules_next_dist_115brz8._.js:2431
[  684565ms] [WARNING] The width(-1) and height(-1) of chart should be greater than 0,
       please check the style of container, or the props width(100%) and height(100%),
       or add a minWidth(0) or minHeight(undefined) or use aspect(undefined) to control the
       height and width. @ http://localhost:3000/_next/static/chunks/node_modules_next_dist_115brz8._.js:2431
[  684565ms] [WARNING] The width(-1) and height(-1) of chart should be greater than 0,
       please check the style of container, or the props width(100%) and height(100%),
       or add a minWidth(0) or minHeight(undefined) or use aspect(undefined) to control the
       height and width. @ http://localhost:3000/_next/static/chunks/node_modules_next_dist_115brz8._.js:2431
[  684568ms] [WARNING] The width(-1) and height(-1) of chart should be greater than 0,
       please check the style of container, or the props width(100%) and height(100%),
       or add a minWidth(0) or minHeight(undefined) or use aspect(undefined) to control the
       height and width. @ http://localhost:3000/_next/static/chunks/node_modules_next_dist_115brz8._.js:2431
[  684569ms] [WARNING] The width(-1) and height(-1) of chart should be greater than 0,
       please check the style of container, or the props width(100%) and height(100%),
       or add a minWidth(0) or minHeight(undefined) or use aspect(undefined) to control the
       height and width. @ http://localhost:3000/_next/static/chunks/node_modules_next_dist_115brz8._.js:2431
[  684572ms] [WARNING] The width(-1) and height(-1) of chart should be greater than 0,
       please check the style of container, or the props width(100%) and height(100%),
       or add a minWidth(0) or minHeight(undefined) or use aspect(undefined) to control the
       height and width. @ http://localhost:3000/_next/static/chunks/node_modules_next_dist_115brz8._.js:2431
[  684573ms] [WARNING] The width(-1) and height(-1) of chart should be greater than 0,
       please check the style of container, or the props width(100%) and height(100%),
       or add a minWidth(0) or minHeight(undefined) or use aspect(undefined) to control the
       height and width. @ http://localhost:3000/_next/static/chunks/node_modules_next_dist_115brz8._.js:2431
[  685069ms] [INFO] Loading the script 'https://va.vercel-scripts.com/v1/script.debug.js' violates the following Content Security Policy directive: "script-src 'self' 'unsafe-inline' 'unsafe-eval'". Note that 'script-src-elem' was not explicitly set, so 'script-src' is used as a fallback. The policy is report-only, so the violation has been logged but no further action has been taken. @ http://localhost:3000/_next/static/chunks/node_modules_04laho7._.js:174
[  685073ms] [LOG] %c[Vercel Web Analytics]%c Debug mode is enabled by default in development. No requests will be sent to the server. color: rgb(120, 120, 120) color: inherit @ http://localhost:3000/_next/static/chunks/node_modules_next_dist_115brz8._.js:2431
[  685073ms] [LOG] %c[Vercel Web Analytics]%c Running queued event color: rgb(120, 120, 120) color: inherit pageview {route: /app/inventory/analytics, path: /app/inventory/analytics} @ http://localhost:3000/_next/static/chunks/node_modules_next_dist_115brz8._.js:2431
[  685074ms] [LOG] %c[Vercel Web Analytics]%c [view] http://localhost:3000/app/inventory/analytics color: rgb(120, 120, 120) color: inherit {o: http://localhost:3000/app/inventory/analytics, sv: 0.1.3, sdkn: @vercel/analytics/next, sdkv: 2.0.1, ts: 1787247469703} /_vercel/insights/view @ http://localhost:3000/_next/static/chunks/node_modules_next_dist_115brz8._.js:2431
[  686817ms] [INFO] %cDownload the React DevTools for a better development experience: https://react.dev/link/react-devtools font-weight:bold @ http://localhost:3000/_next/static/chunks/node_modules_next_dist_115brz8._.js:2431
[  686840ms] [LOG] [HMR] connected @ http://localhost:3000/_next/static/chunks/node_modules_next_dist_115brz8._.js:2431
[  687394ms] [INFO] Loading the script 'https://va.vercel-scripts.com/v1/script.debug.js' violates the following Content Security Policy directive: "script-src 'self' 'unsafe-inline' 'unsafe-eval'". Note that 'script-src-elem' was not explicitly set, so 'script-src' is used as a fallback. The policy is report-only, so the violation has been logged but no further action has been taken. @ http://localhost:3000/_next/static/chunks/node_modules_04laho7._.js:174
[  687398ms] [LOG] %c[Vercel Web Analytics]%c Debug mode is enabled by default in development. No requests will be sent to the server. color: rgb(120, 120, 120) color: inherit @ http://localhost:3000/_next/static/chunks/node_modules_next_dist_115brz8._.js:2431
[  687398ms] [LOG] %c[Vercel Web Analytics]%c Running queued event color: rgb(120, 120, 120) color: inherit pageview {route: /app/inventory/setup, path: /app/inventory/setup} @ http://localhost:3000/_next/static/chunks/node_modules_next_dist_115brz8._.js:2431
[  687398ms] [LOG] %c[Vercel Web Analytics]%c [view] http://localhost:3000/app/inventory/setup color: rgb(120, 120, 120) color: inherit {o: http://localhost:3000/app/inventory/setup, sv: 0.1.3, sdkn: @vercel/analytics/next, sdkv: 2.0.1, ts: 1787247472028} /_vercel/insights/view @ http://localhost:3000/_next/static/chunks/node_modules_next_dist_115brz8._.js:2431
[  689094ms] [INFO] %cDownload the React DevTools for a better development experience: https://react.dev/link/react-devtools font-weight:bold @ http://localhost:3000/_next/static/chunks/node_modules_next_dist_115brz8._.js:2431
[  689114ms] [LOG] [HMR] connected @ http://localhost:3000/_next/static/chunks/node_modules_next_dist_115brz8._.js:2431
[  689669ms] [INFO] Loading the script 'https://va.vercel-scripts.com/v1/script.debug.js' violates the following Content Security Policy directive: "script-src 'self' 'unsafe-inline' 'unsafe-eval'". Note that 'script-src-elem' was not explicitly set, so 'script-src' is used as a fallback. The policy is report-only, so the violation has been logged but no further action has been taken. @ http://localhost:3000/_next/static/chunks/node_modules_04laho7._.js:174
[  689670ms] [LOG] %c[Vercel Web Analytics]%c Debug mode is enabled by default in development. No requests will be sent to the server. color: rgb(120, 120, 120) color: inherit @ http://localhost:3000/_next/static/chunks/node_modules_next_dist_115brz8._.js:2431
[  689670ms] [LOG] %c[Vercel Web Analytics]%c Running queued event color: rgb(120, 120, 120) color: inherit pageview {route: /app/inventory/weigh, path: /app/inventory/weigh} @ http://localhost:3000/_next/static/chunks/node_modules_next_dist_115brz8._.js:2431
[  689670ms] [LOG] %c[Vercel Web Analytics]%c [view] http://localhost:3000/app/inventory/weigh color: rgb(120, 120, 120) color: inherit {o: http://localhost:3000/app/inventory/weigh, sv: 0.1.3, sdkn: @vercel/analytics/next, sdkv: 2.0.1, ts: 1787247474300} /_vercel/insights/view @ http://localhost:3000/_next/static/chunks/node_modules_next_dist_115brz8._.js:2431
[  691091ms] [LOG] [Fast Refresh] rebuilding @ http://localhost:3000/_next/static/chunks/node_modules_next_dist_115brz8._.js:2431
[  691092ms] [LOG] [Fast Refresh] done in 103ms @ http://localhost:3000/_next/static/chunks/node_modules_next_dist_115brz8._.js:2431
[  691426ms] [INFO] %cDownload the React DevTools for a better development experience: https://react.dev/link/react-devtools font-weight:bold @ http://localhost:3000/_next/static/chunks/node_modules_next_dist_115brz8._.js:2431
[  691457ms] [LOG] [HMR] connected @ http://localhost:3000/_next/static/chunks/node_modules_next_dist_115brz8._.js:2431
[  692040ms] [INFO] Loading the script 'https://va.vercel-scripts.com/v1/script.debug.js' violates the following Content Security Policy directive: "script-src 'self' 'unsafe-inline' 'unsafe-eval'". Note that 'script-src-elem' was not explicitly set, so 'script-src' is used as a fallback. The policy is report-only, so the violation has been logged but no further action has been taken. @ http://localhost:3000/_next/static/chunks/node_modules_04laho7._.js:174
[  692040ms] [LOG] %c[Vercel Web Analytics]%c Debug mode is enabled by default in development. No requests will be sent to the server. color: rgb(120, 120, 120) color: inherit @ http://localhost:3000/_next/static/chunks/node_modules_next_dist_115brz8._.js:2431
[  692041ms] [LOG] %c[Vercel Web Analytics]%c Running queued event color: rgb(120, 120, 120) color: inherit pageview {route: /app/payroll, path: /app/payroll} @ http://localhost:3000/_next/static/chunks/node_modules_next_dist_115brz8._.js:2431
[  692041ms] [LOG] %c[Vercel Web Analytics]%c [view] http://localhost:3000/app/payroll color: rgb(120, 120, 120) color: inherit {o: http://localhost:3000/app/payroll, sv: 0.1.3, sdkn: @vercel/analytics/next, sdkv: 2.0.1, ts: 1787247476670} /_vercel/insights/view @ http://localhost:3000/_next/static/chunks/node_modules_next_dist_115brz8._.js:2431
[  692367ms] [WARNING] The width(-1) and height(-1) of chart should be greater than 0,
       please check the style of container, or the props width(100%) and height(100%),
       or add a minWidth(0) or minHeight(undefined) or use aspect(undefined) to control the
       height and width. @ http://localhost:3000/_next/static/chunks/node_modules_next_dist_115brz8._.js:2431
[  692367ms] [WARNING] The width(-1) and height(-1) of chart should be greater than 0,
       please check the style of container, or the props width(100%) and height(100%),
       or add a minWidth(0) or minHeight(undefined) or use aspect(undefined) to control the
       height and width. @ http://localhost:3000/_next/static/chunks/node_modules_next_dist_115brz8._.js:2431
[  693998ms] [LOG] [Fast Refresh] rebuilding @ http://localhost:3000/_next/static/chunks/node_modules_next_dist_115brz8._.js:2431
[  694018ms] [LOG] [Fast Refresh] done in 126ms @ http://localhost:3000/_next/static/chunks/node_modules_next_dist_115brz8._.js:2431
[  694324ms] [INFO] %cDownload the React DevTools for a better development experience: https://react.dev/link/react-devtools font-weight:bold @ http://localhost:3000/_next/static/chunks/node_modules_next_dist_115brz8._.js:2431
[  694340ms] [LOG] [HMR] connected @ http://localhost:3000/_next/static/chunks/node_modules_next_dist_115brz8._.js:2431
[  694949ms] [INFO] Loading the script 'https://va.vercel-scripts.com/v1/script.debug.js' violates the following Content Security Policy directive: "script-src 'self' 'unsafe-inline' 'unsafe-eval'". Note that 'script-src-elem' was not explicitly set, so 'script-src' is used as a fallback. The policy is report-only, so the violation has been logged but no further action has been taken. @ http://localhost:3000/_next/static/chunks/node_modules_04laho7._.js:174
[  694952ms] [LOG] %c[Vercel Web Analytics]%c Debug mode is enabled by default in development. No requests will be sent to the server. color: rgb(120, 120, 120) color: inherit @ http://localhost:3000/_next/static/chunks/node_modules_next_dist_115brz8._.js:2431
[  694952ms] [LOG] %c[Vercel Web Analytics]%c Running queued event color: rgb(120, 120, 120) color: inherit pageview {route: /app/payroll/direct-deposit, path: /app/payroll/direct-deposit} @ http://localhost:3000/_next/static/chunks/node_modules_next_dist_115brz8._.js:2431
[  694953ms] [LOG] %c[Vercel Web Analytics]%c [view] http://localhost:3000/app/payroll/direct-deposit color: rgb(120, 120, 120) color: inherit {o: http://localhost:3000/app/payroll/direct-deposit, sv: 0.1.3, sdkn: @vercel/analytics/next, sdkv: 2.0.1, ts: 1787247479582} /_vercel/insights/view @ http://localhost:3000/_next/static/chunks/node_modules_next_dist_115brz8._.js:2431
[  696655ms] [INFO] %cDownload the React DevTools for a better development experience: https://react.dev/link/react-devtools font-weight:bold @ http://localhost:3000/_next/static/chunks/node_modules_next_dist_115brz8._.js:2431
[  696668ms] [LOG] [HMR] connected @ http://localhost:3000/_next/static/chunks/node_modules_next_dist_115brz8._.js:2431
[  697269ms] [INFO] Loading the script 'https://va.vercel-scripts.com/v1/script.debug.js' violates the following Content Security Policy directive: "script-src 'self' 'unsafe-inline' 'unsafe-eval'". Note that 'script-src-elem' was not explicitly set, so 'script-src' is used as a fallback. The policy is report-only, so the violation has been logged but no further action has been taken. @ http://localhost:3000/_next/static/chunks/node_modules_04laho7._.js:174
[  697272ms] [LOG] %c[Vercel Web Analytics]%c Debug mode is enabled by default in development. No requests will be sent to the server. color: rgb(120, 120, 120) color: inherit @ http://localhost:3000/_next/static/chunks/node_modules_next_dist_115brz8._.js:2431
[  697272ms] [LOG] %c[Vercel Web Analytics]%c Running queued event color: rgb(120, 120, 120) color: inherit pageview {route: /app/payroll/employees, path: /app/payroll/employees} @ http://localhost:3000/_next/static/chunks/node_modules_next_dist_115brz8._.js:2431
[  697273ms] [LOG] %c[Vercel Web Analytics]%c [view] http://localhost:3000/app/payroll/employees color: rgb(120, 120, 120) color: inherit {o: http://localhost:3000/app/payroll/employees, sv: 0.1.3, sdkn: @vercel/analytics/next, sdkv: 2.0.1, ts: 1787247481902} /_vercel/insights/view @ http://localhost:3000/_next/static/chunks/node_modules_next_dist_115brz8._.js:2431
[  698691ms] [LOG] [Fast Refresh] rebuilding @ http://localhost:3000/_next/static/chunks/node_modules_next_dist_115brz8._.js:2431
[  698924ms] [LOG] [Fast Refresh] done in 339ms @ http://localhost:3000/_next/static/chunks/node_modules_next_dist_115brz8._.js:2431
[  699285ms] [INFO] %cDownload the React DevTools for a better development experience: https://react.dev/link/react-devtools font-weight:bold @ http://localhost:3000/_next/static/chunks/node_modules_next_dist_115brz8._.js:2431
[  699300ms] [LOG] [HMR] connected @ http://localhost:3000/_next/static/chunks/node_modules_next_dist_115brz8._.js:2431
[  699900ms] [INFO] Loading the script 'https://va.vercel-scripts.com/v1/script.debug.js' violates the following Content Security Policy directive: "script-src 'self' 'unsafe-inline' 'unsafe-eval'". Note that 'script-src-elem' was not explicitly set, so 'script-src' is used as a fallback. The policy is report-only, so the violation has been logged but no further action has been taken. @ http://localhost:3000/_next/static/chunks/node_modules_04laho7._.js:174
[  699901ms] [LOG] %c[Vercel Web Analytics]%c Debug mode is enabled by default in development. No requests will be sent to the server. color: rgb(120, 120, 120) color: inherit @ http://localhost:3000/_next/static/chunks/node_modules_next_dist_115brz8._.js:2431
[  699902ms] [LOG] %c[Vercel Web Analytics]%c Running queued event color: rgb(120, 120, 120) color: inherit pageview {route: /app/payroll/review, path: /app/payroll/review} @ http://localhost:3000/_next/static/chunks/node_modules_next_dist_115brz8._.js:2431
[  699902ms] [LOG] %c[Vercel Web Analytics]%c [view] http://localhost:3000/app/payroll/review color: rgb(120, 120, 120) color: inherit {o: http://localhost:3000/app/payroll/review, sv: 0.1.3, sdkn: @vercel/analytics/next, sdkv: 2.0.1, ts: 1787247484531} /_vercel/insights/view @ http://localhost:3000/_next/static/chunks/node_modules_next_dist_115brz8._.js:2431
[  701772ms] [INFO] %cDownload the React DevTools for a better development experience: https://react.dev/link/react-devtools font-weight:bold @ http://localhost:3000/_next/static/chunks/node_modules_next_dist_115brz8._.js:2431
[  701797ms] [LOG] [HMR] connected @ http://localhost:3000/_next/static/chunks/node_modules_next_dist_115brz8._.js:2431
[  704308ms] [INFO] Loading the script 'https://va.vercel-scripts.com/v1/script.debug.js' violates the following Content Security Policy directive: "script-src 'self' 'unsafe-inline' 'unsafe-eval'". Note that 'script-src-elem' was not explicitly set, so 'script-src' is used as a fallback. The policy is report-only, so the violation has been logged but no further action has been taken. @ http://localhost:3000/_next/static/chunks/node_modules_04laho7._.js:174
[  704317ms] [LOG] %c[Vercel Web Analytics]%c Debug mode is enabled by default in development. No requests will be sent to the server. color: rgb(120, 120, 120) color: inherit @ http://localhost:3000/_next/static/chunks/node_modules_next_dist_115brz8._.js:2431
[  704317ms] [LOG] %c[Vercel Web Analytics]%c Running queued event color: rgb(120, 120, 120) color: inherit pageview {route: /app/payroll/split, path: /app/payroll/split} @ http://localhost:3000/_next/static/chunks/node_modules_next_dist_115brz8._.js:2431
[  704318ms] [LOG] %c[Vercel Web Analytics]%c [view] http://localhost:3000/app/payroll/split color: rgb(120, 120, 120) color: inherit {o: http://localhost:3000/app/payroll/split, sv: 0.1.3, sdkn: @vercel/analytics/next, sdkv: 2.0.1, ts: 1787247488947} /_vercel/insights/view @ http://localhost:3000/_next/static/chunks/node_modules_next_dist_115brz8._.js:2431
[  705727ms] [LOG] [Fast Refresh] rebuilding @ http://localhost:3000/_next/static/chunks/node_modules_next_dist_115brz8._.js:2431
[  705727ms] [LOG] [Fast Refresh] done in 106ms @ http://localhost:3000/_next/static/chunks/node_modules_next_dist_115brz8._.js:2431
[  706013ms] [INFO] %cDownload the React DevTools for a better development experience: https://react.dev/link/react-devtools font-weight:bold @ http://localhost:3000/_next/static/chunks/node_modules_next_dist_115brz8._.js:2431
[  706025ms] [LOG] [HMR] connected @ http://localhost:3000/_next/static/chunks/node_modules_next_dist_115brz8._.js:2431
[  706844ms] [INFO] Loading the script 'https://va.vercel-scripts.com/v1/script.debug.js' violates the following Content Security Policy directive: "script-src 'self' 'unsafe-inline' 'unsafe-eval'". Note that 'script-src-elem' was not explicitly set, so 'script-src' is used as a fallback. The policy is report-only, so the violation has been logged but no further action has been taken. @ http://localhost:3000/_next/static/chunks/node_modules_04laho7._.js:174
[  706847ms] [LOG] %c[Vercel Web Analytics]%c Debug mode is enabled by default in development. No requests will be sent to the server. color: rgb(120, 120, 120) color: inherit @ http://localhost:3000/_next/static/chunks/node_modules_next_dist_115brz8._.js:2431
[  706847ms] [LOG] %c[Vercel Web Analytics]%c Running queued event color: rgb(120, 120, 120) color: inherit pageview {route: /app/reps, path: /app/reps} @ http://localhost:3000/_next/static/chunks/node_modules_next_dist_115brz8._.js:2431
[  706847ms] [LOG] %c[Vercel Web Analytics]%c [view] http://localhost:3000/app/reps color: rgb(120, 120, 120) color: inherit {o: http://localhost:3000/app/reps, sv: 0.1.3, sdkn: @vercel/analytics/next, sdkv: 2.0.1, ts: 1787247491477} /_vercel/insights/view @ http://localhost:3000/_next/static/chunks/node_modules_next_dist_115brz8._.js:2431
[  708254ms] [LOG] [Fast Refresh] rebuilding @ http://localhost:3000/_next/static/chunks/node_modules_next_dist_115brz8._.js:2431
[  708497ms] [LOG] [Fast Refresh] done in 352ms @ http://localhost:3000/_next/static/chunks/node_modules_next_dist_115brz8._.js:2431
[  709056ms] [INFO] %cDownload the React DevTools for a better development experience: https://react.dev/link/react-devtools font-weight:bold @ http://localhost:3000/_next/static/chunks/node_modules_next_dist_115brz8._.js:2431
[  709079ms] [LOG] [HMR] connected @ http://localhost:3000/_next/static/chunks/node_modules_next_dist_115brz8._.js:2431
[  709729ms] [INFO] Loading the script 'https://va.vercel-scripts.com/v1/script.debug.js' violates the following Content Security Policy directive: "script-src 'self' 'unsafe-inline' 'unsafe-eval'". Note that 'script-src-elem' was not explicitly set, so 'script-src' is used as a fallback. The policy is report-only, so the violation has been logged but no further action has been taken. @ http://localhost:3000/_next/static/chunks/node_modules_04laho7._.js:174
[  709731ms] [LOG] %c[Vercel Web Analytics]%c Debug mode is enabled by default in development. No requests will be sent to the server. color: rgb(120, 120, 120) color: inherit @ http://localhost:3000/_next/static/chunks/node_modules_next_dist_115brz8._.js:2431
[  709731ms] [LOG] %c[Vercel Web Analytics]%c Running queued event color: rgb(120, 120, 120) color: inherit pageview {route: /app/settings, path: /app/settings} @ http://localhost:3000/_next/static/chunks/node_modules_next_dist_115brz8._.js:2431
[  709732ms] [LOG] %c[Vercel Web Analytics]%c [view] http://localhost:3000/app/settings color: rgb(120, 120, 120) color: inherit {o: http://localhost:3000/app/settings, sv: 0.1.3, sdkn: @vercel/analytics/next, sdkv: 2.0.1, ts: 1787247494361} /_vercel/insights/view @ http://localhost:3000/_next/static/chunks/node_modules_next_dist_115brz8._.js:2431
[  711153ms] [LOG] [Fast Refresh] rebuilding @ http://localhost:3000/_next/static/chunks/node_modules_next_dist_115brz8._.js:2431
[  711332ms] [LOG] [Fast Refresh] done in 280ms @ http://localhost:3000/_next/static/chunks/node_modules_next_dist_115brz8._.js:2431
[  711697ms] [INFO] %cDownload the React DevTools for a better development experience: https://react.dev/link/react-devtools font-weight:bold @ http://localhost:3000/_next/static/chunks/node_modules_next_dist_115brz8._.js:2431
[  711712ms] [LOG] [HMR] connected @ http://localhost:3000/_next/static/chunks/node_modules_next_dist_115brz8._.js:2431
[  712286ms] [INFO] Loading the script 'https://va.vercel-scripts.com/v1/script.debug.js' violates the following Content Security Policy directive: "script-src 'self' 'unsafe-inline' 'unsafe-eval'". Note that 'script-src-elem' was not explicitly set, so 'script-src' is used as a fallback. The policy is report-only, so the violation has been logged but no further action has been taken. @ http://localhost:3000/_next/static/chunks/node_modules_04laho7._.js:174
[  712288ms] [LOG] %c[Vercel Web Analytics]%c Debug mode is enabled by default in development. No requests will be sent to the server. color: rgb(120, 120, 120) color: inherit @ http://localhost:3000/_next/static/chunks/node_modules_next_dist_115brz8._.js:2431
[  712288ms] [LOG] %c[Vercel Web Analytics]%c Running queued event color: rgb(120, 120, 120) color: inherit pageview {route: /app/tax, path: /app/tax} @ http://localhost:3000/_next/static/chunks/node_modules_next_dist_115brz8._.js:2431
[  712288ms] [LOG] %c[Vercel Web Analytics]%c [view] http://localhost:3000/app/tax color: rgb(120, 120, 120) color: inherit {o: http://localhost:3000/app/tax, sv: 0.1.3, sdkn: @vercel/analytics/next, sdkv: 2.0.1, ts: 1787247496918} /_vercel/insights/view @ http://localhost:3000/_next/static/chunks/node_modules_next_dist_115brz8._.js:2431
[  713951ms] [INFO] %cDownload the React DevTools for a better development experience: https://react.dev/link/react-devtools font-weight:bold @ http://localhost:3000/_next/static/chunks/node_modules_next_dist_115brz8._.js:2431
[  713973ms] [LOG] [HMR] connected @ http://localhost:3000/_next/static/chunks/node_modules_next_dist_115brz8._.js:2431
[  714303ms] [WARNING] The width(-1) and height(-1) of chart should be greater than 0,
       please check the style of container, or the props width(100%) and height(100%),
       or add a minWidth(0) or minHeight(undefined) or use aspect(undefined) to control the
       height and width. @ http://localhost:3000/_next/static/chunks/node_modules_next_dist_115brz8._.js:2431
[  714303ms] [WARNING] The width(-1) and height(-1) of chart should be greater than 0,
       please check the style of container, or the props width(100%) and height(100%),
       or add a minWidth(0) or minHeight(undefined) or use aspect(undefined) to control the
       height and width. @ http://localhost:3000/_next/static/chunks/node_modules_next_dist_115brz8._.js:2431
[  714509ms] [INFO] Loading the script 'https://va.vercel-scripts.com/v1/script.debug.js' violates the following Content Security Policy directive: "script-src 'self' 'unsafe-inline' 'unsafe-eval'". Note that 'script-src-elem' was not explicitly set, so 'script-src' is used as a fallback. The policy is report-only, so the violation has been logged but no further action has been taken. @ http://localhost:3000/_next/static/chunks/node_modules_04laho7._.js:174
[  714510ms] [LOG] %c[Vercel Web Analytics]%c Debug mode is enabled by default in development. No requests will be sent to the server. color: rgb(120, 120, 120) color: inherit @ http://localhost:3000/_next/static/chunks/node_modules_next_dist_115brz8._.js:2431
[  714510ms] [LOG] %c[Vercel Web Analytics]%c Running queued event color: rgb(120, 120, 120) color: inherit pageview {route: /app/tips, path: /app/tips} @ http://localhost:3000/_next/static/chunks/node_modules_next_dist_115brz8._.js:2431
[  714510ms] [LOG] %c[Vercel Web Analytics]%c [view] http://localhost:3000/app/tips color: rgb(120, 120, 120) color: inherit {o: http://localhost:3000/app/tips, sv: 0.1.3, sdkn: @vercel/analytics/next, sdkv: 2.0.1, ts: 1787247499140} /_vercel/insights/view @ http://localhost:3000/_next/static/chunks/node_modules_next_dist_115brz8._.js:2431
[  715923ms] [LOG] [Fast Refresh] rebuilding @ http://localhost:3000/_next/static/chunks/node_modules_next_dist_115brz8._.js:2431
[  715962ms] [LOG] [Fast Refresh] done in 147ms @ http://localhost:3000/_next/static/chunks/node_modules_next_dist_115brz8._.js:2431
[  716284ms] [INFO] %cDownload the React DevTools for a better development experience: https://react.dev/link/react-devtools font-weight:bold @ http://localhost:3000/_next/static/chunks/node_modules_next_dist_115brz8._.js:2431
[  716295ms] [LOG] [HMR] connected @ http://localhost:3000/_next/static/chunks/node_modules_next_dist_115brz8._.js:2431
[  716859ms] [INFO] Loading the script 'https://va.vercel-scripts.com/v1/script.debug.js' violates the following Content Security Policy directive: "script-src 'self' 'unsafe-inline' 'unsafe-eval'". Note that 'script-src-elem' was not explicitly set, so 'script-src' is used as a fallback. The policy is report-only, so the violation has been logged but no further action has been taken. @ http://localhost:3000/_next/static/chunks/node_modules_04laho7._.js:174
[  716860ms] [LOG] %c[Vercel Web Analytics]%c Debug mode is enabled by default in development. No requests will be sent to the server. color: rgb(120, 120, 120) color: inherit @ http://localhost:3000/_next/static/chunks/node_modules_next_dist_115brz8._.js:2431
[  716860ms] [LOG] %c[Vercel Web Analytics]%c Running queued event color: rgb(120, 120, 120) color: inherit pageview {route: /app/books, path: /app/books} @ http://localhost:3000/_next/static/chunks/node_modules_next_dist_115brz8._.js:2431
[  716860ms] [LOG] %c[Vercel Web Analytics]%c [view] http://localhost:3000/app/books color: rgb(120, 120, 120) color: inherit {o: http://localhost:3000/app/books, sv: 0.1.3, sdkn: @vercel/analytics/next, sdkv: 2.0.1, ts: 1787247501490} /_vercel/insights/view @ http://localhost:3000/_next/static/chunks/node_modules_next_dist_115brz8._.js:2431
[  717195ms] [WARNING] The width(-1) and height(-1) of chart should be greater than 0,
       please check the style of container, or the props width(100%) and height(100%),
       or add a minWidth(0) or minHeight(undefined) or use aspect(undefined) to control the
       height and width. @ http://localhost:3000/_next/static/chunks/node_modules_next_dist_115brz8._.js:2431
[  717195ms] [WARNING] The width(-1) and height(-1) of chart should be greater than 0,
       please check the style of container, or the props width(100%) and height(100%),
       or add a minWidth(0) or minHeight(undefined) or use aspect(undefined) to control the
       height and width. @ http://localhost:3000/_next/static/chunks/node_modules_next_dist_115brz8._.js:2431
[  717197ms] [WARNING] The width(-1) and height(-1) of chart should be greater than 0,
       please check the style of container, or the props width(100%) and height(100%),
       or add a minWidth(0) or minHeight(undefined) or use aspect(undefined) to control the
       height and width. @ http://localhost:3000/_next/static/chunks/node_modules_next_dist_115brz8._.js:2431
[  717197ms] [WARNING] The width(-1) and height(-1) of chart should be greater than 0,
       please check the style of container, or the props width(100%) and height(100%),
       or add a minWidth(0) or minHeight(undefined) or use aspect(undefined) to control the
       height and width. @ http://localhost:3000/_next/static/chunks/node_modules_next_dist_115brz8._.js:2431
[  719245ms] [INFO] %cDownload the React DevTools for a better development experience: https://react.dev/link/react-devtools font-weight:bold @ http://localhost:3000/_next/static/chunks/node_modules_next_dist_115brz8._.js:2431
[  719272ms] [LOG] [HMR] connected @ http://localhost:3000/_next/static/chunks/node_modules_next_dist_115brz8._.js:2431
[  719627ms] [WARNING] The width(-1) and height(-1) of chart should be greater than 0,
       please check the style of container, or the props width(100%) and height(100%),
       or add a minWidth(0) or minHeight(undefined) or use aspect(undefined) to control the
       height and width. @ http://localhost:3000/_next/static/chunks/node_modules_next_dist_115brz8._.js:2431
[  719628ms] [WARNING] The width(-1) and height(-1) of chart should be greater than 0,
       please check the style of container, or the props width(100%) and height(100%),
       or add a minWidth(0) or minHeight(undefined) or use aspect(undefined) to control the
       height and width. @ http://localhost:3000/_next/static/chunks/node_modules_next_dist_115brz8._.js:2431
[  719886ms] [INFO] Loading the script 'https://va.vercel-scripts.com/v1/script.debug.js' violates the following Content Security Policy directive: "script-src 'self' 'unsafe-inline' 'unsafe-eval'". Note that 'script-src-elem' was not explicitly set, so 'script-src' is used as a fallback. The policy is report-only, so the violation has been logged but no further action has been taken. @ http://localhost:3000/_next/static/chunks/node_modules_04laho7._.js:174
[  719898ms] [LOG] %c[Vercel Web Analytics]%c Debug mode is enabled by default in development. No requests will be sent to the server. color: rgb(120, 120, 120) color: inherit @ http://localhost:3000/_next/static/chunks/node_modules_next_dist_115brz8._.js:2431
[  719898ms] [LOG] %c[Vercel Web Analytics]%c Running queued event color: rgb(120, 120, 120) color: inherit pageview {route: /app/dashboard, path: /app/dashboard} @ http://localhost:3000/_next/static/chunks/node_modules_next_dist_115brz8._.js:2431
[  719899ms] [LOG] %c[Vercel Web Analytics]%c [view] http://localhost:3000/app/dashboard color: rgb(120, 120, 120) color: inherit {o: http://localhost:3000/app/dashboard, sv: 0.1.3, sdkn: @vercel/analytics/next, sdkv: 2.0.1, ts: 1787247504528} /_vercel/insights/view @ http://localhost:3000/_next/static/chunks/node_modules_next_dist_115brz8._.js:2431
[  721793ms] [INFO] %cDownload the React DevTools for a better development experience: https://react.dev/link/react-devtools font-weight:bold @ http://localhost:3000/_next/static/chunks/node_modules_next_dist_115brz8._.js:2431
[  721834ms] [LOG] [HMR] connected @ http://localhost:3000/_next/static/chunks/node_modules_next_dist_115brz8._.js:2431
[  722525ms] [INFO] Loading the script 'https://va.vercel-scripts.com/v1/script.debug.js' violates the following Content Security Policy directive: "script-src 'self' 'unsafe-inline' 'unsafe-eval'". Note that 'script-src-elem' was not explicitly set, so 'script-src' is used as a fallback. The policy is report-only, so the violation has been logged but no further action has been taken. @ http://localhost:3000/_next/static/chunks/node_modules_04laho7._.js:174
[  722527ms] [LOG] %c[Vercel Web Analytics]%c Debug mode is enabled by default in development. No requests will be sent to the server. color: rgb(120, 120, 120) color: inherit @ http://localhost:3000/_next/static/chunks/node_modules_next_dist_115brz8._.js:2431
[  722527ms] [LOG] %c[Vercel Web Analytics]%c Running queued event color: rgb(120, 120, 120) color: inherit pageview {route: /app/inventory, path: /app/inventory} @ http://localhost:3000/_next/static/chunks/node_modules_next_dist_115brz8._.js:2431
[  722528ms] [LOG] %c[Vercel Web Analytics]%c [view] http://localhost:3000/app/inventory color: rgb(120, 120, 120) color: inherit {o: http://localhost:3000/app/inventory, sv: 0.1.3, sdkn: @vercel/analytics/next, sdkv: 2.0.1, ts: 1787247507157} /_vercel/insights/view @ http://localhost:3000/_next/static/chunks/node_modules_next_dist_115brz8._.js:2431
[  724321ms] [INFO] %cDownload the React DevTools for a better development experience: https://react.dev/link/react-devtools font-weight:bold @ http://localhost:3000/_next/static/chunks/node_modules_next_dist_115brz8._.js:2431
[  724339ms] [LOG] [HMR] connected @ http://localhost:3000/_next/static/chunks/node_modules_next_dist_115brz8._.js:2431
[  724670ms] [WARNING] The width(-1) and height(-1) of chart should be greater than 0,
       please check the style of container, or the props width(100%) and height(100%),
       or add a minWidth(0) or minHeight(undefined) or use aspect(undefined) to control the
       height and width. @ http://localhost:3000/_next/static/chunks/node_modules_next_dist_115brz8._.js:2431
[  724670ms] [WARNING] The width(-1) and height(-1) of chart should be greater than 0,
       please check the style of container, or the props width(100%) and height(100%),
       or add a minWidth(0) or minHeight(undefined) or use aspect(undefined) to control the
       height and width. @ http://localhost:3000/_next/static/chunks/node_modules_next_dist_115brz8._.js:2431
[  724673ms] [WARNING] The width(-1) and height(-1) of chart should be greater than 0,
       please check the style of container, or the props width(100%) and height(100%),
       or add a minWidth(0) or minHeight(undefined) or use aspect(undefined) to control the
       height and width. @ http://localhost:3000/_next/static/chunks/node_modules_next_dist_115brz8._.js:2431
[  724673ms] [WARNING] The width(-1) and height(-1) of chart should be greater than 0,
       please check the style of container, or the props width(100%) and height(100%),
       or add a minWidth(0) or minHeight(undefined) or use aspect(undefined) to control the
       height and width. @ http://localhost:3000/_next/static/chunks/node_modules_next_dist_115brz8._.js:2431
[  724678ms] [WARNING] The width(-1) and height(-1) of chart should be greater than 0,
       please check the style of container, or the props width(100%) and height(100%),
       or add a minWidth(0) or minHeight(undefined) or use aspect(undefined) to control the
       height and width. @ http://localhost:3000/_next/static/chunks/node_modules_next_dist_115brz8._.js:2431
[  724678ms] [WARNING] The width(-1) and height(-1) of chart should be greater than 0,
       please check the style of container, or the props width(100%) and height(100%),
       or add a minWidth(0) or minHeight(undefined) or use aspect(undefined) to control the
       height and width. @ http://localhost:3000/_next/static/chunks/node_modules_next_dist_115brz8._.js:2431
[  724682ms] [WARNING] The width(-1) and height(-1) of chart should be greater than 0,
       please check the style of container, or the props width(100%) and height(100%),
       or add a minWidth(0) or minHeight(undefined) or use aspect(undefined) to control the
       height and width. @ http://localhost:3000/_next/static/chunks/node_modules_next_dist_115brz8._.js:2431
[  724683ms] [WARNING] The width(-1) and height(-1) of chart should be greater than 0,
       please check the style of container, or the props width(100%) and height(100%),
       or add a minWidth(0) or minHeight(undefined) or use aspect(undefined) to control the
       height and width. @ http://localhost:3000/_next/static/chunks/node_modules_next_dist_115brz8._.js:2431
[  724688ms] [WARNING] The width(-1) and height(-1) of chart should be greater than 0,
       please check the style of container, or the props width(100%) and height(100%),
       or add a minWidth(0) or minHeight(undefined) or use aspect(undefined) to control the
       height and width. @ http://localhost:3000/_next/static/chunks/node_modules_next_dist_115brz8._.js:2431
[  724689ms] [WARNING] The width(-1) and height(-1) of chart should be greater than 0,
       please check the style of container, or the props width(100%) and height(100%),
       or add a minWidth(0) or minHeight(undefined) or use aspect(undefined) to control the
       height and width. @ http://localhost:3000/_next/static/chunks/node_modules_next_dist_115brz8._.js:2431
[  724692ms] [WARNING] The width(-1) and height(-1) of chart should be greater than 0,
       please check the style of container, or the props width(100%) and height(100%),
       or add a minWidth(0) or minHeight(undefined) or use aspect(undefined) to control the
       height and width. @ http://localhost:3000/_next/static/chunks/node_modules_next_dist_115brz8._.js:2431
[  724693ms] [WARNING] The width(-1) and height(-1) of chart should be greater than 0,
       please check the style of container, or the props width(100%) and height(100%),
       or add a minWidth(0) or minHeight(undefined) or use aspect(undefined) to control the
       height and width. @ http://localhost:3000/_next/static/chunks/node_modules_next_dist_115brz8._.js:2431
[  725288ms] [INFO] Loading the script 'https://va.vercel-scripts.com/v1/script.debug.js' violates the following Content Security Policy directive: "script-src 'self' 'unsafe-inline' 'unsafe-eval'". Note that 'script-src-elem' was not explicitly set, so 'script-src' is used as a fallback. The policy is report-only, so the violation has been logged but no further action has been taken. @ http://localhost:3000/_next/static/chunks/node_modules_04laho7._.js:174
[  725294ms] [LOG] %c[Vercel Web Analytics]%c Debug mode is enabled by default in development. No requests will be sent to the server. color: rgb(120, 120, 120) color: inherit @ http://localhost:3000/_next/static/chunks/node_modules_next_dist_115brz8._.js:2431
[  725295ms] [LOG] %c[Vercel Web Analytics]%c Running queued event color: rgb(120, 120, 120) color: inherit pageview {route: /app/inventory/analytics, path: /app/inventory/analytics} @ http://localhost:3000/_next/static/chunks/node_modules_next_dist_115brz8._.js:2431
[  725296ms] [LOG] %c[Vercel Web Analytics]%c [view] http://localhost:3000/app/inventory/analytics color: rgb(120, 120, 120) color: inherit {o: http://localhost:3000/app/inventory/analytics, sv: 0.1.3, sdkn: @vercel/analytics/next, sdkv: 2.0.1, ts: 1787247509925} /_vercel/insights/view @ http://localhost:3000/_next/static/chunks/node_modules_next_dist_115brz8._.js:2431
[  727033ms] [INFO] %cDownload the React DevTools for a better development experience: https://react.dev/link/react-devtools font-weight:bold @ http://localhost:3000/_next/static/chunks/node_modules_next_dist_115brz8._.js:2431
[  727057ms] [LOG] [HMR] connected @ http://localhost:3000/_next/static/chunks/node_modules_next_dist_115brz8._.js:2431
[  727682ms] [INFO] Loading the script 'https://va.vercel-scripts.com/v1/script.debug.js' violates the following Content Security Policy directive: "script-src 'self' 'unsafe-inline' 'unsafe-eval'". Note that 'script-src-elem' was not explicitly set, so 'script-src' is used as a fallback. The policy is report-only, so the violation has been logged but no further action has been taken. @ http://localhost:3000/_next/static/chunks/node_modules_04laho7._.js:174
[  727684ms] [LOG] %c[Vercel Web Analytics]%c Debug mode is enabled by default in development. No requests will be sent to the server. color: rgb(120, 120, 120) color: inherit @ http://localhost:3000/_next/static/chunks/node_modules_next_dist_115brz8._.js:2431
[  727685ms] [LOG] %c[Vercel Web Analytics]%c Running queued event color: rgb(120, 120, 120) color: inherit pageview {route: /app/inventory/setup, path: /app/inventory/setup} @ http://localhost:3000/_next/static/chunks/node_modules_next_dist_115brz8._.js:2431
[  727686ms] [LOG] %c[Vercel Web Analytics]%c [view] http://localhost:3000/app/inventory/setup color: rgb(120, 120, 120) color: inherit {o: http://localhost:3000/app/inventory/setup, sv: 0.1.3, sdkn: @vercel/analytics/next, sdkv: 2.0.1, ts: 1787247512315} /_vercel/insights/view @ http://localhost:3000/_next/static/chunks/node_modules_next_dist_115brz8._.js:2431
[  729399ms] [INFO] %cDownload the React DevTools for a better development experience: https://react.dev/link/react-devtools font-weight:bold @ http://localhost:3000/_next/static/chunks/node_modules_next_dist_115brz8._.js:2431
[  729434ms] [LOG] [HMR] connected @ http://localhost:3000/_next/static/chunks/node_modules_next_dist_115brz8._.js:2431
[  730093ms] [INFO] Loading the script 'https://va.vercel-scripts.com/v1/script.debug.js' violates the following Content Security Policy directive: "script-src 'self' 'unsafe-inline' 'unsafe-eval'". Note that 'script-src-elem' was not explicitly set, so 'script-src' is used as a fallback. The policy is report-only, so the violation has been logged but no further action has been taken. @ http://localhost:3000/_next/static/chunks/node_modules_04laho7._.js:174
[  730095ms] [LOG] %c[Vercel Web Analytics]%c Debug mode is enabled by default in development. No requests will be sent to the server. color: rgb(120, 120, 120) color: inherit @ http://localhost:3000/_next/static/chunks/node_modules_next_dist_115brz8._.js:2431
[  730095ms] [LOG] %c[Vercel Web Analytics]%c Running queued event color: rgb(120, 120, 120) color: inherit pageview {route: /app/inventory/weigh, path: /app/inventory/weigh} @ http://localhost:3000/_next/static/chunks/node_modules_next_dist_115brz8._.js:2431
[  730096ms] [LOG] %c[Vercel Web Analytics]%c [view] http://localhost:3000/app/inventory/weigh color: rgb(120, 120, 120) color: inherit {o: http://localhost:3000/app/inventory/weigh, sv: 0.1.3, sdkn: @vercel/analytics/next, sdkv: 2.0.1, ts: 1787247514725} /_vercel/insights/view @ http://localhost:3000/_next/static/chunks/node_modules_next_dist_115brz8._.js:2431
[  731805ms] [INFO] %cDownload the React DevTools for a better development experience: https://react.dev/link/react-devtools font-weight:bold @ http://localhost:3000/_next/static/chunks/node_modules_next_dist_115brz8._.js:2431
[  731826ms] [LOG] [HMR] connected @ http://localhost:3000/_next/static/chunks/node_modules_next_dist_115brz8._.js:2431
[  732425ms] [INFO] Loading the script 'https://va.vercel-scripts.com/v1/script.debug.js' violates the following Content Security Policy directive: "script-src 'self' 'unsafe-inline' 'unsafe-eval'". Note that 'script-src-elem' was not explicitly set, so 'script-src' is used as a fallback. The policy is report-only, so the violation has been logged but no further action has been taken. @ http://localhost:3000/_next/static/chunks/node_modules_04laho7._.js:174
[  732426ms] [LOG] %c[Vercel Web Analytics]%c Debug mode is enabled by default in development. No requests will be sent to the server. color: rgb(120, 120, 120) color: inherit @ http://localhost:3000/_next/static/chunks/node_modules_next_dist_115brz8._.js:2431
[  732426ms] [LOG] %c[Vercel Web Analytics]%c Running queued event color: rgb(120, 120, 120) color: inherit pageview {route: /app/payroll, path: /app/payroll} @ http://localhost:3000/_next/static/chunks/node_modules_next_dist_115brz8._.js:2431
[  732426ms] [LOG] %c[Vercel Web Analytics]%c [view] http://localhost:3000/app/payroll color: rgb(120, 120, 120) color: inherit {o: http://localhost:3000/app/payroll, sv: 0.1.3, sdkn: @vercel/analytics/next, sdkv: 2.0.1, ts: 1787247517056} /_vercel/insights/view @ http://localhost:3000/_next/static/chunks/node_modules_next_dist_115brz8._.js:2431
[  732610ms] [WARNING] The width(-1) and height(-1) of chart should be greater than 0,
       please check the style of container, or the props width(100%) and height(100%),
       or add a minWidth(0) or minHeight(undefined) or use aspect(undefined) to control the
       height and width. @ http://localhost:3000/_next/static/chunks/node_modules_next_dist_115brz8._.js:2431
[  732610ms] [WARNING] The width(-1) and height(-1) of chart should be greater than 0,
       please check the style of container, or the props width(100%) and height(100%),
       or add a minWidth(0) or minHeight(undefined) or use aspect(undefined) to control the
       height and width. @ http://localhost:3000/_next/static/chunks/node_modules_next_dist_115brz8._.js:2431
[  734446ms] [INFO] %cDownload the React DevTools for a better development experience: https://react.dev/link/react-devtools font-weight:bold @ http://localhost:3000/_next/static/chunks/node_modules_next_dist_115brz8._.js:2431
[  734475ms] [LOG] [HMR] connected @ http://localhost:3000/_next/static/chunks/node_modules_next_dist_115brz8._.js:2431
[  735128ms] [INFO] Loading the script 'https://va.vercel-scripts.com/v1/script.debug.js' violates the following Content Security Policy directive: "script-src 'self' 'unsafe-inline' 'unsafe-eval'". Note that 'script-src-elem' was not explicitly set, so 'script-src' is used as a fallback. The policy is report-only, so the violation has been logged but no further action has been taken. @ http://localhost:3000/_next/static/chunks/node_modules_04laho7._.js:174
[  735129ms] [LOG] %c[Vercel Web Analytics]%c Debug mode is enabled by default in development. No requests will be sent to the server. color: rgb(120, 120, 120) color: inherit @ http://localhost:3000/_next/static/chunks/node_modules_next_dist_115brz8._.js:2431
[  735129ms] [LOG] %c[Vercel Web Analytics]%c Running queued event color: rgb(120, 120, 120) color: inherit pageview {route: /app/payroll/direct-deposit, path: /app/payroll/direct-deposit} @ http://localhost:3000/_next/static/chunks/node_modules_next_dist_115brz8._.js:2431
[  735130ms] [LOG] %c[Vercel Web Analytics]%c [view] http://localhost:3000/app/payroll/direct-deposit color: rgb(120, 120, 120) color: inherit {o: http://localhost:3000/app/payroll/direct-deposit, sv: 0.1.3, sdkn: @vercel/analytics/next, sdkv: 2.0.1, ts: 1787247519758} /_vercel/insights/view @ http://localhost:3000/_next/static/chunks/node_modules_next_dist_115brz8._.js:2431
[  736794ms] [INFO] %cDownload the React DevTools for a better development experience: https://react.dev/link/react-devtools font-weight:bold @ http://localhost:3000/_next/static/chunks/node_modules_next_dist_115brz8._.js:2431
[  736812ms] [LOG] [HMR] connected @ http://localhost:3000/_next/static/chunks/node_modules_next_dist_115brz8._.js:2431
[  737482ms] [INFO] Loading the script 'https://va.vercel-scripts.com/v1/script.debug.js' violates the following Content Security Policy directive: "script-src 'self' 'unsafe-inline' 'unsafe-eval'". Note that 'script-src-elem' was not explicitly set, so 'script-src' is used as a fallback. The policy is report-only, so the violation has been logged but no further action has been taken. @ http://localhost:3000/_next/static/chunks/node_modules_04laho7._.js:174
[  737484ms] [LOG] %c[Vercel Web Analytics]%c Debug mode is enabled by default in development. No requests will be sent to the server. color: rgb(120, 120, 120) color: inherit @ http://localhost:3000/_next/static/chunks/node_modules_next_dist_115brz8._.js:2431
[  737484ms] [LOG] %c[Vercel Web Analytics]%c Running queued event color: rgb(120, 120, 120) color: inherit pageview {route: /app/payroll/employees, path: /app/payroll/employees} @ http://localhost:3000/_next/static/chunks/node_modules_next_dist_115brz8._.js:2431
[  737485ms] [LOG] %c[Vercel Web Analytics]%c [view] http://localhost:3000/app/payroll/employees color: rgb(120, 120, 120) color: inherit {o: http://localhost:3000/app/payroll/employees, sv: 0.1.3, sdkn: @vercel/analytics/next, sdkv: 2.0.1, ts: 1787247522114} /_vercel/insights/view @ http://localhost:3000/_next/static/chunks/node_modules_next_dist_115brz8._.js:2431
[  739181ms] [INFO] %cDownload the React DevTools for a better development experience: https://react.dev/link/react-devtools font-weight:bold @ http://localhost:3000/_next/static/chunks/node_modules_next_dist_115brz8._.js:2431
[  739200ms] [LOG] [HMR] connected @ http://localhost:3000/_next/static/chunks/node_modules_next_dist_115brz8._.js:2431
[  739778ms] [INFO] Loading the script 'https://va.vercel-scripts.com/v1/script.debug.js' violates the following Content Security Policy directive: "script-src 'self' 'unsafe-inline' 'unsafe-eval'". Note that 'script-src-elem' was not explicitly set, so 'script-src' is used as a fallback. The policy is report-only, so the violation has been logged but no further action has been taken. @ http://localhost:3000/_next/static/chunks/node_modules_04laho7._.js:174
[  739781ms] [LOG] %c[Vercel Web Analytics]%c Debug mode is enabled by default in development. No requests will be sent to the server. color: rgb(120, 120, 120) color: inherit @ http://localhost:3000/_next/static/chunks/node_modules_next_dist_115brz8._.js:2431
[  739781ms] [LOG] %c[Vercel Web Analytics]%c Running queued event color: rgb(120, 120, 120) color: inherit pageview {route: /app/payroll/review, path: /app/payroll/review} @ http://localhost:3000/_next/static/chunks/node_modules_next_dist_115brz8._.js:2431
[  739781ms] [LOG] %c[Vercel Web Analytics]%c [view] http://localhost:3000/app/payroll/review color: rgb(120, 120, 120) color: inherit {o: http://localhost:3000/app/payroll/review, sv: 0.1.3, sdkn: @vercel/analytics/next, sdkv: 2.0.1, ts: 1787247524411} /_vercel/insights/view @ http://localhost:3000/_next/static/chunks/node_modules_next_dist_115brz8._.js:2431
[  741701ms] [INFO] %cDownload the React DevTools for a better development experience: https://react.dev/link/react-devtools font-weight:bold @ http://localhost:3000/_next/static/chunks/node_modules_next_dist_115brz8._.js:2431
[  741722ms] [LOG] [HMR] connected @ http://localhost:3000/_next/static/chunks/node_modules_next_dist_115brz8._.js:2431
[  743904ms] [INFO] Loading the script 'https://va.vercel-scripts.com/v1/script.debug.js' violates the following Content Security Policy directive: "script-src 'self' 'unsafe-inline' 'unsafe-eval'". Note that 'script-src-elem' was not explicitly set, so 'script-src' is used as a fallback. The policy is report-only, so the violation has been logged but no further action has been taken. @ http://localhost:3000/_next/static/chunks/node_modules_04laho7._.js:174
[  743907ms] [LOG] %c[Vercel Web Analytics]%c Debug mode is enabled by default in development. No requests will be sent to the server. color: rgb(120, 120, 120) color: inherit @ http://localhost:3000/_next/static/chunks/node_modules_next_dist_115brz8._.js:2431
[  743907ms] [LOG] %c[Vercel Web Analytics]%c Running queued event color: rgb(120, 120, 120) color: inherit pageview {route: /app/payroll/split, path: /app/payroll/split} @ http://localhost:3000/_next/static/chunks/node_modules_next_dist_115brz8._.js:2431
[  743907ms] [LOG] %c[Vercel Web Analytics]%c [view] http://localhost:3000/app/payroll/split color: rgb(120, 120, 120) color: inherit {o: http://localhost:3000/app/payroll/split, sv: 0.1.3, sdkn: @vercel/analytics/next, sdkv: 2.0.1, ts: 1787247528537} /_vercel/insights/view @ http://localhost:3000/_next/static/chunks/node_modules_next_dist_115brz8._.js:2431
[  745650ms] [INFO] %cDownload the React DevTools for a better development experience: https://react.dev/link/react-devtools font-weight:bold @ http://localhost:3000/_next/static/chunks/node_modules_next_dist_115brz8._.js:2431
[  745684ms] [LOG] [HMR] connected @ http://localhost:3000/_next/static/chunks/node_modules_next_dist_115brz8._.js:2431
[  746313ms] [INFO] Loading the script 'https://va.vercel-scripts.com/v1/script.debug.js' violates the following Content Security Policy directive: "script-src 'self' 'unsafe-inline' 'unsafe-eval'". Note that 'script-src-elem' was not explicitly set, so 'script-src' is used as a fallback. The policy is report-only, so the violation has been logged but no further action has been taken. @ http://localhost:3000/_next/static/chunks/node_modules_04laho7._.js:174
[  746316ms] [LOG] %c[Vercel Web Analytics]%c Debug mode is enabled by default in development. No requests will be sent to the server. color: rgb(120, 120, 120) color: inherit @ http://localhost:3000/_next/static/chunks/node_modules_next_dist_115brz8._.js:2431
[  746316ms] [LOG] %c[Vercel Web Analytics]%c Running queued event color: rgb(120, 120, 120) color: inherit pageview {route: /app/reps, path: /app/reps} @ http://localhost:3000/_next/static/chunks/node_modules_next_dist_115brz8._.js:2431
[  746316ms] [LOG] %c[Vercel Web Analytics]%c [view] http://localhost:3000/app/reps color: rgb(120, 120, 120) color: inherit {o: http://localhost:3000/app/reps, sv: 0.1.3, sdkn: @vercel/analytics/next, sdkv: 2.0.1, ts: 1787247530946} /_vercel/insights/view @ http://localhost:3000/_next/static/chunks/node_modules_next_dist_115brz8._.js:2431
[  748080ms] [INFO] %cDownload the React DevTools for a better development experience: https://react.dev/link/react-devtools font-weight:bold @ http://localhost:3000/_next/static/chunks/node_modules_next_dist_115brz8._.js:2431
[  748099ms] [LOG] [HMR] connected @ http://localhost:3000/_next/static/chunks/node_modules_next_dist_115brz8._.js:2431
[  748737ms] [INFO] Loading the script 'https://va.vercel-scripts.com/v1/script.debug.js' violates the following Content Security Policy directive: "script-src 'self' 'unsafe-inline' 'unsafe-eval'". Note that 'script-src-elem' was not explicitly set, so 'script-src' is used as a fallback. The policy is report-only, so the violation has been logged but no further action has been taken. @ http://localhost:3000/_next/static/chunks/node_modules_04laho7._.js:174
[  748739ms] [LOG] %c[Vercel Web Analytics]%c Debug mode is enabled by default in development. No requests will be sent to the server. color: rgb(120, 120, 120) color: inherit @ http://localhost:3000/_next/static/chunks/node_modules_next_dist_115brz8._.js:2431
[  748739ms] [LOG] %c[Vercel Web Analytics]%c Running queued event color: rgb(120, 120, 120) color: inherit pageview {route: /app/settings, path: /app/settings} @ http://localhost:3000/_next/static/chunks/node_modules_next_dist_115brz8._.js:2431
[  748739ms] [LOG] %c[Vercel Web Analytics]%c [view] http://localhost:3000/app/settings color: rgb(120, 120, 120) color: inherit {o: http://localhost:3000/app/settings, sv: 0.1.3, sdkn: @vercel/analytics/next, sdkv: 2.0.1, ts: 1787247533369} /_vercel/insights/view @ http://localhost:3000/_next/static/chunks/node_modules_next_dist_115brz8._.js:2431
[  750416ms] [INFO] %cDownload the React DevTools for a better development experience: https://react.dev/link/react-devtools font-weight:bold @ http://localhost:3000/_next/static/chunks/node_modules_next_dist_115brz8._.js:2431
[  750435ms] [LOG] [HMR] connected @ http://localhost:3000/_next/static/chunks/node_modules_next_dist_115brz8._.js:2431
[  751101ms] [INFO] Loading the script 'https://va.vercel-scripts.com/v1/script.debug.js' violates the following Content Security Policy directive: "script-src 'self' 'unsafe-inline' 'unsafe-eval'". Note that 'script-src-elem' was not explicitly set, so 'script-src' is used as a fallback. The policy is report-only, so the violation has been logged but no further action has been taken. @ http://localhost:3000/_next/static/chunks/node_modules_04laho7._.js:174
[  751102ms] [LOG] %c[Vercel Web Analytics]%c Debug mode is enabled by default in development. No requests will be sent to the server. color: rgb(120, 120, 120) color: inherit @ http://localhost:3000/_next/static/chunks/node_modules_next_dist_115brz8._.js:2431
[  751102ms] [LOG] %c[Vercel Web Analytics]%c Running queued event color: rgb(120, 120, 120) color: inherit pageview {route: /app/tax, path: /app/tax} @ http://localhost:3000/_next/static/chunks/node_modules_next_dist_115brz8._.js:2431
[  751102ms] [LOG] %c[Vercel Web Analytics]%c [view] http://localhost:3000/app/tax color: rgb(120, 120, 120) color: inherit {o: http://localhost:3000/app/tax, sv: 0.1.3, sdkn: @vercel/analytics/next, sdkv: 2.0.1, ts: 1787247535731} /_vercel/insights/view @ http://localhost:3000/_next/static/chunks/node_modules_next_dist_115brz8._.js:2431
[  752818ms] [INFO] %cDownload the React DevTools for a better development experience: https://react.dev/link/react-devtools font-weight:bold @ http://localhost:3000/_next/static/chunks/node_modules_next_dist_115brz8._.js:2431
[  752831ms] [LOG] [HMR] connected @ http://localhost:3000/_next/static/chunks/node_modules_next_dist_115brz8._.js:2431
[  753116ms] [WARNING] The width(-1) and height(-1) of chart should be greater than 0,
       please check the style of container, or the props width(100%) and height(100%),
       or add a minWidth(0) or minHeight(undefined) or use aspect(undefined) to control the
       height and width. @ http://localhost:3000/_next/static/chunks/node_modules_next_dist_115brz8._.js:2431
[  753117ms] [WARNING] The width(-1) and height(-1) of chart should be greater than 0,
       please check the style of container, or the props width(100%) and height(100%),
       or add a minWidth(0) or minHeight(undefined) or use aspect(undefined) to control the
       height and width. @ http://localhost:3000/_next/static/chunks/node_modules_next_dist_115brz8._.js:2431
[  753370ms] [INFO] Loading the script 'https://va.vercel-scripts.com/v1/script.debug.js' violates the following Content Security Policy directive: "script-src 'self' 'unsafe-inline' 'unsafe-eval'". Note that 'script-src-elem' was not explicitly set, so 'script-src' is used as a fallback. The policy is report-only, so the violation has been logged but no further action has been taken. @ http://localhost:3000/_next/static/chunks/node_modules_04laho7._.js:174
[  753372ms] [LOG] %c[Vercel Web Analytics]%c Debug mode is enabled by default in development. No requests will be sent to the server. color: rgb(120, 120, 120) color: inherit @ http://localhost:3000/_next/static/chunks/node_modules_next_dist_115brz8._.js:2431
[  753372ms] [LOG] %c[Vercel Web Analytics]%c Running queued event color: rgb(120, 120, 120) color: inherit pageview {route: /app/tips, path: /app/tips} @ http://localhost:3000/_next/static/chunks/node_modules_next_dist_115brz8._.js:2431
[  753373ms] [LOG] %c[Vercel Web Analytics]%c [view] http://localhost:3000/app/tips color: rgb(120, 120, 120) color: inherit {o: http://localhost:3000/app/tips, sv: 0.1.3, sdkn: @vercel/analytics/next, sdkv: 2.0.1, ts: 1787247538002} /_vercel/insights/view @ http://localhost:3000/_next/static/chunks/node_modules_next_dist_115brz8._.js:2431
[  755081ms] [INFO] %cDownload the React DevTools for a better development experience: https://react.dev/link/react-devtools font-weight:bold @ http://localhost:3000/_next/static/chunks/node_modules_next_dist_115brz8._.js:2431
[  755113ms] [LOG] [HMR] connected @ http://localhost:3000/_next/static/chunks/node_modules_next_dist_115brz8._.js:2431
[  755652ms] [INFO] Loading the script 'https://va.vercel-scripts.com/v1/script.debug.js' violates the following Content Security Policy directive: "script-src 'self' 'unsafe-inline' 'unsafe-eval'". Note that 'script-src-elem' was not explicitly set, so 'script-src' is used as a fallback. The policy is report-only, so the violation has been logged but no further action has been taken. @ http://localhost:3000/_next/static/chunks/node_modules_04laho7._.js:174
[  755653ms] [LOG] %c[Vercel Web Analytics]%c Debug mode is enabled by default in development. No requests will be sent to the server. color: rgb(120, 120, 120) color: inherit @ http://localhost:3000/_next/static/chunks/node_modules_next_dist_115brz8._.js:2431
[  755653ms] [LOG] %c[Vercel Web Analytics]%c Running queued event color: rgb(120, 120, 120) color: inherit pageview {route: /app/books, path: /app/books} @ http://localhost:3000/_next/static/chunks/node_modules_next_dist_115brz8._.js:2431
[  755653ms] [LOG] %c[Vercel Web Analytics]%c [view] http://localhost:3000/app/books color: rgb(120, 120, 120) color: inherit {o: http://localhost:3000/app/books, sv: 0.1.3, sdkn: @vercel/analytics/next, sdkv: 2.0.1, ts: 1787247540283} /_vercel/insights/view @ http://localhost:3000/_next/static/chunks/node_modules_next_dist_115brz8._.js:2431
[  755760ms] [WARNING] The width(-1) and height(-1) of chart should be greater than 0,
       please check the style of container, or the props width(100%) and height(100%),
       or add a minWidth(0) or minHeight(undefined) or use aspect(undefined) to control the
       height and width. @ http://localhost:3000/_next/static/chunks/node_modules_next_dist_115brz8._.js:2431
[  755760ms] [WARNING] The width(-1) and height(-1) of chart should be greater than 0,
       please check the style of container, or the props width(100%) and height(100%),
       or add a minWidth(0) or minHeight(undefined) or use aspect(undefined) to control the
       height and width. @ http://localhost:3000/_next/static/chunks/node_modules_next_dist_115brz8._.js:2431
[  755762ms] [WARNING] The width(-1) and height(-1) of chart should be greater than 0,
       please check the style of container, or the props width(100%) and height(100%),
       or add a minWidth(0) or minHeight(undefined) or use aspect(undefined) to control the
       height and width. @ http://localhost:3000/_next/static/chunks/node_modules_next_dist_115brz8._.js:2431
[  755763ms] [WARNING] The width(-1) and height(-1) of chart should be greater than 0,
       please check the style of container, or the props width(100%) and height(100%),
       or add a minWidth(0) or minHeight(undefined) or use aspect(undefined) to control the
       height and width. @ http://localhost:3000/_next/static/chunks/node_modules_next_dist_115brz8._.js:2431
[  781031ms] [INFO] %cDownload the React DevTools for a better development experience: https://react.dev/link/react-devtools font-weight:bold @ http://localhost:3000/_next/static/chunks/node_modules_next_dist_115brz8._.js:2431
[  781054ms] [LOG] [HMR] connected @ http://localhost:3000/_next/static/chunks/node_modules_next_dist_115brz8._.js:2431
[  781350ms] [WARNING] The width(-1) and height(-1) of chart should be greater than 0,
       please check the style of container, or the props width(100%) and height(100%),
       or add a minWidth(0) or minHeight(undefined) or use aspect(undefined) to control the
       height and width. @ http://localhost:3000/_next/static/chunks/node_modules_next_dist_115brz8._.js:2431
[  781351ms] [WARNING] The width(-1) and height(-1) of chart should be greater than 0,
       please check the style of container, or the props width(100%) and height(100%),
       or add a minWidth(0) or minHeight(undefined) or use aspect(undefined) to control the
       height and width. @ http://localhost:3000/_next/static/chunks/node_modules_next_dist_115brz8._.js:2431
[  781354ms] [WARNING] The width(-1) and height(-1) of chart should be greater than 0,
       please check the style of container, or the props width(100%) and height(100%),
       or add a minWidth(0) or minHeight(undefined) or use aspect(undefined) to control the
       height and width. @ http://localhost:3000/_next/static/chunks/node_modules_next_dist_115brz8._.js:2431
[  781354ms] [WARNING] The width(-1) and height(-1) of chart should be greater than 0,
       please check the style of container, or the props width(100%) and height(100%),
       or add a minWidth(0) or minHeight(undefined) or use aspect(undefined) to control the
       height and width. @ http://localhost:3000/_next/static/chunks/node_modules_next_dist_115brz8._.js:2431
[  781359ms] [WARNING] The width(-1) and height(-1) of chart should be greater than 0,
       please check the style of container, or the props width(100%) and height(100%),
       or add a minWidth(0) or minHeight(undefined) or use aspect(undefined) to control the
       height and width. @ http://localhost:3000/_next/static/chunks/node_modules_next_dist_115brz8._.js:2431
[  781360ms] [WARNING] The width(-1) and height(-1) of chart should be greater than 0,
       please check the style of container, or the props width(100%) and height(100%),
       or add a minWidth(0) or minHeight(undefined) or use aspect(undefined) to control the
       height and width. @ http://localhost:3000/_next/static/chunks/node_modules_next_dist_115brz8._.js:2431
[  781363ms] [WARNING] The width(-1) and height(-1) of chart should be greater than 0,
       please check the style of container, or the props width(100%) and height(100%),
       or add a minWidth(0) or minHeight(undefined) or use aspect(undefined) to control the
       height and width. @ http://localhost:3000/_next/static/chunks/node_modules_next_dist_115brz8._.js:2431
[  781363ms] [WARNING] The width(-1) and height(-1) of chart should be greater than 0,
       please check the style of container, or the props width(100%) and height(100%),
       or add a minWidth(0) or minHeight(undefined) or use aspect(undefined) to control the
       height and width. @ http://localhost:3000/_next/static/chunks/node_modules_next_dist_115brz8._.js:2431
[  781366ms] [WARNING] The width(-1) and height(-1) of chart should be greater than 0,
       please check the style of container, or the props width(100%) and height(100%),
       or add a minWidth(0) or minHeight(undefined) or use aspect(undefined) to control the
       height and width. @ http://localhost:3000/_next/static/chunks/node_modules_next_dist_115brz8._.js:2431
[  781366ms] [WARNING] The width(-1) and height(-1) of chart should be greater than 0,
       please check the style of container, or the props width(100%) and height(100%),
       or add a minWidth(0) or minHeight(undefined) or use aspect(undefined) to control the
       height and width. @ http://localhost:3000/_next/static/chunks/node_modules_next_dist_115brz8._.js:2431
[  781368ms] [WARNING] The width(-1) and height(-1) of chart should be greater than 0,
       please check the style of container, or the props width(100%) and height(100%),
       or add a minWidth(0) or minHeight(undefined) or use aspect(undefined) to control the
       height and width. @ http://localhost:3000/_next/static/chunks/node_modules_next_dist_115brz8._.js:2431
[  781369ms] [WARNING] The width(-1) and height(-1) of chart should be greater than 0,
       please check the style of container, or the props width(100%) and height(100%),
       or add a minWidth(0) or minHeight(undefined) or use aspect(undefined) to control the
       height and width. @ http://localhost:3000/_next/static/chunks/node_modules_next_dist_115brz8._.js:2431
[  781830ms] [INFO] Loading the script 'https://va.vercel-scripts.com/v1/script.debug.js' violates the following Content Security Policy directive: "script-src 'self' 'unsafe-inline' 'unsafe-eval'". Note that 'script-src-elem' was not explicitly set, so 'script-src' is used as a fallback. The policy is report-only, so the violation has been logged but no further action has been taken. @ http://localhost:3000/_next/static/chunks/node_modules_04laho7._.js:174
[  781836ms] [LOG] %c[Vercel Web Analytics]%c Debug mode is enabled by default in development. No requests will be sent to the server. color: rgb(120, 120, 120) color: inherit @ http://localhost:3000/_next/static/chunks/node_modules_next_dist_115brz8._.js:2431
[  781837ms] [LOG] %c[Vercel Web Analytics]%c Running queued event color: rgb(120, 120, 120) color: inherit pageview {route: /app/inventory/analytics, path: /app/inventory/analytics} @ http://localhost:3000/_next/static/chunks/node_modules_next_dist_115brz8._.js:2431
[  781837ms] [LOG] %c[Vercel Web Analytics]%c [view] http://localhost:3000/app/inventory/analytics color: rgb(120, 120, 120) color: inherit {o: http://localhost:3000/app/inventory/analytics, sv: 0.1.3, sdkn: @vercel/analytics/next, sdkv: 2.0.1, ts: 1787247566466} /_vercel/insights/view @ http://localhost:3000/_next/static/chunks/node_modules_next_dist_115brz8._.js:2431
[  783277ms] [INFO] %cDownload the React DevTools for a better development experience: https://react.dev/link/react-devtools font-weight:bold @ http://localhost:3000/_next/static/chunks/node_modules_next_dist_115brz8._.js:2431
[  783301ms] [LOG] [HMR] connected @ http://localhost:3000/_next/static/chunks/node_modules_next_dist_115brz8._.js:2431
[  783699ms] [WARNING] The width(-1) and height(-1) of chart should be greater than 0,
       please check the style of container, or the props width(100%) and height(100%),
       or add a minWidth(0) or minHeight(undefined) or use aspect(undefined) to control the
       height and width. @ http://localhost:3000/_next/static/chunks/node_modules_next_dist_115brz8._.js:2431
[  783699ms] [WARNING] The width(-1) and height(-1) of chart should be greater than 0,
       please check the style of container, or the props width(100%) and height(100%),
       or add a minWidth(0) or minHeight(undefined) or use aspect(undefined) to control the
       height and width. @ http://localhost:3000/_next/static/chunks/node_modules_next_dist_115brz8._.js:2431
[  783929ms] [INFO] Loading the script 'https://va.vercel-scripts.com/v1/script.debug.js' violates the following Content Security Policy directive: "script-src 'self' 'unsafe-inline' 'unsafe-eval'". Note that 'script-src-elem' was not explicitly set, so 'script-src' is used as a fallback. The policy is report-only, so the violation has been logged but no further action has been taken. @ http://localhost:3000/_next/static/chunks/node_modules_04laho7._.js:174
[  783941ms] [LOG] %c[Vercel Web Analytics]%c Debug mode is enabled by default in development. No requests will be sent to the server. color: rgb(120, 120, 120) color: inherit @ http://localhost:3000/_next/static/chunks/node_modules_next_dist_115brz8._.js:2431
[  783941ms] [LOG] %c[Vercel Web Analytics]%c Running queued event color: rgb(120, 120, 120) color: inherit pageview {route: /app/dashboard, path: /app/dashboard} @ http://localhost:3000/_next/static/chunks/node_modules_next_dist_115brz8._.js:2431
[  783941ms] [LOG] %c[Vercel Web Analytics]%c [view] http://localhost:3000/app/dashboard color: rgb(120, 120, 120) color: inherit {o: http://localhost:3000/app/dashboard, sv: 0.1.3, sdkn: @vercel/analytics/next, sdkv: 2.0.1, ts: 1787247568571} /_vercel/insights/view @ http://localhost:3000/_next/static/chunks/node_modules_next_dist_115brz8._.js:2431
[  839379ms] [LOG] [Fast Refresh] rebuilding @ http://localhost:3000/_next/static/chunks/node_modules_next_dist_115brz8._.js:2431
[  839514ms] [LOG] [Fast Refresh] done in 242ms @ http://localhost:3000/_next/static/chunks/node_modules_next_dist_115brz8._.js:2431
[  839847ms] [LOG] [Fast Refresh] rebuilding @ http://localhost:3000/_next/static/chunks/node_modules_next_dist_115brz8._.js:2431
[  839973ms] [LOG] [Fast Refresh] done in 234ms @ http://localhost:3000/_next/static/chunks/node_modules_next_dist_115brz8._.js:2431
[  840113ms] [LOG] [Fast Refresh] rebuilding @ http://localhost:3000/_next/static/chunks/node_modules_next_dist_115brz8._.js:2431
[  840218ms] [LOG] [Fast Refresh] done in 216ms @ http://localhost:3000/_next/static/chunks/node_modules_next_dist_115brz8._.js:2431
[  851358ms] [LOG] [Fast Refresh] rebuilding @ http://localhost:3000/_next/static/chunks/node_modules_next_dist_115brz8._.js:2431
[  851403ms] [LOG] [Fast Refresh] done in 155ms @ http://localhost:3000/_next/static/chunks/node_modules_next_dist_115brz8._.js:2431
[  851779ms] [LOG] [Fast Refresh] rebuilding @ http://localhost:3000/_next/static/chunks/node_modules_next_dist_115brz8._.js:2431
[  851861ms] [LOG] [Fast Refresh] done in 188ms @ http://localhost:3000/_next/static/chunks/node_modules_next_dist_115brz8._.js:2431
[  851998ms] [LOG] [Fast Refresh] rebuilding @ http://localhost:3000/_next/static/chunks/node_modules_next_dist_115brz8._.js:2431
[  852023ms] [LOG] [Fast Refresh] done in 137ms @ http://localhost:3000/_next/static/chunks/node_modules_next_dist_115brz8._.js:2431
[  852152ms] [LOG] [Fast Refresh] rebuilding @ http://localhost:3000/_next/static/chunks/node_modules_next_dist_115brz8._.js:2431
[  852168ms] [LOG] [Fast Refresh] done in 128ms @ http://localhost:3000/_next/static/chunks/node_modules_next_dist_115brz8._.js:2431
[  871027ms] [LOG] [Fast Refresh] rebuilding @ http://localhost:3000/_next/static/chunks/node_modules_next_dist_115brz8._.js:2431
[  871179ms] [LOG] [Fast Refresh] done in 266ms @ http://localhost:3000/_next/static/chunks/node_modules_next_dist_115brz8._.js:2431
[  871582ms] [INFO] %cDownload the React DevTools for a better development experience: https://react.dev/link/react-devtools font-weight:bold @ http://localhost:3000/_next/static/chunks/node_modules_next_dist_115brz8._.js:2431
[  871608ms] [LOG] [HMR] connected @ http://localhost:3000/_next/static/chunks/node_modules_next_dist_115brz8._.js:2431
[  871895ms] [WARNING] The width(-1) and height(-1) of chart should be greater than 0,
       please check the style of container, or the props width(100%) and height(100%),
       or add a minWidth(0) or minHeight(undefined) or use aspect(undefined) to control the
       height and width. @ http://localhost:3000/_next/static/chunks/node_modules_next_dist_115brz8._.js:2431
[  871896ms] [WARNING] The width(-1) and height(-1) of chart should be greater than 0,
       please check the style of container, or the props width(100%) and height(100%),
       or add a minWidth(0) or minHeight(undefined) or use aspect(undefined) to control the
       height and width. @ http://localhost:3000/_next/static/chunks/node_modules_next_dist_115brz8._.js:2431
[  872181ms] [INFO] Loading the script 'https://va.vercel-scripts.com/v1/script.debug.js' violates the following Content Security Policy directive: "script-src 'self' 'unsafe-inline' 'unsafe-eval'". Note that 'script-src-elem' was not explicitly set, so 'script-src' is used as a fallback. The policy is report-only, so the violation has been logged but no further action has been taken. @ http://localhost:3000/_next/static/chunks/node_modules_04laho7._.js:174
[  872184ms] [LOG] %c[Vercel Web Analytics]%c Debug mode is enabled by default in development. No requests will be sent to the server. color: rgb(120, 120, 120) color: inherit @ http://localhost:3000/_next/static/chunks/node_modules_next_dist_115brz8._.js:2431
[  872185ms] [LOG] %c[Vercel Web Analytics]%c Running queued event color: rgb(120, 120, 120) color: inherit pageview {route: /app/dashboard, path: /app/dashboard} @ http://localhost:3000/_next/static/chunks/node_modules_next_dist_115brz8._.js:2431
[  872185ms] [LOG] %c[Vercel Web Analytics]%c [view] http://localhost:3000/app/dashboard color: rgb(120, 120, 120) color: inherit {o: http://localhost:3000/app/dashboard, sv: 0.1.3, sdkn: @vercel/analytics/next, sdkv: 2.0.1, ts: 1787247656814} /_vercel/insights/view @ http://localhost:3000/_next/static/chunks/node_modules_next_dist_115brz8._.js:2431
[  873595ms] [LOG] [Fast Refresh] rebuilding @ http://localhost:3000/_next/static/chunks/node_modules_next_dist_115brz8._.js:2431
[  873643ms] [LOG] [Fast Refresh] done in 151ms @ http://localhost:3000/_next/static/chunks/node_modules_next_dist_115brz8._.js:2431
[  873985ms] [INFO] %cDownload the React DevTools for a better development experience: https://react.dev/link/react-devtools font-weight:bold @ http://localhost:3000/_next/static/chunks/node_modules_next_dist_115brz8._.js:2431
[  874019ms] [LOG] [HMR] connected @ http://localhost:3000/_next/static/chunks/node_modules_next_dist_115brz8._.js:2431
[  874846ms] [INFO] Loading the script 'https://va.vercel-scripts.com/v1/script.debug.js' violates the following Content Security Policy directive: "script-src 'self' 'unsafe-inline' 'unsafe-eval'". Note that 'script-src-elem' was not explicitly set, so 'script-src' is used as a fallback. The policy is report-only, so the violation has been logged but no further action has been taken. @ http://localhost:3000/_next/static/chunks/node_modules_04laho7._.js:174
[  874848ms] [LOG] %c[Vercel Web Analytics]%c Debug mode is enabled by default in development. No requests will be sent to the server. color: rgb(120, 120, 120) color: inherit @ http://localhost:3000/_next/static/chunks/node_modules_next_dist_115brz8._.js:2431
[  874849ms] [LOG] %c[Vercel Web Analytics]%c Running queued event color: rgb(120, 120, 120) color: inherit pageview {route: /app/inventory, path: /app/inventory} @ http://localhost:3000/_next/static/chunks/node_modules_next_dist_115brz8._.js:2431
[  874850ms] [LOG] %c[Vercel Web Analytics]%c [view] http://localhost:3000/app/inventory color: rgb(120, 120, 120) color: inherit {o: http://localhost:3000/app/inventory, sv: 0.1.3, sdkn: @vercel/analytics/next, sdkv: 2.0.1, ts: 1787247659479} /_vercel/insights/view @ http://localhost:3000/_next/static/chunks/node_modules_next_dist_115brz8._.js:2431
[  876262ms] [LOG] [Fast Refresh] rebuilding @ http://localhost:3000/_next/static/chunks/node_modules_next_dist_115brz8._.js:2431
[  876618ms] [LOG] [Fast Refresh] done in 458ms @ http://localhost:3000/_next/static/chunks/node_modules_next_dist_115brz8._.js:2431
[  876963ms] [INFO] %cDownload the React DevTools for a better development experience: https://react.dev/link/react-devtools font-weight:bold @ http://localhost:3000/_next/static/chunks/node_modules_next_dist_115brz8._.js:2431
[  876987ms] [LOG] [HMR] connected @ http://localhost:3000/_next/static/chunks/node_modules_next_dist_115brz8._.js:2431
[  877247ms] [WARNING] The width(-1) and height(-1) of chart should be greater than 0,
       please check the style of container, or the props width(100%) and height(100%),
       or add a minWidth(0) or minHeight(undefined) or use aspect(undefined) to control the
       height and width. @ http://localhost:3000/_next/static/chunks/node_modules_next_dist_115brz8._.js:2431
[  877248ms] [WARNING] The width(-1) and height(-1) of chart should be greater than 0,
       please check the style of container, or the props width(100%) and height(100%),
       or add a minWidth(0) or minHeight(undefined) or use aspect(undefined) to control the
       height and width. @ http://localhost:3000/_next/static/chunks/node_modules_next_dist_115brz8._.js:2431
[  877251ms] [WARNING] The width(-1) and height(-1) of chart should be greater than 0,
       please check the style of container, or the props width(100%) and height(100%),
       or add a minWidth(0) or minHeight(undefined) or use aspect(undefined) to control the
       height and width. @ http://localhost:3000/_next/static/chunks/node_modules_next_dist_115brz8._.js:2431
[  877251ms] [WARNING] The width(-1) and height(-1) of chart should be greater than 0,
       please check the style of container, or the props width(100%) and height(100%),
       or add a minWidth(0) or minHeight(undefined) or use aspect(undefined) to control the
       height and width. @ http://localhost:3000/_next/static/chunks/node_modules_next_dist_115brz8._.js:2431
[  877257ms] [WARNING] The width(-1) and height(-1) of chart should be greater than 0,
       please check the style of container, or the props width(100%) and height(100%),
       or add a minWidth(0) or minHeight(undefined) or use aspect(undefined) to control the
       height and width. @ http://localhost:3000/_next/static/chunks/node_modules_next_dist_115brz8._.js:2431
[  877257ms] [WARNING] The width(-1) and height(-1) of chart should be greater than 0,
       please check the style of container, or the props width(100%) and height(100%),
       or add a minWidth(0) or minHeight(undefined) or use aspect(undefined) to control the
       height and width. @ http://localhost:3000/_next/static/chunks/node_modules_next_dist_115brz8._.js:2431
[  877260ms] [WARNING] The width(-1) and height(-1) of chart should be greater than 0,
       please check the style of container, or the props width(100%) and height(100%),
       or add a minWidth(0) or minHeight(undefined) or use aspect(undefined) to control the
       height and width. @ http://localhost:3000/_next/static/chunks/node_modules_next_dist_115brz8._.js:2431
[  877261ms] [WARNING] The width(-1) and height(-1) of chart should be greater than 0,
       please check the style of container, or the props width(100%) and height(100%),
       or add a minWidth(0) or minHeight(undefined) or use aspect(undefined) to control the
       height and width. @ http://localhost:3000/_next/static/chunks/node_modules_next_dist_115brz8._.js:2431
[  877263ms] [WARNING] The width(-1) and height(-1) of chart should be greater than 0,
       please check the style of container, or the props width(100%) and height(100%),
       or add a minWidth(0) or minHeight(undefined) or use aspect(undefined) to control the
       height and width. @ http://localhost:3000/_next/static/chunks/node_modules_next_dist_115brz8._.js:2431
[  877263ms] [WARNING] The width(-1) and height(-1) of chart should be greater than 0,
       please check the style of container, or the props width(100%) and height(100%),
       or add a minWidth(0) or minHeight(undefined) or use aspect(undefined) to control the
       height and width. @ http://localhost:3000/_next/static/chunks/node_modules_next_dist_115brz8._.js:2431
[  877266ms] [WARNING] The width(-1) and height(-1) of chart should be greater than 0,
       please check the style of container, or the props width(100%) and height(100%),
       or add a minWidth(0) or minHeight(undefined) or use aspect(undefined) to control the
       height and width. @ http://localhost:3000/_next/static/chunks/node_modules_next_dist_115brz8._.js:2431
[  877266ms] [WARNING] The width(-1) and height(-1) of chart should be greater than 0,
       please check the style of container, or the props width(100%) and height(100%),
       or add a minWidth(0) or minHeight(undefined) or use aspect(undefined) to control the
       height and width. @ http://localhost:3000/_next/static/chunks/node_modules_next_dist_115brz8._.js:2431
[  877717ms] [INFO] Loading the script 'https://va.vercel-scripts.com/v1/script.debug.js' violates the following Content Security Policy directive: "script-src 'self' 'unsafe-inline' 'unsafe-eval'". Note that 'script-src-elem' was not explicitly set, so 'script-src' is used as a fallback. The policy is report-only, so the violation has been logged but no further action has been taken. @ http://localhost:3000/_next/static/chunks/node_modules_04laho7._.js:174
[  877720ms] [LOG] %c[Vercel Web Analytics]%c Debug mode is enabled by default in development. No requests will be sent to the server. color: rgb(120, 120, 120) color: inherit @ http://localhost:3000/_next/static/chunks/node_modules_next_dist_115brz8._.js:2431
[  877721ms] [LOG] %c[Vercel Web Analytics]%c Running queued event color: rgb(120, 120, 120) color: inherit pageview {route: /app/inventory/analytics, path: /app/inventory/analytics} @ http://localhost:3000/_next/static/chunks/node_modules_next_dist_115brz8._.js:2431
[  877722ms] [LOG] %c[Vercel Web Analytics]%c [view] http://localhost:3000/app/inventory/analytics color: rgb(120, 120, 120) color: inherit {o: http://localhost:3000/app/inventory/analytics, sv: 0.1.3, sdkn: @vercel/analytics/next, sdkv: 2.0.1, ts: 1787247662350} /_vercel/insights/view @ http://localhost:3000/_next/static/chunks/node_modules_next_dist_115brz8._.js:2431
[  879413ms] [INFO] %cDownload the React DevTools for a better development experience: https://react.dev/link/react-devtools font-weight:bold @ http://localhost:3000/_next/static/chunks/node_modules_next_dist_115brz8._.js:2431
[  879429ms] [LOG] [HMR] connected @ http://localhost:3000/_next/static/chunks/node_modules_next_dist_115brz8._.js:2431
[  880020ms] [INFO] Loading the script 'https://va.vercel-scripts.com/v1/script.debug.js' violates the following Content Security Policy directive: "script-src 'self' 'unsafe-inline' 'unsafe-eval'". Note that 'script-src-elem' was not explicitly set, so 'script-src' is used as a fallback. The policy is report-only, so the violation has been logged but no further action has been taken. @ http://localhost:3000/_next/static/chunks/node_modules_04laho7._.js:174
[  880022ms] [LOG] %c[Vercel Web Analytics]%c Debug mode is enabled by default in development. No requests will be sent to the server. color: rgb(120, 120, 120) color: inherit @ http://localhost:3000/_next/static/chunks/node_modules_next_dist_115brz8._.js:2431
[  880022ms] [LOG] %c[Vercel Web Analytics]%c Running queued event color: rgb(120, 120, 120) color: inherit pageview {route: /app/inventory/setup, path: /app/inventory/setup} @ http://localhost:3000/_next/static/chunks/node_modules_next_dist_115brz8._.js:2431
[  880023ms] [LOG] %c[Vercel Web Analytics]%c [view] http://localhost:3000/app/inventory/setup color: rgb(120, 120, 120) color: inherit {o: http://localhost:3000/app/inventory/setup, sv: 0.1.3, sdkn: @vercel/analytics/next, sdkv: 2.0.1, ts: 1787247664652} /_vercel/insights/view @ http://localhost:3000/_next/static/chunks/node_modules_next_dist_115brz8._.js:2431
[  881756ms] [INFO] %cDownload the React DevTools for a better development experience: https://react.dev/link/react-devtools font-weight:bold @ http://localhost:3000/_next/static/chunks/node_modules_next_dist_115brz8._.js:2431
[  881784ms] [LOG] [HMR] connected @ http://localhost:3000/_next/static/chunks/node_modules_next_dist_115brz8._.js:2431
